04-Jun-2026 14:56:36.497 INFO [main] org.apache.catalina.startup.VersionLoggerListener.log Server version name:   Apache Tomcat/9.0.118
04-Jun-2026 14:56:36.513 INFO [main] org.apache.catalina.startup.VersionLoggerListener.log Server built:          May 1 2026 19:30:30 UTC
04-Jun-2026 14:56:36.513 INFO [main] org.apache.catalina.startup.VersionLoggerListener.log Server version number: 9.0.118.0
04-Jun-2026 14:56:36.513 INFO [main] org.apache.catalina.startup.VersionLoggerListener.log OS Name:               Windows 10
04-Jun-2026 14:56:36.513 INFO [main] org.apache.catalina.startup.VersionLoggerListener.log OS Version:            10.0
04-Jun-2026 14:56:36.513 INFO [main] org.apache.catalina.startup.VersionLoggerListener.log Architecture:          amd64
04-Jun-2026 14:56:36.513 INFO [main] org.apache.catalina.startup.VersionLoggerListener.log Java Home:             C:\Program Files\Java\jdk1.8.0_202\jre
04-Jun-2026 14:56:36.513 INFO [main] org.apache.catalina.startup.VersionLoggerListener.log JVM Version:           1.8.0_202-b08
04-Jun-2026 14:56:36.513 INFO [main] org.apache.catalina.startup.VersionLoggerListener.log JVM Vendor:            Oracle Corporation
04-Jun-2026 14:56:36.513 INFO [main] org.apache.catalina.startup.VersionLoggerListener.log CATALINA_BASE:         D:\evan\yen\hardening_tomcat9\apache-tomcat-9.0.118
04-Jun-2026 14:56:36.513 INFO [main] org.apache.catalina.startup.VersionLoggerListener.log CATALINA_HOME:         D:\evan\yen\hardening_tomcat9\apache-tomcat-9.0.118
04-Jun-2026 14:56:36.513 INFO [main] org.apache.catalina.startup.VersionLoggerListener.log Command line argument: -Djava.util.logging.config.file=D:\evan\yen\hardening_tomcat9\apache-tomcat-9.0.118\conf\logging.properties
04-Jun-2026 14:56:36.513 INFO [main] org.apache.catalina.startup.VersionLoggerListener.log Command line argument: -Djava.util.logging.manager=org.apache.juli.ClassLoaderLogManager
04-Jun-2026 14:56:36.513 INFO [main] org.apache.catalina.startup.VersionLoggerListener.log Command line argument: -Djdk.tls.ephemeralDHKeySize=2048
04-Jun-2026 14:56:36.513 INFO [main] org.apache.catalina.startup.VersionLoggerListener.log Command line argument: -Djava.protocol.handler.pkgs=org.apache.catalina.webresources
04-Jun-2026 14:56:36.513 INFO [main] org.apache.catalina.startup.VersionLoggerListener.log Command line argument: -Dsun.io.useCanonCaches=false
04-Jun-2026 14:56:36.513 INFO [main] org.apache.catalina.startup.VersionLoggerListener.log Command line argument: -Dignore.endorsed.dirs=
04-Jun-2026 14:56:36.513 INFO [main] org.apache.catalina.startup.VersionLoggerListener.log Command line argument: -Dcatalina.base=D:\evan\yen\hardening_tomcat9\apache-tomcat-9.0.118
04-Jun-2026 14:56:36.521 INFO [main] org.apache.catalina.startup.VersionLoggerListener.log Command line argument: -Dcatalina.home=D:\evan\yen\hardening_tomcat9\apache-tomcat-9.0.118
04-Jun-2026 14:56:36.521 INFO [main] org.apache.catalina.startup.VersionLoggerListener.log Command line argument: -Djava.io.tmpdir=D:\evan\yen\hardening_tomcat9\apache-tomcat-9.0.118\temp
04-Jun-2026 14:56:36.562 INFO [main] org.apache.catalina.core.AprLifecycleListener.lifecycleEvent Loaded Apache Tomcat Native library [1.3.7] using APR version [1.7.6].
04-Jun-2026 14:56:36.562 INFO [main] org.apache.catalina.core.AprLifecycleListener.lifecycleEvent APR capabilities: IPv6 [true], sendfile [true], accept filters [false], random [true], UDS [true].
04-Jun-2026 14:56:36.562 INFO [main] org.apache.catalina.core.AprLifecycleListener.lifecycleEvent APR/OpenSSL configuration: useAprConnector [false], useOpenSSL [true]
04-Jun-2026 14:56:36.577 INFO [main] org.apache.catalina.core.AprLifecycleListener.initializeSSL OpenSSL successfully initialized [OpenSSL 3.0.19 27 Jan 2026]
04-Jun-2026 14:56:36.846 INFO [main] org.apache.coyote.AbstractProtocol.init Initializing ProtocolHandler ["http-nio-8080"]
04-Jun-2026 14:56:36.862 INFO [main] org.apache.catalina.startup.Catalina.load Server initialization in [522] milliseconds
04-Jun-2026 14:56:36.894 INFO [main] org.apache.catalina.core.StandardService.startInternal Starting service [Catalina]
04-Jun-2026 14:56:36.894 INFO [main] org.apache.catalina.core.StandardEngine.startInternal Starting Servlet engine: [Apache Tomcat/9.0.118]
04-Jun-2026 14:56:36.915 INFO [main] org.apache.catalina.startup.HostConfig.deployDirectory Deploying web application directory [D:\evan\yen\hardening_tomcat9\apache-tomcat-9.0.118\webapps\host-manager]
04-Jun-2026 14:56:36.941 SEVERE [main] org.apache.tomcat.util.digester.Digester.startElement Begin event threw exception
	java.lang.ClassNotFoundException: com.housekeeping.AppCleanTemp
		at java.net.URLClassLoader.findClass(URLClassLoader.java:382)
		at java.lang.ClassLoader.loadClass(ClassLoader.java:424)
		at java.lang.ClassLoader.loadClass(ClassLoader.java:357)
		at org.apache.tomcat.util.digester.ObjectCreateRule.begin(ObjectCreateRule.java:96)
		at org.apache.tomcat.util.digester.Digester.startElement(Digester.java:1254)
		at com.sun.org.apache.xerces.internal.parsers.AbstractSAXParser.startElement(AbstractSAXParser.java:509)
		at com.sun.org.apache.xerces.internal.parsers.AbstractXMLDocumentParser.emptyElement(AbstractXMLDocumentParser.java:182)
		at com.sun.org.apache.xerces.internal.impl.XMLDocumentFragmentScannerImpl.scanStartElement(XMLDocumentFragmentScannerImpl.java:1339)
		at com.sun.org.apache.xerces.internal.impl.XMLDocumentFragmentScannerImpl$FragmentContentDriver.next(XMLDocumentFragmentScannerImpl.java:2784)
		at com.sun.org.apache.xerces.internal.impl.XMLDocumentScannerImpl.next(XMLDocumentScannerImpl.java:602)
		at com.sun.org.apache.xerces.internal.impl.XMLDocumentFragmentScannerImpl.scanDocument(XMLDocumentFragmentScannerImpl.java:505)
		at com.sun.org.apache.xerces.internal.parsers.XML11Configuration.parse(XML11Configuration.java:842)
		at com.sun.org.apache.xerces.internal.parsers.XML11Configuration.parse(XML11Configuration.java:771)
		at com.sun.org.apache.xerces.internal.parsers.XMLParser.parse(XMLParser.java:141)
		at com.sun.org.apache.xerces.internal.parsers.AbstractSAXParser.parse(AbstractSAXParser.java:1213)
		at com.sun.org.apache.xerces.internal.jaxp.SAXParserImpl$JAXPSAXParser.parse(SAXParserImpl.java:643)
		at org.apache.tomcat.util.digester.Digester.parse(Digester.java:1518)
		at org.apache.catalina.startup.ContextConfig.processContextConfig(ContextConfig.java:729)
		at org.apache.catalina.startup.ContextConfig.contextConfig(ContextConfig.java:594)
		at org.apache.catalina.startup.ContextConfig.init(ContextConfig.java:937)
		at org.apache.catalina.startup.ContextConfig.lifecycleEvent(ContextConfig.java:299)
		at org.apache.catalina.util.LifecycleBase.fireLifecycleEvent(LifecycleBase.java:109)
		at org.apache.catalina.util.LifecycleBase.setStateInternal(LifecycleBase.java:389)
		at org.apache.catalina.util.LifecycleBase.init(LifecycleBase.java:123)
		at org.apache.catalina.util.LifecycleBase.start(LifecycleBase.java:155)
		at org.apache.catalina.core.ContainerBase.addChildInternal(ContainerBase.java:597)
		at org.apache.catalina.core.ContainerBase.addChild(ContainerBase.java:569)
		at org.apache.catalina.core.StandardHost.addChild(StandardHost.java:608)
		at org.apache.catalina.startup.HostConfig.deployDirectory(HostConfig.java:1171)
		at org.apache.catalina.startup.HostConfig$DeployDirectory.run(HostConfig.java:1880)
		at java.util.concurrent.Executors$RunnableAdapter.call(Executors.java:511)
		at java.util.concurrent.FutureTask.run(FutureTask.java:266)
		at org.apache.tomcat.util.threads.InlineExecutorService.execute(InlineExecutorService.java:82)
		at java.util.concurrent.AbstractExecutorService.submit(AbstractExecutorService.java:112)
		at org.apache.catalina.startup.HostConfig.deployDirectories(HostConfig.java:1082)
		at org.apache.catalina.startup.HostConfig.deployApps(HostConfig.java:467)
		at org.apache.catalina.startup.HostConfig.start(HostConfig.java:1576)
		at org.apache.catalina.startup.HostConfig.lifecycleEvent(HostConfig.java:309)
		at org.apache.catalina.util.LifecycleBase.fireLifecycleEvent(LifecycleBase.java:109)
		at org.apache.catalina.util.LifecycleBase.setStateInternal(LifecycleBase.java:389)
		at org.apache.catalina.util.LifecycleBase.setState(LifecycleBase.java:336)
		at org.apache.catalina.core.ContainerBase.startInternal(ContainerBase.java:774)
		at org.apache.catalina.core.StandardHost.startInternal(StandardHost.java:726)
		at org.apache.catalina.util.LifecycleBase.start(LifecycleBase.java:164)
		at org.apache.catalina.core.ContainerBase$StartChild.call(ContainerBase.java:1201)
		at org.apache.catalina.core.ContainerBase$StartChild.call(ContainerBase.java:1191)
		at java.util.concurrent.FutureTask.run(FutureTask.java:266)
		at org.apache.tomcat.util.threads.InlineExecutorService.execute(InlineExecutorService.java:82)
		at java.util.concurrent.AbstractExecutorService.submit(AbstractExecutorService.java:134)
		at org.apache.catalina.core.ContainerBase.startInternal(ContainerBase.java:747)
		at org.apache.catalina.core.StandardEngine.startInternal(StandardEngine.java:209)
		at org.apache.catalina.util.LifecycleBase.start(LifecycleBase.java:164)
		at org.apache.catalina.core.StandardService.startInternal(StandardService.java:410)
		at org.apache.catalina.util.LifecycleBase.start(LifecycleBase.java:164)
		at org.apache.catalina.core.StandardServer.startInternal(StandardServer.java:872)
		at org.apache.catalina.util.LifecycleBase.start(LifecycleBase.java:164)
		at org.apache.catalina.startup.Catalina.start(Catalina.java:736)
		at sun.reflect.NativeMethodAccessorImpl.invoke0(Native Method)
		at sun.reflect.NativeMethodAccessorImpl.invoke(NativeMethodAccessorImpl.java:62)
		at sun.reflect.DelegatingMethodAccessorImpl.invoke(DelegatingMethodAccessorImpl.java:43)
		at java.lang.reflect.Method.invoke(Method.java:498)
		at org.apache.catalina.startup.Bootstrap.start(Bootstrap.java:342)
		at org.apache.catalina.startup.Bootstrap.main(Bootstrap.java:473)
04-Jun-2026 14:56:36.941 SEVERE [main] org.apache.catalina.startup.ContextConfig.processContextConfig Parse error in context.xml for [/host-manager]
	org.xml.sax.SAXParseException; systemId: file:/D:/evan/yen/hardening_tomcat9/apache-tomcat-9.0.118/conf/context.xml; lineNumber: 62; columnNumber: 56; Error at line [62] column [56]: [com.housekeeping.AppCleanTemp]
		at org.apache.tomcat.util.digester.Digester.createSAXException(Digester.java:1960)
		at org.apache.tomcat.util.digester.Digester.createSAXException(Digester.java:1993)
		at org.apache.tomcat.util.digester.Digester.startElement(Digester.java:1260)
		at com.sun.org.apache.xerces.internal.parsers.AbstractSAXParser.startElement(AbstractSAXParser.java:509)
		at com.sun.org.apache.xerces.internal.parsers.AbstractXMLDocumentParser.emptyElement(AbstractXMLDocumentParser.java:182)
		at com.sun.org.apache.xerces.internal.impl.XMLDocumentFragmentScannerImpl.scanStartElement(XMLDocumentFragmentScannerImpl.java:1339)
		at com.sun.org.apache.xerces.internal.impl.XMLDocumentFragmentScannerImpl$FragmentContentDriver.next(XMLDocumentFragmentScannerImpl.java:2784)
		at com.sun.org.apache.xerces.internal.impl.XMLDocumentScannerImpl.next(XMLDocumentScannerImpl.java:602)
		at com.sun.org.apache.xerces.internal.impl.XMLDocumentFragmentScannerImpl.scanDocument(XMLDocumentFragmentScannerImpl.java:505)
		at com.sun.org.apache.xerces.internal.parsers.XML11Configuration.parse(XML11Configuration.java:842)
		at com.sun.org.apache.xerces.internal.parsers.XML11Configuration.parse(XML11Configuration.java:771)
		at com.sun.org.apache.xerces.internal.parsers.XMLParser.parse(XMLParser.java:141)
		at com.sun.org.apache.xerces.internal.parsers.AbstractSAXParser.parse(AbstractSAXParser.java:1213)
		at com.sun.org.apache.xerces.internal.jaxp.SAXParserImpl$JAXPSAXParser.parse(SAXParserImpl.java:643)
		at org.apache.tomcat.util.digester.Digester.parse(Digester.java:1518)
		at org.apache.catalina.startup.ContextConfig.processContextConfig(ContextConfig.java:729)
		at org.apache.catalina.startup.ContextConfig.contextConfig(ContextConfig.java:594)
		at org.apache.catalina.startup.ContextConfig.init(ContextConfig.java:937)
		at org.apache.catalina.startup.ContextConfig.lifecycleEvent(ContextConfig.java:299)
		at org.apache.catalina.util.LifecycleBase.fireLifecycleEvent(LifecycleBase.java:109)
		at org.apache.catalina.util.LifecycleBase.setStateInternal(LifecycleBase.java:389)
		at org.apache.catalina.util.LifecycleBase.init(LifecycleBase.java:123)
		at org.apache.catalina.util.LifecycleBase.start(LifecycleBase.java:155)
		at org.apache.catalina.core.ContainerBase.addChildInternal(ContainerBase.java:597)
		at org.apache.catalina.core.ContainerBase.addChild(ContainerBase.java:569)
		at org.apache.catalina.core.StandardHost.addChild(StandardHost.java:608)
		at org.apache.catalina.startup.HostConfig.deployDirectory(HostConfig.java:1171)
		at org.apache.catalina.startup.HostConfig$DeployDirectory.run(HostConfig.java:1880)
		at java.util.concurrent.Executors$RunnableAdapter.call(Executors.java:511)
		at java.util.concurrent.FutureTask.run(FutureTask.java:266)
		at org.apache.tomcat.util.threads.InlineExecutorService.execute(InlineExecutorService.java:82)
		at java.util.concurrent.AbstractExecutorService.submit(AbstractExecutorService.java:112)
		at org.apache.catalina.startup.HostConfig.deployDirectories(HostConfig.java:1082)
		at org.apache.catalina.startup.HostConfig.deployApps(HostConfig.java:467)
		at org.apache.catalina.startup.HostConfig.start(HostConfig.java:1576)
		at org.apache.catalina.startup.HostConfig.lifecycleEvent(HostConfig.java:309)
		at org.apache.catalina.util.LifecycleBase.fireLifecycleEvent(LifecycleBase.java:109)
		at org.apache.catalina.util.LifecycleBase.setStateInternal(LifecycleBase.java:389)
		at org.apache.catalina.util.LifecycleBase.setState(LifecycleBase.java:336)
		at org.apache.catalina.core.ContainerBase.startInternal(ContainerBase.java:774)
		at org.apache.catalina.core.StandardHost.startInternal(StandardHost.java:726)
		at org.apache.catalina.util.LifecycleBase.start(LifecycleBase.java:164)
		at org.apache.catalina.core.ContainerBase$StartChild.call(ContainerBase.java:1201)
		at org.apache.catalina.core.ContainerBase$StartChild.call(ContainerBase.java:1191)
		at java.util.concurrent.FutureTask.run(FutureTask.java:266)
		at org.apache.tomcat.util.threads.InlineExecutorService.execute(InlineExecutorService.java:82)
		at java.util.concurrent.AbstractExecutorService.submit(AbstractExecutorService.java:134)
		at org.apache.catalina.core.ContainerBase.startInternal(ContainerBase.java:747)
		at org.apache.catalina.core.StandardEngine.startInternal(StandardEngine.java:209)
		at org.apache.catalina.util.LifecycleBase.start(LifecycleBase.java:164)
		at org.apache.catalina.core.StandardService.startInternal(StandardService.java:410)
		at org.apache.catalina.util.LifecycleBase.start(LifecycleBase.java:164)
		at org.apache.catalina.core.StandardServer.startInternal(StandardServer.java:872)
		at org.apache.catalina.util.LifecycleBase.start(LifecycleBase.java:164)
		at org.apache.catalina.startup.Catalina.start(Catalina.java:736)
		at sun.reflect.NativeMethodAccessorImpl.invoke0(Native Method)
		at sun.reflect.NativeMethodAccessorImpl.invoke(NativeMethodAccessorImpl.java:62)
		at sun.reflect.DelegatingMethodAccessorImpl.invoke(DelegatingMethodAccessorImpl.java:43)
		at java.lang.reflect.Method.invoke(Method.java:498)
		at org.apache.catalina.startup.Bootstrap.start(Bootstrap.java:342)
		at org.apache.catalina.startup.Bootstrap.main(Bootstrap.java:473)
	Caused by: java.lang.ClassNotFoundException: com.housekeeping.AppCleanTemp
		at java.net.URLClassLoader.findClass(URLClassLoader.java:382)
		at java.lang.ClassLoader.loadClass(ClassLoader.java:424)
		at java.lang.ClassLoader.loadClass(ClassLoader.java:357)
		at org.apache.tomcat.util.digester.ObjectCreateRule.begin(ObjectCreateRule.java:96)
		at org.apache.tomcat.util.digester.Digester.startElement(Digester.java:1254)
		... 58 more
04-Jun-2026 14:56:36.941 SEVERE [main] org.apache.catalina.startup.ContextConfig.processContextConfig Occurred at line [62] column [56]
04-Jun-2026 14:56:36.941 WARNING [main] org.apache.tomcat.util.digester.Digester.endElement No rules found matching [Context/Listener/Context/CookieProcessor]
04-Jun-2026 14:56:36.941 WARNING [main] org.apache.tomcat.util.digester.Digester.endElement No rules found matching [Context/Listener/Context/Valve]
04-Jun-2026 14:56:36.941 WARNING [main] org.apache.tomcat.util.digester.Digester.endElement No rules found matching [Context/Listener/Context/Manager]
04-Jun-2026 14:56:36.941 WARNING [main] org.apache.tomcat.util.digester.Digester.endElement No rules found matching [Context/Listener/Context]
04-Jun-2026 14:56:37.052 SEVERE [main] org.apache.catalina.startup.ContextConfig.configureStart Marking this application unavailable due to previous error(s)
04-Jun-2026 14:56:37.068 SEVERE [main] org.apache.catalina.core.StandardContext.startInternal One or more components marked the context as not correctly configured
04-Jun-2026 14:56:37.226 WARNING [main] org.apache.catalina.util.SessionIdGeneratorBase.createSecureRandom Creation of SecureRandom instance for session ID generation using [SHA1PRNG] took [158] milliseconds.
04-Jun-2026 14:56:37.226 SEVERE [main] org.apache.catalina.core.StandardContext.startInternal Context [/host-manager] startup failed due to previous errors
04-Jun-2026 14:56:37.242 INFO [main] org.apache.catalina.startup.HostConfig.deployDirectory Deployment of web application directory [D:\evan\yen\hardening_tomcat9\apache-tomcat-9.0.118\webapps\host-manager] has finished in [327] ms
04-Jun-2026 14:56:37.242 INFO [main] org.apache.catalina.startup.HostConfig.deployDirectory Deploying web application directory [D:\evan\yen\hardening_tomcat9\apache-tomcat-9.0.118\webapps\manager]
04-Jun-2026 14:56:37.258 SEVERE [main] org.apache.tomcat.util.digester.Digester.startElement Begin event threw exception
	java.lang.ClassNotFoundException: com.housekeeping.AppCleanTemp
		at java.net.URLClassLoader.findClass(URLClassLoader.java:382)
		at java.lang.ClassLoader.loadClass(ClassLoader.java:424)
		at java.lang.ClassLoader.loadClass(ClassLoader.java:357)
		at org.apache.tomcat.util.digester.ObjectCreateRule.begin(ObjectCreateRule.java:96)
		at org.apache.tomcat.util.digester.Digester.startElement(Digester.java:1254)
		at com.sun.org.apache.xerces.internal.parsers.AbstractSAXParser.startElement(AbstractSAXParser.java:509)
		at com.sun.org.apache.xerces.internal.parsers.AbstractXMLDocumentParser.emptyElement(AbstractXMLDocumentParser.java:182)
		at com.sun.org.apache.xerces.internal.impl.XMLDocumentFragmentScannerImpl.scanStartElement(XMLDocumentFragmentScannerImpl.java:1339)
		at com.sun.org.apache.xerces.internal.impl.XMLDocumentFragmentScannerImpl$FragmentContentDriver.next(XMLDocumentFragmentScannerImpl.java:2784)
		at com.sun.org.apache.xerces.internal.impl.XMLDocumentScannerImpl.next(XMLDocumentScannerImpl.java:602)
		at com.sun.org.apache.xerces.internal.impl.XMLDocumentFragmentScannerImpl.scanDocument(XMLDocumentFragmentScannerImpl.java:505)
		at com.sun.org.apache.xerces.internal.parsers.XML11Configuration.parse(XML11Configuration.java:842)
		at com.sun.org.apache.xerces.internal.parsers.XML11Configuration.parse(XML11Configuration.java:771)
		at com.sun.org.apache.xerces.internal.parsers.XMLParser.parse(XMLParser.java:141)
		at com.sun.org.apache.xerces.internal.parsers.AbstractSAXParser.parse(AbstractSAXParser.java:1213)
		at com.sun.org.apache.xerces.internal.jaxp.SAXParserImpl$JAXPSAXParser.parse(SAXParserImpl.java:643)
		at org.apache.tomcat.util.digester.Digester.parse(Digester.java:1518)
		at org.apache.catalina.startup.ContextConfig.processContextConfig(ContextConfig.java:729)
		at org.apache.catalina.startup.ContextConfig.contextConfig(ContextConfig.java:594)
		at org.apache.catalina.startup.ContextConfig.init(ContextConfig.java:937)
		at org.apache.catalina.startup.ContextConfig.lifecycleEvent(ContextConfig.java:299)
		at org.apache.catalina.util.LifecycleBase.fireLifecycleEvent(LifecycleBase.java:109)
		at org.apache.catalina.util.LifecycleBase.setStateInternal(LifecycleBase.java:389)
		at org.apache.catalina.util.LifecycleBase.init(LifecycleBase.java:123)
		at org.apache.catalina.util.LifecycleBase.start(LifecycleBase.java:155)
		at org.apache.catalina.core.ContainerBase.addChildInternal(ContainerBase.java:597)
		at org.apache.catalina.core.ContainerBase.addChild(ContainerBase.java:569)
		at org.apache.catalina.core.StandardHost.addChild(StandardHost.java:608)
		at org.apache.catalina.startup.HostConfig.deployDirectory(HostConfig.java:1171)
		at org.apache.catalina.startup.HostConfig$DeployDirectory.run(HostConfig.java:1880)
		at java.util.concurrent.Executors$RunnableAdapter.call(Executors.java:511)
		at java.util.concurrent.FutureTask.run(FutureTask.java:266)
		at org.apache.tomcat.util.threads.InlineExecutorService.execute(InlineExecutorService.java:82)
		at java.util.concurrent.AbstractExecutorService.submit(AbstractExecutorService.java:112)
		at org.apache.catalina.startup.HostConfig.deployDirectories(HostConfig.java:1082)
		at org.apache.catalina.startup.HostConfig.deployApps(HostConfig.java:467)
		at org.apache.catalina.startup.HostConfig.start(HostConfig.java:1576)
		at org.apache.catalina.startup.HostConfig.lifecycleEvent(HostConfig.java:309)
		at org.apache.catalina.util.LifecycleBase.fireLifecycleEvent(LifecycleBase.java:109)
		at org.apache.catalina.util.LifecycleBase.setStateInternal(LifecycleBase.java:389)
		at org.apache.catalina.util.LifecycleBase.setState(LifecycleBase.java:336)
		at org.apache.catalina.core.ContainerBase.startInternal(ContainerBase.java:774)
		at org.apache.catalina.core.StandardHost.startInternal(StandardHost.java:726)
		at org.apache.catalina.util.LifecycleBase.start(LifecycleBase.java:164)
		at org.apache.catalina.core.ContainerBase$StartChild.call(ContainerBase.java:1201)
		at org.apache.catalina.core.ContainerBase$StartChild.call(ContainerBase.java:1191)
		at java.util.concurrent.FutureTask.run(FutureTask.java:266)
		at org.apache.tomcat.util.threads.InlineExecutorService.execute(InlineExecutorService.java:82)
		at java.util.concurrent.AbstractExecutorService.submit(AbstractExecutorService.java:134)
		at org.apache.catalina.core.ContainerBase.startInternal(ContainerBase.java:747)
		at org.apache.catalina.core.StandardEngine.startInternal(StandardEngine.java:209)
		at org.apache.catalina.util.LifecycleBase.start(LifecycleBase.java:164)
		at org.apache.catalina.core.StandardService.startInternal(StandardService.java:410)
		at org.apache.catalina.util.LifecycleBase.start(LifecycleBase.java:164)
		at org.apache.catalina.core.StandardServer.startInternal(StandardServer.java:872)
		at org.apache.catalina.util.LifecycleBase.start(LifecycleBase.java:164)
		at org.apache.catalina.startup.Catalina.start(Catalina.java:736)
		at sun.reflect.NativeMethodAccessorImpl.invoke0(Native Method)
		at sun.reflect.NativeMethodAccessorImpl.invoke(NativeMethodAccessorImpl.java:62)
		at sun.reflect.DelegatingMethodAccessorImpl.invoke(DelegatingMethodAccessorImpl.java:43)
		at java.lang.reflect.Method.invoke(Method.java:498)
		at org.apache.catalina.startup.Bootstrap.start(Bootstrap.java:342)
		at org.apache.catalina.startup.Bootstrap.main(Bootstrap.java:473)
04-Jun-2026 14:56:37.258 SEVERE [main] org.apache.catalina.startup.ContextConfig.processContextConfig Parse error in context.xml for [/manager]
	org.xml.sax.SAXParseException; systemId: file:/D:/evan/yen/hardening_tomcat9/apache-tomcat-9.0.118/conf/context.xml; lineNumber: 62; columnNumber: 56; Error at line [62] column [56]: [com.housekeeping.AppCleanTemp]
		at org.apache.tomcat.util.digester.Digester.createSAXException(Digester.java:1960)
		at org.apache.tomcat.util.digester.Digester.createSAXException(Digester.java:1993)
		at org.apache.tomcat.util.digester.Digester.startElement(Digester.java:1260)
		at com.sun.org.apache.xerces.internal.parsers.AbstractSAXParser.startElement(AbstractSAXParser.java:509)
		at com.sun.org.apache.xerces.internal.parsers.AbstractXMLDocumentParser.emptyElement(AbstractXMLDocumentParser.java:182)
		at com.sun.org.apache.xerces.internal.impl.XMLDocumentFragmentScannerImpl.scanStartElement(XMLDocumentFragmentScannerImpl.java:1339)
		at com.sun.org.apache.xerces.internal.impl.XMLDocumentFragmentScannerImpl$FragmentContentDriver.next(XMLDocumentFragmentScannerImpl.java:2784)
		at com.sun.org.apache.xerces.internal.impl.XMLDocumentScannerImpl.next(XMLDocumentScannerImpl.java:602)
		at com.sun.org.apache.xerces.internal.impl.XMLDocumentFragmentScannerImpl.scanDocument(XMLDocumentFragmentScannerImpl.java:505)
		at com.sun.org.apache.xerces.internal.parsers.XML11Configuration.parse(XML11Configuration.java:842)
		at com.sun.org.apache.xerces.internal.parsers.XML11Configuration.parse(XML11Configuration.java:771)
		at com.sun.org.apache.xerces.internal.parsers.XMLParser.parse(XMLParser.java:141)
		at com.sun.org.apache.xerces.internal.parsers.AbstractSAXParser.parse(AbstractSAXParser.java:1213)
		at com.sun.org.apache.xerces.internal.jaxp.SAXParserImpl$JAXPSAXParser.parse(SAXParserImpl.java:643)
		at org.apache.tomcat.util.digester.Digester.parse(Digester.java:1518)
		at org.apache.catalina.startup.ContextConfig.processContextConfig(ContextConfig.java:729)
		at org.apache.catalina.startup.ContextConfig.contextConfig(ContextConfig.java:594)
		at org.apache.catalina.startup.ContextConfig.init(ContextConfig.java:937)
		at org.apache.catalina.startup.ContextConfig.lifecycleEvent(ContextConfig.java:299)
		at org.apache.catalina.util.LifecycleBase.fireLifecycleEvent(LifecycleBase.java:109)
		at org.apache.catalina.util.LifecycleBase.setStateInternal(LifecycleBase.java:389)
		at org.apache.catalina.util.LifecycleBase.init(LifecycleBase.java:123)
		at org.apache.catalina.util.LifecycleBase.start(LifecycleBase.java:155)
		at org.apache.catalina.core.ContainerBase.addChildInternal(ContainerBase.java:597)
		at org.apache.catalina.core.ContainerBase.addChild(ContainerBase.java:569)
		at org.apache.catalina.core.StandardHost.addChild(StandardHost.java:608)
		at org.apache.catalina.startup.HostConfig.deployDirectory(HostConfig.java:1171)
		at org.apache.catalina.startup.HostConfig$DeployDirectory.run(HostConfig.java:1880)
		at java.util.concurrent.Executors$RunnableAdapter.call(Executors.java:511)
		at java.util.concurrent.FutureTask.run(FutureTask.java:266)
		at org.apache.tomcat.util.threads.InlineExecutorService.execute(InlineExecutorService.java:82)
		at java.util.concurrent.AbstractExecutorService.submit(AbstractExecutorService.java:112)
		at org.apache.catalina.startup.HostConfig.deployDirectories(HostConfig.java:1082)
		at org.apache.catalina.startup.HostConfig.deployApps(HostConfig.java:467)
		at org.apache.catalina.startup.HostConfig.start(HostConfig.java:1576)
		at org.apache.catalina.startup.HostConfig.lifecycleEvent(HostConfig.java:309)
		at org.apache.catalina.util.LifecycleBase.fireLifecycleEvent(LifecycleBase.java:109)
		at org.apache.catalina.util.LifecycleBase.setStateInternal(LifecycleBase.java:389)
		at org.apache.catalina.util.LifecycleBase.setState(LifecycleBase.java:336)
		at org.apache.catalina.core.ContainerBase.startInternal(ContainerBase.java:774)
		at org.apache.catalina.core.StandardHost.startInternal(StandardHost.java:726)
		at org.apache.catalina.util.LifecycleBase.start(LifecycleBase.java:164)
		at org.apache.catalina.core.ContainerBase$StartChild.call(ContainerBase.java:1201)
		at org.apache.catalina.core.ContainerBase$StartChild.call(ContainerBase.java:1191)
		at java.util.concurrent.FutureTask.run(FutureTask.java:266)
		at org.apache.tomcat.util.threads.InlineExecutorService.execute(InlineExecutorService.java:82)
		at java.util.concurrent.AbstractExecutorService.submit(AbstractExecutorService.java:134)
		at org.apache.catalina.core.ContainerBase.startInternal(ContainerBase.java:747)
		at org.apache.catalina.core.StandardEngine.startInternal(StandardEngine.java:209)
		at org.apache.catalina.util.LifecycleBase.start(LifecycleBase.java:164)
		at org.apache.catalina.core.StandardService.startInternal(StandardService.java:410)
		at org.apache.catalina.util.LifecycleBase.start(LifecycleBase.java:164)
		at org.apache.catalina.core.StandardServer.startInternal(StandardServer.java:872)
		at org.apache.catalina.util.LifecycleBase.start(LifecycleBase.java:164)
		at org.apache.catalina.startup.Catalina.start(Catalina.java:736)
		at sun.reflect.NativeMethodAccessorImpl.invoke0(Native Method)
		at sun.reflect.NativeMethodAccessorImpl.invoke(NativeMethodAccessorImpl.java:62)
		at sun.reflect.DelegatingMethodAccessorImpl.invoke(DelegatingMethodAccessorImpl.java:43)
		at java.lang.reflect.Method.invoke(Method.java:498)
		at org.apache.catalina.startup.Bootstrap.start(Bootstrap.java:342)
		at org.apache.catalina.startup.Bootstrap.main(Bootstrap.java:473)
	Caused by: java.lang.ClassNotFoundException: com.housekeeping.AppCleanTemp
		at java.net.URLClassLoader.findClass(URLClassLoader.java:382)
		at java.lang.ClassLoader.loadClass(ClassLoader.java:424)
		at java.lang.ClassLoader.loadClass(ClassLoader.java:357)
		at org.apache.tomcat.util.digester.ObjectCreateRule.begin(ObjectCreateRule.java:96)
		at org.apache.tomcat.util.digester.Digester.startElement(Digester.java:1254)
		... 58 more
04-Jun-2026 14:56:37.258 SEVERE [main] org.apache.catalina.startup.ContextConfig.processContextConfig Occurred at line [62] column [56]
04-Jun-2026 14:56:37.258 WARNING [main] org.apache.tomcat.util.digester.Digester.endElement No rules found matching [Context/Listener/Context/CookieProcessor]
04-Jun-2026 14:56:37.258 WARNING [main] org.apache.tomcat.util.digester.Digester.endElement No rules found matching [Context/Listener/Context/Valve]
04-Jun-2026 14:56:37.258 WARNING [main] org.apache.tomcat.util.digester.Digester.endElement No rules found matching [Context/Listener/Context/Manager]
04-Jun-2026 14:56:37.258 WARNING [main] org.apache.tomcat.util.digester.Digester.endElement No rules found matching [Context/Listener/Context]
04-Jun-2026 14:56:37.274 SEVERE [main] org.apache.catalina.startup.ContextConfig.configureStart Marking this application unavailable due to previous error(s)
04-Jun-2026 14:56:37.274 SEVERE [main] org.apache.catalina.core.StandardContext.startInternal One or more components marked the context as not correctly configured
04-Jun-2026 14:56:37.274 SEVERE [main] org.apache.catalina.core.StandardContext.startInternal Context [/manager] startup failed due to previous errors
04-Jun-2026 14:56:37.274 INFO [main] org.apache.catalina.startup.HostConfig.deployDirectory Deployment of web application directory [D:\evan\yen\hardening_tomcat9\apache-tomcat-9.0.118\webapps\manager] has finished in [32] ms
04-Jun-2026 14:56:37.274 INFO [main] org.apache.catalina.startup.HostConfig.deployDirectory Deploying web application directory [D:\evan\yen\hardening_tomcat9\apache-tomcat-9.0.118\webapps\ROOT]
04-Jun-2026 14:56:37.290 SEVERE [main] org.apache.tomcat.util.digester.Digester.startElement Begin event threw exception
	java.lang.ClassNotFoundException: com.housekeeping.AppCleanTemp
		at java.net.URLClassLoader.findClass(URLClassLoader.java:382)
		at java.lang.ClassLoader.loadClass(ClassLoader.java:424)
		at java.lang.ClassLoader.loadClass(ClassLoader.java:357)
		at org.apache.tomcat.util.digester.ObjectCreateRule.begin(ObjectCreateRule.java:96)
		at org.apache.tomcat.util.digester.Digester.startElement(Digester.java:1254)
		at com.sun.org.apache.xerces.internal.parsers.AbstractSAXParser.startElement(AbstractSAXParser.java:509)
		at com.sun.org.apache.xerces.internal.parsers.AbstractXMLDocumentParser.emptyElement(AbstractXMLDocumentParser.java:182)
		at com.sun.org.apache.xerces.internal.impl.XMLDocumentFragmentScannerImpl.scanStartElement(XMLDocumentFragmentScannerImpl.java:1339)
		at com.sun.org.apache.xerces.internal.impl.XMLDocumentFragmentScannerImpl$FragmentContentDriver.next(XMLDocumentFragmentScannerImpl.java:2784)
		at com.sun.org.apache.xerces.internal.impl.XMLDocumentScannerImpl.next(XMLDocumentScannerImpl.java:602)
		at com.sun.org.apache.xerces.internal.impl.XMLDocumentFragmentScannerImpl.scanDocument(XMLDocumentFragmentScannerImpl.java:505)
		at com.sun.org.apache.xerces.internal.parsers.XML11Configuration.parse(XML11Configuration.java:842)
		at com.sun.org.apache.xerces.internal.parsers.XML11Configuration.parse(XML11Configuration.java:771)
		at com.sun.org.apache.xerces.internal.parsers.XMLParser.parse(XMLParser.java:141)
		at com.sun.org.apache.xerces.internal.parsers.AbstractSAXParser.parse(AbstractSAXParser.java:1213)
		at com.sun.org.apache.xerces.internal.jaxp.SAXParserImpl$JAXPSAXParser.parse(SAXParserImpl.java:643)
		at org.apache.tomcat.util.digester.Digester.parse(Digester.java:1518)
		at org.apache.catalina.startup.ContextConfig.processContextConfig(ContextConfig.java:729)
		at org.apache.catalina.startup.ContextConfig.contextConfig(ContextConfig.java:594)
		at org.apache.catalina.startup.ContextConfig.init(ContextConfig.java:937)
		at org.apache.catalina.startup.ContextConfig.lifecycleEvent(ContextConfig.java:299)
		at org.apache.catalina.util.LifecycleBase.fireLifecycleEvent(LifecycleBase.java:109)
		at org.apache.catalina.util.LifecycleBase.setStateInternal(LifecycleBase.java:389)
		at org.apache.catalina.util.LifecycleBase.init(LifecycleBase.java:123)
		at org.apache.catalina.util.LifecycleBase.start(LifecycleBase.java:155)
		at org.apache.catalina.core.ContainerBase.addChildInternal(ContainerBase.java:597)
		at org.apache.catalina.core.ContainerBase.addChild(ContainerBase.java:569)
		at org.apache.catalina.core.StandardHost.addChild(StandardHost.java:608)
		at org.apache.catalina.startup.HostConfig.deployDirectory(HostConfig.java:1171)
		at org.apache.catalina.startup.HostConfig$DeployDirectory.run(HostConfig.java:1880)
		at java.util.concurrent.Executors$RunnableAdapter.call(Executors.java:511)
		at java.util.concurrent.FutureTask.run(FutureTask.java:266)
		at org.apache.tomcat.util.threads.InlineExecutorService.execute(InlineExecutorService.java:82)
		at java.util.concurrent.AbstractExecutorService.submit(AbstractExecutorService.java:112)
		at org.apache.catalina.startup.HostConfig.deployDirectories(HostConfig.java:1082)
		at org.apache.catalina.startup.HostConfig.deployApps(HostConfig.java:467)
		at org.apache.catalina.startup.HostConfig.start(HostConfig.java:1576)
		at org.apache.catalina.startup.HostConfig.lifecycleEvent(HostConfig.java:309)
		at org.apache.catalina.util.LifecycleBase.fireLifecycleEvent(LifecycleBase.java:109)
		at org.apache.catalina.util.LifecycleBase.setStateInternal(LifecycleBase.java:389)
		at org.apache.catalina.util.LifecycleBase.setState(LifecycleBase.java:336)
		at org.apache.catalina.core.ContainerBase.startInternal(ContainerBase.java:774)
		at org.apache.catalina.core.StandardHost.startInternal(StandardHost.java:726)
		at org.apache.catalina.util.LifecycleBase.start(LifecycleBase.java:164)
		at org.apache.catalina.core.ContainerBase$StartChild.call(ContainerBase.java:1201)
		at org.apache.catalina.core.ContainerBase$StartChild.call(ContainerBase.java:1191)
		at java.util.concurrent.FutureTask.run(FutureTask.java:266)
		at org.apache.tomcat.util.threads.InlineExecutorService.execute(InlineExecutorService.java:82)
		at java.util.concurrent.AbstractExecutorService.submit(AbstractExecutorService.java:134)
		at org.apache.catalina.core.ContainerBase.startInternal(ContainerBase.java:747)
		at org.apache.catalina.core.StandardEngine.startInternal(StandardEngine.java:209)
		at org.apache.catalina.util.LifecycleBase.start(LifecycleBase.java:164)
		at org.apache.catalina.core.StandardService.startInternal(StandardService.java:410)
		at org.apache.catalina.util.LifecycleBase.start(LifecycleBase.java:164)
		at org.apache.catalina.core.StandardServer.startInternal(StandardServer.java:872)
		at org.apache.catalina.util.LifecycleBase.start(LifecycleBase.java:164)
		at org.apache.catalina.startup.Catalina.start(Catalina.java:736)
		at sun.reflect.NativeMethodAccessorImpl.invoke0(Native Method)
		at sun.reflect.NativeMethodAccessorImpl.invoke(NativeMethodAccessorImpl.java:62)
		at sun.reflect.DelegatingMethodAccessorImpl.invoke(DelegatingMethodAccessorImpl.java:43)
		at java.lang.reflect.Method.invoke(Method.java:498)
		at org.apache.catalina.startup.Bootstrap.start(Bootstrap.java:342)
		at org.apache.catalina.startup.Bootstrap.main(Bootstrap.java:473)
04-Jun-2026 14:56:37.290 SEVERE [main] org.apache.catalina.startup.ContextConfig.processContextConfig Parse error in context.xml for []
	org.xml.sax.SAXParseException; systemId: file:/D:/evan/yen/hardening_tomcat9/apache-tomcat-9.0.118/conf/context.xml; lineNumber: 62; columnNumber: 56; Error at line [62] column [56]: [com.housekeeping.AppCleanTemp]
		at org.apache.tomcat.util.digester.Digester.createSAXException(Digester.java:1960)
		at org.apache.tomcat.util.digester.Digester.createSAXException(Digester.java:1993)
		at org.apache.tomcat.util.digester.Digester.startElement(Digester.java:1260)
		at com.sun.org.apache.xerces.internal.parsers.AbstractSAXParser.startElement(AbstractSAXParser.java:509)
		at com.sun.org.apache.xerces.internal.parsers.AbstractXMLDocumentParser.emptyElement(AbstractXMLDocumentParser.java:182)
		at com.sun.org.apache.xerces.internal.impl.XMLDocumentFragmentScannerImpl.scanStartElement(XMLDocumentFragmentScannerImpl.java:1339)
		at com.sun.org.apache.xerces.internal.impl.XMLDocumentFragmentScannerImpl$FragmentContentDriver.next(XMLDocumentFragmentScannerImpl.java:2784)
		at com.sun.org.apache.xerces.internal.impl.XMLDocumentScannerImpl.next(XMLDocumentScannerImpl.java:602)
		at com.sun.org.apache.xerces.internal.impl.XMLDocumentFragmentScannerImpl.scanDocument(XMLDocumentFragmentScannerImpl.java:505)
		at com.sun.org.apache.xerces.internal.parsers.XML11Configuration.parse(XML11Configuration.java:842)
		at com.sun.org.apache.xerces.internal.parsers.XML11Configuration.parse(XML11Configuration.java:771)
		at com.sun.org.apache.xerces.internal.parsers.XMLParser.parse(XMLParser.java:141)
		at com.sun.org.apache.xerces.internal.parsers.AbstractSAXParser.parse(AbstractSAXParser.java:1213)
		at com.sun.org.apache.xerces.internal.jaxp.SAXParserImpl$JAXPSAXParser.parse(SAXParserImpl.java:643)
		at org.apache.tomcat.util.digester.Digester.parse(Digester.java:1518)
		at org.apache.catalina.startup.ContextConfig.processContextConfig(ContextConfig.java:729)
		at org.apache.catalina.startup.ContextConfig.contextConfig(ContextConfig.java:594)
		at org.apache.catalina.startup.ContextConfig.init(ContextConfig.java:937)
		at org.apache.catalina.startup.ContextConfig.lifecycleEvent(ContextConfig.java:299)
		at org.apache.catalina.util.LifecycleBase.fireLifecycleEvent(LifecycleBase.java:109)
		at org.apache.catalina.util.LifecycleBase.setStateInternal(LifecycleBase.java:389)
		at org.apache.catalina.util.LifecycleBase.init(LifecycleBase.java:123)
		at org.apache.catalina.util.LifecycleBase.start(LifecycleBase.java:155)
		at org.apache.catalina.core.ContainerBase.addChildInternal(ContainerBase.java:597)
		at org.apache.catalina.core.ContainerBase.addChild(ContainerBase.java:569)
		at org.apache.catalina.core.StandardHost.addChild(StandardHost.java:608)
		at org.apache.catalina.startup.HostConfig.deployDirectory(HostConfig.java:1171)
		at org.apache.catalina.startup.HostConfig$DeployDirectory.run(HostConfig.java:1880)
		at java.util.concurrent.Executors$RunnableAdapter.call(Executors.java:511)
		at java.util.concurrent.FutureTask.run(FutureTask.java:266)
		at org.apache.tomcat.util.threads.InlineExecutorService.execute(InlineExecutorService.java:82)
		at java.util.concurrent.AbstractExecutorService.submit(AbstractExecutorService.java:112)
		at org.apache.catalina.startup.HostConfig.deployDirectories(HostConfig.java:1082)
		at org.apache.catalina.startup.HostConfig.deployApps(HostConfig.java:467)
		at org.apache.catalina.startup.HostConfig.start(HostConfig.java:1576)
		at org.apache.catalina.startup.HostConfig.lifecycleEvent(HostConfig.java:309)
		at org.apache.catalina.util.LifecycleBase.fireLifecycleEvent(LifecycleBase.java:109)
		at org.apache.catalina.util.LifecycleBase.setStateInternal(LifecycleBase.java:389)
		at org.apache.catalina.util.LifecycleBase.setState(LifecycleBase.java:336)
		at org.apache.catalina.core.ContainerBase.startInternal(ContainerBase.java:774)
		at org.apache.catalina.core.StandardHost.startInternal(StandardHost.java:726)
		at org.apache.catalina.util.LifecycleBase.start(LifecycleBase.java:164)
		at org.apache.catalina.core.ContainerBase$StartChild.call(ContainerBase.java:1201)
		at org.apache.catalina.core.ContainerBase$StartChild.call(ContainerBase.java:1191)
		at java.util.concurrent.FutureTask.run(FutureTask.java:266)
		at org.apache.tomcat.util.threads.InlineExecutorService.execute(InlineExecutorService.java:82)
		at java.util.concurrent.AbstractExecutorService.submit(AbstractExecutorService.java:134)
		at org.apache.catalina.core.ContainerBase.startInternal(ContainerBase.java:747)
		at org.apache.catalina.core.StandardEngine.startInternal(StandardEngine.java:209)
		at org.apache.catalina.util.LifecycleBase.start(LifecycleBase.java:164)
		at org.apache.catalina.core.StandardService.startInternal(StandardService.java:410)
		at org.apache.catalina.util.LifecycleBase.start(LifecycleBase.java:164)
		at org.apache.catalina.core.StandardServer.startInternal(StandardServer.java:872)
		at org.apache.catalina.util.LifecycleBase.start(LifecycleBase.java:164)
		at org.apache.catalina.startup.Catalina.start(Catalina.java:736)
		at sun.reflect.NativeMethodAccessorImpl.invoke0(Native Method)
		at sun.reflect.NativeMethodAccessorImpl.invoke(NativeMethodAccessorImpl.java:62)
		at sun.reflect.DelegatingMethodAccessorImpl.invoke(DelegatingMethodAccessorImpl.java:43)
		at java.lang.reflect.Method.invoke(Method.java:498)
		at org.apache.catalina.startup.Bootstrap.start(Bootstrap.java:342)
		at org.apache.catalina.startup.Bootstrap.main(Bootstrap.java:473)
	Caused by: java.lang.ClassNotFoundException: com.housekeeping.AppCleanTemp
		at java.net.URLClassLoader.findClass(URLClassLoader.java:382)
		at java.lang.ClassLoader.loadClass(ClassLoader.java:424)
		at java.lang.ClassLoader.loadClass(ClassLoader.java:357)
		at org.apache.tomcat.util.digester.ObjectCreateRule.begin(ObjectCreateRule.java:96)
		at org.apache.tomcat.util.digester.Digester.startElement(Digester.java:1254)
		... 58 more
04-Jun-2026 14:56:37.290 SEVERE [main] org.apache.catalina.startup.ContextConfig.processContextConfig Occurred at line [62] column [56]
04-Jun-2026 14:56:37.306 SEVERE [main] org.apache.catalina.startup.ContextConfig.configureStart Marking this application unavailable due to previous error(s)
04-Jun-2026 14:56:37.306 SEVERE [main] org.apache.catalina.core.StandardContext.startInternal One or more components marked the context as not correctly configured
04-Jun-2026 14:56:37.306 SEVERE [main] org.apache.catalina.core.StandardContext.startInternal Context [] startup failed due to previous errors
04-Jun-2026 14:56:37.306 INFO [main] org.apache.catalina.startup.HostConfig.deployDirectory Deployment of web application directory [D:\evan\yen\hardening_tomcat9\apache-tomcat-9.0.118\webapps\ROOT] has finished in [32] ms
04-Jun-2026 14:56:37.306 INFO [main] org.apache.coyote.AbstractProtocol.start Starting ProtocolHandler ["http-nio-8080"]
04-Jun-2026 14:56:37.338 INFO [main] org.apache.catalina.startup.Catalina.start Server startup in [466] milliseconds
04-Jun-2026 15:02:18.960 INFO [Thread-2] org.apache.coyote.AbstractProtocol.pause Pausing ProtocolHandler ["http-nio-8080"]
04-Jun-2026 15:02:19.221 INFO [Thread-2] org.apache.catalina.core.StandardService.stopInternal Stopping service [Catalina]
04-Jun-2026 15:02:19.224 INFO [Thread-2] org.apache.coyote.AbstractProtocol.stop Stopping ProtocolHandler ["http-nio-8080"]
04-Jun-2026 15:02:19.225 INFO [Thread-2] org.apache.coyote.AbstractProtocol.destroy Destroying ProtocolHandler ["http-nio-8080"]
04-Jun-2026 15:04:20.625 INFO [main] org.apache.catalina.startup.VersionLoggerListener.log Server version name:   Apache Tomcat/9.0.118
04-Jun-2026 15:04:20.625 INFO [main] org.apache.catalina.startup.VersionLoggerListener.log Server built:          May 1 2026 19:30:30 UTC
04-Jun-2026 15:04:20.625 INFO [main] org.apache.catalina.startup.VersionLoggerListener.log Server version number: 9.0.118.0
04-Jun-2026 15:04:20.625 INFO [main] org.apache.catalina.startup.VersionLoggerListener.log OS Name:               Windows 10
04-Jun-2026 15:04:20.625 INFO [main] org.apache.catalina.startup.VersionLoggerListener.log OS Version:            10.0
04-Jun-2026 15:04:20.625 INFO [main] org.apache.catalina.startup.VersionLoggerListener.log Architecture:          amd64
04-Jun-2026 15:04:20.625 INFO [main] org.apache.catalina.startup.VersionLoggerListener.log Java Home:             C:\Program Files\Java\jdk1.8.0_202\jre
04-Jun-2026 15:04:20.625 INFO [main] org.apache.catalina.startup.VersionLoggerListener.log JVM Version:           1.8.0_202-b08
04-Jun-2026 15:04:20.625 INFO [main] org.apache.catalina.startup.VersionLoggerListener.log JVM Vendor:            Oracle Corporation
04-Jun-2026 15:04:20.625 INFO [main] org.apache.catalina.startup.VersionLoggerListener.log CATALINA_BASE:         D:\evan\yen\hardening_tomcat9\apache-tomcat-9.0.118
04-Jun-2026 15:04:20.625 INFO [main] org.apache.catalina.startup.VersionLoggerListener.log CATALINA_HOME:         D:\evan\yen\hardening_tomcat9\apache-tomcat-9.0.118
04-Jun-2026 15:04:20.625 INFO [main] org.apache.catalina.startup.VersionLoggerListener.log Command line argument: -Djava.util.logging.config.file=D:\evan\yen\hardening_tomcat9\apache-tomcat-9.0.118\conf\logging.properties
04-Jun-2026 15:04:20.625 INFO [main] org.apache.catalina.startup.VersionLoggerListener.log Command line argument: -Djava.util.logging.manager=org.apache.juli.ClassLoaderLogManager
04-Jun-2026 15:04:20.625 INFO [main] org.apache.catalina.startup.VersionLoggerListener.log Command line argument: -Djdk.tls.ephemeralDHKeySize=2048
04-Jun-2026 15:04:20.625 INFO [main] org.apache.catalina.startup.VersionLoggerListener.log Command line argument: -Djava.protocol.handler.pkgs=org.apache.catalina.webresources
04-Jun-2026 15:04:20.625 INFO [main] org.apache.catalina.startup.VersionLoggerListener.log Command line argument: -Dsun.io.useCanonCaches=false
04-Jun-2026 15:04:20.625 INFO [main] org.apache.catalina.startup.VersionLoggerListener.log Command line argument: -Dignore.endorsed.dirs=
04-Jun-2026 15:04:20.625 INFO [main] org.apache.catalina.startup.VersionLoggerListener.log Command line argument: -Dcatalina.base=D:\evan\yen\hardening_tomcat9\apache-tomcat-9.0.118
04-Jun-2026 15:04:20.625 INFO [main] org.apache.catalina.startup.VersionLoggerListener.log Command line argument: -Dcatalina.home=D:\evan\yen\hardening_tomcat9\apache-tomcat-9.0.118
04-Jun-2026 15:04:20.625 INFO [main] org.apache.catalina.startup.VersionLoggerListener.log Command line argument: -Djava.io.tmpdir=D:\evan\yen\hardening_tomcat9\apache-tomcat-9.0.118\temp
04-Jun-2026 15:04:20.641 INFO [main] org.apache.catalina.core.AprLifecycleListener.lifecycleEvent Loaded Apache Tomcat Native library [1.3.7] using APR version [1.7.6].
04-Jun-2026 15:04:20.641 INFO [main] org.apache.catalina.core.AprLifecycleListener.lifecycleEvent APR capabilities: IPv6 [true], sendfile [true], accept filters [false], random [true], UDS [true].
04-Jun-2026 15:04:20.641 INFO [main] org.apache.catalina.core.AprLifecycleListener.lifecycleEvent APR/OpenSSL configuration: useAprConnector [false], useOpenSSL [true]
04-Jun-2026 15:04:20.641 INFO [main] org.apache.catalina.core.AprLifecycleListener.initializeSSL OpenSSL successfully initialized [OpenSSL 3.0.19 27 Jan 2026]
04-Jun-2026 15:04:20.929 INFO [main] org.apache.coyote.AbstractProtocol.init Initializing ProtocolHandler ["http-nio-8080"]
04-Jun-2026 15:04:20.949 INFO [main] org.apache.catalina.startup.Catalina.load Server initialization in [485] milliseconds
04-Jun-2026 15:04:20.976 INFO [main] org.apache.catalina.core.StandardService.startInternal Starting service [Catalina]
04-Jun-2026 15:04:20.976 INFO [main] org.apache.catalina.core.StandardEngine.startInternal Starting Servlet engine: [Apache Tomcat/9.0.118]
04-Jun-2026 15:04:20.992 INFO [main] org.apache.catalina.startup.HostConfig.deployDirectory Deploying web application directory [D:\evan\yen\hardening_tomcat9\apache-tomcat-9.0.118\webapps\host-manager]
04-Jun-2026 15:04:21.024 SEVERE [main] org.apache.tomcat.util.digester.Digester.endElement End event threw exception
	java.lang.IllegalArgumentException: argument type mismatch
		at sun.reflect.NativeMethodAccessorImpl.invoke0(Native Method)
		at sun.reflect.NativeMethodAccessorImpl.invoke(NativeMethodAccessorImpl.java:62)
		at sun.reflect.DelegatingMethodAccessorImpl.invoke(DelegatingMethodAccessorImpl.java:43)
		at java.lang.reflect.Method.invoke(Method.java:498)
		at org.apache.tomcat.util.IntrospectionUtils.callMethod1(IntrospectionUtils.java:483)
		at org.apache.tomcat.util.digester.SetNextRule.end(SetNextRule.java:144)
		at org.apache.tomcat.util.digester.Digester.endElement(Digester.java:1026)
		at com.sun.org.apache.xerces.internal.parsers.AbstractSAXParser.endElement(AbstractSAXParser.java:609)
		at com.sun.org.apache.xerces.internal.parsers.AbstractXMLDocumentParser.emptyElement(AbstractXMLDocumentParser.java:183)
		at com.sun.org.apache.xerces.internal.impl.XMLDocumentFragmentScannerImpl.scanStartElement(XMLDocumentFragmentScannerImpl.java:1339)
		at com.sun.org.apache.xerces.internal.impl.XMLDocumentFragmentScannerImpl$FragmentContentDriver.next(XMLDocumentFragmentScannerImpl.java:2784)
		at com.sun.org.apache.xerces.internal.impl.XMLDocumentScannerImpl.next(XMLDocumentScannerImpl.java:602)
		at com.sun.org.apache.xerces.internal.impl.XMLDocumentFragmentScannerImpl.scanDocument(XMLDocumentFragmentScannerImpl.java:505)
		at com.sun.org.apache.xerces.internal.parsers.XML11Configuration.parse(XML11Configuration.java:842)
		at com.sun.org.apache.xerces.internal.parsers.XML11Configuration.parse(XML11Configuration.java:771)
		at com.sun.org.apache.xerces.internal.parsers.XMLParser.parse(XMLParser.java:141)
		at com.sun.org.apache.xerces.internal.parsers.AbstractSAXParser.parse(AbstractSAXParser.java:1213)
		at com.sun.org.apache.xerces.internal.jaxp.SAXParserImpl$JAXPSAXParser.parse(SAXParserImpl.java:643)
		at org.apache.tomcat.util.digester.Digester.parse(Digester.java:1518)
		at org.apache.catalina.startup.ContextConfig.processContextConfig(ContextConfig.java:729)
		at org.apache.catalina.startup.ContextConfig.contextConfig(ContextConfig.java:594)
		at org.apache.catalina.startup.ContextConfig.init(ContextConfig.java:937)
		at org.apache.catalina.startup.ContextConfig.lifecycleEvent(ContextConfig.java:299)
		at org.apache.catalina.util.LifecycleBase.fireLifecycleEvent(LifecycleBase.java:109)
		at org.apache.catalina.util.LifecycleBase.setStateInternal(LifecycleBase.java:389)
		at org.apache.catalina.util.LifecycleBase.init(LifecycleBase.java:123)
		at org.apache.catalina.util.LifecycleBase.start(LifecycleBase.java:155)
		at org.apache.catalina.core.ContainerBase.addChildInternal(ContainerBase.java:597)
		at org.apache.catalina.core.ContainerBase.addChild(ContainerBase.java:569)
		at org.apache.catalina.core.StandardHost.addChild(StandardHost.java:608)
		at org.apache.catalina.startup.HostConfig.deployDirectory(HostConfig.java:1171)
		at org.apache.catalina.startup.HostConfig$DeployDirectory.run(HostConfig.java:1880)
		at java.util.concurrent.Executors$RunnableAdapter.call(Executors.java:511)
		at java.util.concurrent.FutureTask.run(FutureTask.java:266)
		at org.apache.tomcat.util.threads.InlineExecutorService.execute(InlineExecutorService.java:82)
		at java.util.concurrent.AbstractExecutorService.submit(AbstractExecutorService.java:112)
		at org.apache.catalina.startup.HostConfig.deployDirectories(HostConfig.java:1082)
		at org.apache.catalina.startup.HostConfig.deployApps(HostConfig.java:467)
		at org.apache.catalina.startup.HostConfig.start(HostConfig.java:1576)
		at org.apache.catalina.startup.HostConfig.lifecycleEvent(HostConfig.java:309)
		at org.apache.catalina.util.LifecycleBase.fireLifecycleEvent(LifecycleBase.java:109)
		at org.apache.catalina.util.LifecycleBase.setStateInternal(LifecycleBase.java:389)
		at org.apache.catalina.util.LifecycleBase.setState(LifecycleBase.java:336)
		at org.apache.catalina.core.ContainerBase.startInternal(ContainerBase.java:774)
		at org.apache.catalina.core.StandardHost.startInternal(StandardHost.java:726)
		at org.apache.catalina.util.LifecycleBase.start(LifecycleBase.java:164)
		at org.apache.catalina.core.ContainerBase$StartChild.call(ContainerBase.java:1201)
		at org.apache.catalina.core.ContainerBase$StartChild.call(ContainerBase.java:1191)
		at java.util.concurrent.FutureTask.run(FutureTask.java:266)
		at org.apache.tomcat.util.threads.InlineExecutorService.execute(InlineExecutorService.java:82)
		at java.util.concurrent.AbstractExecutorService.submit(AbstractExecutorService.java:134)
		at org.apache.catalina.core.ContainerBase.startInternal(ContainerBase.java:747)
		at org.apache.catalina.core.StandardEngine.startInternal(StandardEngine.java:209)
		at org.apache.catalina.util.LifecycleBase.start(LifecycleBase.java:164)
		at org.apache.catalina.core.StandardService.startInternal(StandardService.java:410)
		at org.apache.catalina.util.LifecycleBase.start(LifecycleBase.java:164)
		at org.apache.catalina.core.StandardServer.startInternal(StandardServer.java:872)
		at org.apache.catalina.util.LifecycleBase.start(LifecycleBase.java:164)
		at org.apache.catalina.startup.Catalina.start(Catalina.java:736)
		at sun.reflect.NativeMethodAccessorImpl.invoke0(Native Method)
		at sun.reflect.NativeMethodAccessorImpl.invoke(NativeMethodAccessorImpl.java:62)
		at sun.reflect.DelegatingMethodAccessorImpl.invoke(DelegatingMethodAccessorImpl.java:43)
		at java.lang.reflect.Method.invoke(Method.java:498)
		at org.apache.catalina.startup.Bootstrap.start(Bootstrap.java:342)
		at org.apache.catalina.startup.Bootstrap.main(Bootstrap.java:473)
04-Jun-2026 15:04:21.024 SEVERE [main] org.apache.catalina.startup.ContextConfig.processContextConfig Parse error in context.xml for [/host-manager]
	org.xml.sax.SAXParseException; systemId: file:/D:/evan/yen/hardening_tomcat9/apache-tomcat-9.0.118/conf/context.xml; lineNumber: 62; columnNumber: 56; Error at line [62] column [56]: [argument type mismatch]
		at org.apache.tomcat.util.digester.Digester.createSAXException(Digester.java:1960)
		at org.apache.tomcat.util.digester.Digester.createSAXException(Digester.java:1993)
		at org.apache.tomcat.util.digester.Digester.endElement(Digester.java:1029)
		at com.sun.org.apache.xerces.internal.parsers.AbstractSAXParser.endElement(AbstractSAXParser.java:609)
		at com.sun.org.apache.xerces.internal.parsers.AbstractXMLDocumentParser.emptyElement(AbstractXMLDocumentParser.java:183)
		at com.sun.org.apache.xerces.internal.impl.XMLDocumentFragmentScannerImpl.scanStartElement(XMLDocumentFragmentScannerImpl.java:1339)
		at com.sun.org.apache.xerces.internal.impl.XMLDocumentFragmentScannerImpl$FragmentContentDriver.next(XMLDocumentFragmentScannerImpl.java:2784)
		at com.sun.org.apache.xerces.internal.impl.XMLDocumentScannerImpl.next(XMLDocumentScannerImpl.java:602)
		at com.sun.org.apache.xerces.internal.impl.XMLDocumentFragmentScannerImpl.scanDocument(XMLDocumentFragmentScannerImpl.java:505)
		at com.sun.org.apache.xerces.internal.parsers.XML11Configuration.parse(XML11Configuration.java:842)
		at com.sun.org.apache.xerces.internal.parsers.XML11Configuration.parse(XML11Configuration.java:771)
		at com.sun.org.apache.xerces.internal.parsers.XMLParser.parse(XMLParser.java:141)
		at com.sun.org.apache.xerces.internal.parsers.AbstractSAXParser.parse(AbstractSAXParser.java:1213)
		at com.sun.org.apache.xerces.internal.jaxp.SAXParserImpl$JAXPSAXParser.parse(SAXParserImpl.java:643)
		at org.apache.tomcat.util.digester.Digester.parse(Digester.java:1518)
		at org.apache.catalina.startup.ContextConfig.processContextConfig(ContextConfig.java:729)
		at org.apache.catalina.startup.ContextConfig.contextConfig(ContextConfig.java:594)
		at org.apache.catalina.startup.ContextConfig.init(ContextConfig.java:937)
		at org.apache.catalina.startup.ContextConfig.lifecycleEvent(ContextConfig.java:299)
		at org.apache.catalina.util.LifecycleBase.fireLifecycleEvent(LifecycleBase.java:109)
		at org.apache.catalina.util.LifecycleBase.setStateInternal(LifecycleBase.java:389)
		at org.apache.catalina.util.LifecycleBase.init(LifecycleBase.java:123)
		at org.apache.catalina.util.LifecycleBase.start(LifecycleBase.java:155)
		at org.apache.catalina.core.ContainerBase.addChildInternal(ContainerBase.java:597)
		at org.apache.catalina.core.ContainerBase.addChild(ContainerBase.java:569)
		at org.apache.catalina.core.StandardHost.addChild(StandardHost.java:608)
		at org.apache.catalina.startup.HostConfig.deployDirectory(HostConfig.java:1171)
		at org.apache.catalina.startup.HostConfig$DeployDirectory.run(HostConfig.java:1880)
		at java.util.concurrent.Executors$RunnableAdapter.call(Executors.java:511)
		at java.util.concurrent.FutureTask.run(FutureTask.java:266)
		at org.apache.tomcat.util.threads.InlineExecutorService.execute(InlineExecutorService.java:82)
		at java.util.concurrent.AbstractExecutorService.submit(AbstractExecutorService.java:112)
		at org.apache.catalina.startup.HostConfig.deployDirectories(HostConfig.java:1082)
		at org.apache.catalina.startup.HostConfig.deployApps(HostConfig.java:467)
		at org.apache.catalina.startup.HostConfig.start(HostConfig.java:1576)
		at org.apache.catalina.startup.HostConfig.lifecycleEvent(HostConfig.java:309)
		at org.apache.catalina.util.LifecycleBase.fireLifecycleEvent(LifecycleBase.java:109)
		at org.apache.catalina.util.LifecycleBase.setStateInternal(LifecycleBase.java:389)
		at org.apache.catalina.util.LifecycleBase.setState(LifecycleBase.java:336)
		at org.apache.catalina.core.ContainerBase.startInternal(ContainerBase.java:774)
		at org.apache.catalina.core.StandardHost.startInternal(StandardHost.java:726)
		at org.apache.catalina.util.LifecycleBase.start(LifecycleBase.java:164)
		at org.apache.catalina.core.ContainerBase$StartChild.call(ContainerBase.java:1201)
		at org.apache.catalina.core.ContainerBase$StartChild.call(ContainerBase.java:1191)
		at java.util.concurrent.FutureTask.run(FutureTask.java:266)
		at org.apache.tomcat.util.threads.InlineExecutorService.execute(InlineExecutorService.java:82)
		at java.util.concurrent.AbstractExecutorService.submit(AbstractExecutorService.java:134)
		at org.apache.catalina.core.ContainerBase.startInternal(ContainerBase.java:747)
		at org.apache.catalina.core.StandardEngine.startInternal(StandardEngine.java:209)
		at org.apache.catalina.util.LifecycleBase.start(LifecycleBase.java:164)
		at org.apache.catalina.core.StandardService.startInternal(StandardService.java:410)
		at org.apache.catalina.util.LifecycleBase.start(LifecycleBase.java:164)
		at org.apache.catalina.core.StandardServer.startInternal(StandardServer.java:872)
		at org.apache.catalina.util.LifecycleBase.start(LifecycleBase.java:164)
		at org.apache.catalina.startup.Catalina.start(Catalina.java:736)
		at sun.reflect.NativeMethodAccessorImpl.invoke0(Native Method)
		at sun.reflect.NativeMethodAccessorImpl.invoke(NativeMethodAccessorImpl.java:62)
		at sun.reflect.DelegatingMethodAccessorImpl.invoke(DelegatingMethodAccessorImpl.java:43)
		at java.lang.reflect.Method.invoke(Method.java:498)
		at org.apache.catalina.startup.Bootstrap.start(Bootstrap.java:342)
		at org.apache.catalina.startup.Bootstrap.main(Bootstrap.java:473)
	Caused by: java.lang.IllegalArgumentException: argument type mismatch
		at sun.reflect.NativeMethodAccessorImpl.invoke0(Native Method)
		at sun.reflect.NativeMethodAccessorImpl.invoke(NativeMethodAccessorImpl.java:62)
		at sun.reflect.DelegatingMethodAccessorImpl.invoke(DelegatingMethodAccessorImpl.java:43)
		at java.lang.reflect.Method.invoke(Method.java:498)
		at org.apache.tomcat.util.IntrospectionUtils.callMethod1(IntrospectionUtils.java:483)
		at org.apache.tomcat.util.digester.SetNextRule.end(SetNextRule.java:144)
		at org.apache.tomcat.util.digester.Digester.endElement(Digester.java:1026)
		... 58 more
04-Jun-2026 15:04:21.024 SEVERE [main] org.apache.catalina.startup.ContextConfig.processContextConfig Occurred at line [62] column [56]
04-Jun-2026 15:04:21.024 WARNING [main] org.apache.tomcat.util.digester.Digester.endElement No rules found matching [Context/Listener/Context/CookieProcessor]
04-Jun-2026 15:04:21.024 WARNING [main] org.apache.tomcat.util.digester.Digester.endElement No rules found matching [Context/Listener/Context/Valve]
04-Jun-2026 15:04:21.024 WARNING [main] org.apache.tomcat.util.digester.Digester.endElement No rules found matching [Context/Listener/Context/Manager]
04-Jun-2026 15:04:21.024 WARNING [main] org.apache.tomcat.util.digester.Digester.endElement No rules found matching [Context/Listener/Context]
04-Jun-2026 15:04:21.139 SEVERE [main] org.apache.catalina.startup.ContextConfig.configureStart Marking this application unavailable due to previous error(s)
04-Jun-2026 15:04:21.151 SEVERE [main] org.apache.catalina.core.StandardContext.startInternal One or more components marked the context as not correctly configured
04-Jun-2026 15:04:21.310 WARNING [main] org.apache.catalina.util.SessionIdGeneratorBase.createSecureRandom Creation of SecureRandom instance for session ID generation using [SHA1PRNG] took [155] milliseconds.
04-Jun-2026 15:04:21.310 SEVERE [main] org.apache.catalina.core.StandardContext.startInternal Context [/host-manager] startup failed due to previous errors
04-Jun-2026 15:04:21.310 INFO [main] org.apache.catalina.startup.HostConfig.deployDirectory Deployment of web application directory [D:\evan\yen\hardening_tomcat9\apache-tomcat-9.0.118\webapps\host-manager] has finished in [318] ms
04-Jun-2026 15:04:21.310 INFO [main] org.apache.catalina.startup.HostConfig.deployDirectory Deploying web application directory [D:\evan\yen\hardening_tomcat9\apache-tomcat-9.0.118\webapps\manager]
04-Jun-2026 15:04:21.326 SEVERE [main] org.apache.tomcat.util.digester.Digester.endElement End event threw exception
	java.lang.IllegalArgumentException: argument type mismatch
		at sun.reflect.NativeMethodAccessorImpl.invoke0(Native Method)
		at sun.reflect.NativeMethodAccessorImpl.invoke(NativeMethodAccessorImpl.java:62)
		at sun.reflect.DelegatingMethodAccessorImpl.invoke(DelegatingMethodAccessorImpl.java:43)
		at java.lang.reflect.Method.invoke(Method.java:498)
		at org.apache.tomcat.util.IntrospectionUtils.callMethod1(IntrospectionUtils.java:483)
		at org.apache.tomcat.util.digester.SetNextRule.end(SetNextRule.java:144)
		at org.apache.tomcat.util.digester.Digester.endElement(Digester.java:1026)
		at com.sun.org.apache.xerces.internal.parsers.AbstractSAXParser.endElement(AbstractSAXParser.java:609)
		at com.sun.org.apache.xerces.internal.parsers.AbstractXMLDocumentParser.emptyElement(AbstractXMLDocumentParser.java:183)
		at com.sun.org.apache.xerces.internal.impl.XMLDocumentFragmentScannerImpl.scanStartElement(XMLDocumentFragmentScannerImpl.java:1339)
		at com.sun.org.apache.xerces.internal.impl.XMLDocumentFragmentScannerImpl$FragmentContentDriver.next(XMLDocumentFragmentScannerImpl.java:2784)
		at com.sun.org.apache.xerces.internal.impl.XMLDocumentScannerImpl.next(XMLDocumentScannerImpl.java:602)
		at com.sun.org.apache.xerces.internal.impl.XMLDocumentFragmentScannerImpl.scanDocument(XMLDocumentFragmentScannerImpl.java:505)
		at com.sun.org.apache.xerces.internal.parsers.XML11Configuration.parse(XML11Configuration.java:842)
		at com.sun.org.apache.xerces.internal.parsers.XML11Configuration.parse(XML11Configuration.java:771)
		at com.sun.org.apache.xerces.internal.parsers.XMLParser.parse(XMLParser.java:141)
		at com.sun.org.apache.xerces.internal.parsers.AbstractSAXParser.parse(AbstractSAXParser.java:1213)
		at com.sun.org.apache.xerces.internal.jaxp.SAXParserImpl$JAXPSAXParser.parse(SAXParserImpl.java:643)
		at org.apache.tomcat.util.digester.Digester.parse(Digester.java:1518)
		at org.apache.catalina.startup.ContextConfig.processContextConfig(ContextConfig.java:729)
		at org.apache.catalina.startup.ContextConfig.contextConfig(ContextConfig.java:594)
		at org.apache.catalina.startup.ContextConfig.init(ContextConfig.java:937)
		at org.apache.catalina.startup.ContextConfig.lifecycleEvent(ContextConfig.java:299)
		at org.apache.catalina.util.LifecycleBase.fireLifecycleEvent(LifecycleBase.java:109)
		at org.apache.catalina.util.LifecycleBase.setStateInternal(LifecycleBase.java:389)
		at org.apache.catalina.util.LifecycleBase.init(LifecycleBase.java:123)
		at org.apache.catalina.util.LifecycleBase.start(LifecycleBase.java:155)
		at org.apache.catalina.core.ContainerBase.addChildInternal(ContainerBase.java:597)
		at org.apache.catalina.core.ContainerBase.addChild(ContainerBase.java:569)
		at org.apache.catalina.core.StandardHost.addChild(StandardHost.java:608)
		at org.apache.catalina.startup.HostConfig.deployDirectory(HostConfig.java:1171)
		at org.apache.catalina.startup.HostConfig$DeployDirectory.run(HostConfig.java:1880)
		at java.util.concurrent.Executors$RunnableAdapter.call(Executors.java:511)
		at java.util.concurrent.FutureTask.run(FutureTask.java:266)
		at org.apache.tomcat.util.threads.InlineExecutorService.execute(InlineExecutorService.java:82)
		at java.util.concurrent.AbstractExecutorService.submit(AbstractExecutorService.java:112)
		at org.apache.catalina.startup.HostConfig.deployDirectories(HostConfig.java:1082)
		at org.apache.catalina.startup.HostConfig.deployApps(HostConfig.java:467)
		at org.apache.catalina.startup.HostConfig.start(HostConfig.java:1576)
		at org.apache.catalina.startup.HostConfig.lifecycleEvent(HostConfig.java:309)
		at org.apache.catalina.util.LifecycleBase.fireLifecycleEvent(LifecycleBase.java:109)
		at org.apache.catalina.util.LifecycleBase.setStateInternal(LifecycleBase.java:389)
		at org.apache.catalina.util.LifecycleBase.setState(LifecycleBase.java:336)
		at org.apache.catalina.core.ContainerBase.startInternal(ContainerBase.java:774)
		at org.apache.catalina.core.StandardHost.startInternal(StandardHost.java:726)
		at org.apache.catalina.util.LifecycleBase.start(LifecycleBase.java:164)
		at org.apache.catalina.core.ContainerBase$StartChild.call(ContainerBase.java:1201)
		at org.apache.catalina.core.ContainerBase$StartChild.call(ContainerBase.java:1191)
		at java.util.concurrent.FutureTask.run(FutureTask.java:266)
		at org.apache.tomcat.util.threads.InlineExecutorService.execute(InlineExecutorService.java:82)
		at java.util.concurrent.AbstractExecutorService.submit(AbstractExecutorService.java:134)
		at org.apache.catalina.core.ContainerBase.startInternal(ContainerBase.java:747)
		at org.apache.catalina.core.StandardEngine.startInternal(StandardEngine.java:209)
		at org.apache.catalina.util.LifecycleBase.start(LifecycleBase.java:164)
		at org.apache.catalina.core.StandardService.startInternal(StandardService.java:410)
		at org.apache.catalina.util.LifecycleBase.start(LifecycleBase.java:164)
		at org.apache.catalina.core.StandardServer.startInternal(StandardServer.java:872)
		at org.apache.catalina.util.LifecycleBase.start(LifecycleBase.java:164)
		at org.apache.catalina.startup.Catalina.start(Catalina.java:736)
		at sun.reflect.NativeMethodAccessorImpl.invoke0(Native Method)
		at sun.reflect.NativeMethodAccessorImpl.invoke(NativeMethodAccessorImpl.java:62)
		at sun.reflect.DelegatingMethodAccessorImpl.invoke(DelegatingMethodAccessorImpl.java:43)
		at java.lang.reflect.Method.invoke(Method.java:498)
		at org.apache.catalina.startup.Bootstrap.start(Bootstrap.java:342)
		at org.apache.catalina.startup.Bootstrap.main(Bootstrap.java:473)
04-Jun-2026 15:04:21.326 SEVERE [main] org.apache.catalina.startup.ContextConfig.processContextConfig Parse error in context.xml for [/manager]
	org.xml.sax.SAXParseException; systemId: file:/D:/evan/yen/hardening_tomcat9/apache-tomcat-9.0.118/conf/context.xml; lineNumber: 62; columnNumber: 56; Error at line [62] column [56]: [argument type mismatch]
		at org.apache.tomcat.util.digester.Digester.createSAXException(Digester.java:1960)
		at org.apache.tomcat.util.digester.Digester.createSAXException(Digester.java:1993)
		at org.apache.tomcat.util.digester.Digester.endElement(Digester.java:1029)
		at com.sun.org.apache.xerces.internal.parsers.AbstractSAXParser.endElement(AbstractSAXParser.java:609)
		at com.sun.org.apache.xerces.internal.parsers.AbstractXMLDocumentParser.emptyElement(AbstractXMLDocumentParser.java:183)
		at com.sun.org.apache.xerces.internal.impl.XMLDocumentFragmentScannerImpl.scanStartElement(XMLDocumentFragmentScannerImpl.java:1339)
		at com.sun.org.apache.xerces.internal.impl.XMLDocumentFragmentScannerImpl$FragmentContentDriver.next(XMLDocumentFragmentScannerImpl.java:2784)
		at com.sun.org.apache.xerces.internal.impl.XMLDocumentScannerImpl.next(XMLDocumentScannerImpl.java:602)
		at com.sun.org.apache.xerces.internal.impl.XMLDocumentFragmentScannerImpl.scanDocument(XMLDocumentFragmentScannerImpl.java:505)
		at com.sun.org.apache.xerces.internal.parsers.XML11Configuration.parse(XML11Configuration.java:842)
		at com.sun.org.apache.xerces.internal.parsers.XML11Configuration.parse(XML11Configuration.java:771)
		at com.sun.org.apache.xerces.internal.parsers.XMLParser.parse(XMLParser.java:141)
		at com.sun.org.apache.xerces.internal.parsers.AbstractSAXParser.parse(AbstractSAXParser.java:1213)
		at com.sun.org.apache.xerces.internal.jaxp.SAXParserImpl$JAXPSAXParser.parse(SAXParserImpl.java:643)
		at org.apache.tomcat.util.digester.Digester.parse(Digester.java:1518)
		at org.apache.catalina.startup.ContextConfig.processContextConfig(ContextConfig.java:729)
		at org.apache.catalina.startup.ContextConfig.contextConfig(ContextConfig.java:594)
		at org.apache.catalina.startup.ContextConfig.init(ContextConfig.java:937)
		at org.apache.catalina.startup.ContextConfig.lifecycleEvent(ContextConfig.java:299)
		at org.apache.catalina.util.LifecycleBase.fireLifecycleEvent(LifecycleBase.java:109)
		at org.apache.catalina.util.LifecycleBase.setStateInternal(LifecycleBase.java:389)
		at org.apache.catalina.util.LifecycleBase.init(LifecycleBase.java:123)
		at org.apache.catalina.util.LifecycleBase.start(LifecycleBase.java:155)
		at org.apache.catalina.core.ContainerBase.addChildInternal(ContainerBase.java:597)
		at org.apache.catalina.core.ContainerBase.addChild(ContainerBase.java:569)
		at org.apache.catalina.core.StandardHost.addChild(StandardHost.java:608)
		at org.apache.catalina.startup.HostConfig.deployDirectory(HostConfig.java:1171)
		at org.apache.catalina.startup.HostConfig$DeployDirectory.run(HostConfig.java:1880)
		at java.util.concurrent.Executors$RunnableAdapter.call(Executors.java:511)
		at java.util.concurrent.FutureTask.run(FutureTask.java:266)
		at org.apache.tomcat.util.threads.InlineExecutorService.execute(InlineExecutorService.java:82)
		at java.util.concurrent.AbstractExecutorService.submit(AbstractExecutorService.java:112)
		at org.apache.catalina.startup.HostConfig.deployDirectories(HostConfig.java:1082)
		at org.apache.catalina.startup.HostConfig.deployApps(HostConfig.java:467)
		at org.apache.catalina.startup.HostConfig.start(HostConfig.java:1576)
		at org.apache.catalina.startup.HostConfig.lifecycleEvent(HostConfig.java:309)
		at org.apache.catalina.util.LifecycleBase.fireLifecycleEvent(LifecycleBase.java:109)
		at org.apache.catalina.util.LifecycleBase.setStateInternal(LifecycleBase.java:389)
		at org.apache.catalina.util.LifecycleBase.setState(LifecycleBase.java:336)
		at org.apache.catalina.core.ContainerBase.startInternal(ContainerBase.java:774)
		at org.apache.catalina.core.StandardHost.startInternal(StandardHost.java:726)
		at org.apache.catalina.util.LifecycleBase.start(LifecycleBase.java:164)
		at org.apache.catalina.core.ContainerBase$StartChild.call(ContainerBase.java:1201)
		at org.apache.catalina.core.ContainerBase$StartChild.call(ContainerBase.java:1191)
		at java.util.concurrent.FutureTask.run(FutureTask.java:266)
		at org.apache.tomcat.util.threads.InlineExecutorService.execute(InlineExecutorService.java:82)
		at java.util.concurrent.AbstractExecutorService.submit(AbstractExecutorService.java:134)
		at org.apache.catalina.core.ContainerBase.startInternal(ContainerBase.java:747)
		at org.apache.catalina.core.StandardEngine.startInternal(StandardEngine.java:209)
		at org.apache.catalina.util.LifecycleBase.start(LifecycleBase.java:164)
		at org.apache.catalina.core.StandardService.startInternal(StandardService.java:410)
		at org.apache.catalina.util.LifecycleBase.start(LifecycleBase.java:164)
		at org.apache.catalina.core.StandardServer.startInternal(StandardServer.java:872)
		at org.apache.catalina.util.LifecycleBase.start(LifecycleBase.java:164)
		at org.apache.catalina.startup.Catalina.start(Catalina.java:736)
		at sun.reflect.NativeMethodAccessorImpl.invoke0(Native Method)
		at sun.reflect.NativeMethodAccessorImpl.invoke(NativeMethodAccessorImpl.java:62)
		at sun.reflect.DelegatingMethodAccessorImpl.invoke(DelegatingMethodAccessorImpl.java:43)
		at java.lang.reflect.Method.invoke(Method.java:498)
		at org.apache.catalina.startup.Bootstrap.start(Bootstrap.java:342)
		at org.apache.catalina.startup.Bootstrap.main(Bootstrap.java:473)
	Caused by: java.lang.IllegalArgumentException: argument type mismatch
		at sun.reflect.NativeMethodAccessorImpl.invoke0(Native Method)
		at sun.reflect.NativeMethodAccessorImpl.invoke(NativeMethodAccessorImpl.java:62)
		at sun.reflect.DelegatingMethodAccessorImpl.invoke(DelegatingMethodAccessorImpl.java:43)
		at java.lang.reflect.Method.invoke(Method.java:498)
		at org.apache.tomcat.util.IntrospectionUtils.callMethod1(IntrospectionUtils.java:483)
		at org.apache.tomcat.util.digester.SetNextRule.end(SetNextRule.java:144)
		at org.apache.tomcat.util.digester.Digester.endElement(Digester.java:1026)
		... 58 more
04-Jun-2026 15:04:21.326 SEVERE [main] org.apache.catalina.startup.ContextConfig.processContextConfig Occurred at line [62] column [56]
04-Jun-2026 15:04:21.326 WARNING [main] org.apache.tomcat.util.digester.Digester.endElement No rules found matching [Context/Listener/Context/CookieProcessor]
04-Jun-2026 15:04:21.326 WARNING [main] org.apache.tomcat.util.digester.Digester.endElement No rules found matching [Context/Listener/Context/Valve]
04-Jun-2026 15:04:21.326 WARNING [main] org.apache.tomcat.util.digester.Digester.endElement No rules found matching [Context/Listener/Context/Manager]
04-Jun-2026 15:04:21.326 WARNING [main] org.apache.tomcat.util.digester.Digester.endElement No rules found matching [Context/Listener/Context]
04-Jun-2026 15:04:21.353 SEVERE [main] org.apache.catalina.startup.ContextConfig.configureStart Marking this application unavailable due to previous error(s)
04-Jun-2026 15:04:21.353 SEVERE [main] org.apache.catalina.core.StandardContext.startInternal One or more components marked the context as not correctly configured
04-Jun-2026 15:04:21.355 SEVERE [main] org.apache.catalina.core.StandardContext.startInternal Context [/manager] startup failed due to previous errors
04-Jun-2026 15:04:21.360 INFO [main] org.apache.catalina.startup.HostConfig.deployDirectory Deployment of web application directory [D:\evan\yen\hardening_tomcat9\apache-tomcat-9.0.118\webapps\manager] has finished in [48] ms
04-Jun-2026 15:04:21.360 INFO [main] org.apache.catalina.startup.HostConfig.deployDirectory Deploying web application directory [D:\evan\yen\hardening_tomcat9\apache-tomcat-9.0.118\webapps\ROOT]
04-Jun-2026 15:04:21.362 SEVERE [main] org.apache.tomcat.util.digester.Digester.endElement End event threw exception
	java.lang.IllegalArgumentException: argument type mismatch
		at sun.reflect.NativeMethodAccessorImpl.invoke0(Native Method)
		at sun.reflect.NativeMethodAccessorImpl.invoke(NativeMethodAccessorImpl.java:62)
		at sun.reflect.DelegatingMethodAccessorImpl.invoke(DelegatingMethodAccessorImpl.java:43)
		at java.lang.reflect.Method.invoke(Method.java:498)
		at org.apache.tomcat.util.IntrospectionUtils.callMethod1(IntrospectionUtils.java:483)
		at org.apache.tomcat.util.digester.SetNextRule.end(SetNextRule.java:144)
		at org.apache.tomcat.util.digester.Digester.endElement(Digester.java:1026)
		at com.sun.org.apache.xerces.internal.parsers.AbstractSAXParser.endElement(AbstractSAXParser.java:609)
		at com.sun.org.apache.xerces.internal.parsers.AbstractXMLDocumentParser.emptyElement(AbstractXMLDocumentParser.java:183)
		at com.sun.org.apache.xerces.internal.impl.XMLDocumentFragmentScannerImpl.scanStartElement(XMLDocumentFragmentScannerImpl.java:1339)
		at com.sun.org.apache.xerces.internal.impl.XMLDocumentFragmentScannerImpl$FragmentContentDriver.next(XMLDocumentFragmentScannerImpl.java:2784)
		at com.sun.org.apache.xerces.internal.impl.XMLDocumentScannerImpl.next(XMLDocumentScannerImpl.java:602)
		at com.sun.org.apache.xerces.internal.impl.XMLDocumentFragmentScannerImpl.scanDocument(XMLDocumentFragmentScannerImpl.java:505)
		at com.sun.org.apache.xerces.internal.parsers.XML11Configuration.parse(XML11Configuration.java:842)
		at com.sun.org.apache.xerces.internal.parsers.XML11Configuration.parse(XML11Configuration.java:771)
		at com.sun.org.apache.xerces.internal.parsers.XMLParser.parse(XMLParser.java:141)
		at com.sun.org.apache.xerces.internal.parsers.AbstractSAXParser.parse(AbstractSAXParser.java:1213)
		at com.sun.org.apache.xerces.internal.jaxp.SAXParserImpl$JAXPSAXParser.parse(SAXParserImpl.java:643)
		at org.apache.tomcat.util.digester.Digester.parse(Digester.java:1518)
		at org.apache.catalina.startup.ContextConfig.processContextConfig(ContextConfig.java:729)
		at org.apache.catalina.startup.ContextConfig.contextConfig(ContextConfig.java:594)
		at org.apache.catalina.startup.ContextConfig.init(ContextConfig.java:937)
		at org.apache.catalina.startup.ContextConfig.lifecycleEvent(ContextConfig.java:299)
		at org.apache.catalina.util.LifecycleBase.fireLifecycleEvent(LifecycleBase.java:109)
		at org.apache.catalina.util.LifecycleBase.setStateInternal(LifecycleBase.java:389)
		at org.apache.catalina.util.LifecycleBase.init(LifecycleBase.java:123)
		at org.apache.catalina.util.LifecycleBase.start(LifecycleBase.java:155)
		at org.apache.catalina.core.ContainerBase.addChildInternal(ContainerBase.java:597)
		at org.apache.catalina.core.ContainerBase.addChild(ContainerBase.java:569)
		at org.apache.catalina.core.StandardHost.addChild(StandardHost.java:608)
		at org.apache.catalina.startup.HostConfig.deployDirectory(HostConfig.java:1171)
		at org.apache.catalina.startup.HostConfig$DeployDirectory.run(HostConfig.java:1880)
		at java.util.concurrent.Executors$RunnableAdapter.call(Executors.java:511)
		at java.util.concurrent.FutureTask.run(FutureTask.java:266)
		at org.apache.tomcat.util.threads.InlineExecutorService.execute(InlineExecutorService.java:82)
		at java.util.concurrent.AbstractExecutorService.submit(AbstractExecutorService.java:112)
		at org.apache.catalina.startup.HostConfig.deployDirectories(HostConfig.java:1082)
		at org.apache.catalina.startup.HostConfig.deployApps(HostConfig.java:467)
		at org.apache.catalina.startup.HostConfig.start(HostConfig.java:1576)
		at org.apache.catalina.startup.HostConfig.lifecycleEvent(HostConfig.java:309)
		at org.apache.catalina.util.LifecycleBase.fireLifecycleEvent(LifecycleBase.java:109)
		at org.apache.catalina.util.LifecycleBase.setStateInternal(LifecycleBase.java:389)
		at org.apache.catalina.util.LifecycleBase.setState(LifecycleBase.java:336)
		at org.apache.catalina.core.ContainerBase.startInternal(ContainerBase.java:774)
		at org.apache.catalina.core.StandardHost.startInternal(StandardHost.java:726)
		at org.apache.catalina.util.LifecycleBase.start(LifecycleBase.java:164)
		at org.apache.catalina.core.ContainerBase$StartChild.call(ContainerBase.java:1201)
		at org.apache.catalina.core.ContainerBase$StartChild.call(ContainerBase.java:1191)
		at java.util.concurrent.FutureTask.run(FutureTask.java:266)
		at org.apache.tomcat.util.threads.InlineExecutorService.execute(InlineExecutorService.java:82)
		at java.util.concurrent.AbstractExecutorService.submit(AbstractExecutorService.java:134)
		at org.apache.catalina.core.ContainerBase.startInternal(ContainerBase.java:747)
		at org.apache.catalina.core.StandardEngine.startInternal(StandardEngine.java:209)
		at org.apache.catalina.util.LifecycleBase.start(LifecycleBase.java:164)
		at org.apache.catalina.core.StandardService.startInternal(StandardService.java:410)
		at org.apache.catalina.util.LifecycleBase.start(LifecycleBase.java:164)
		at org.apache.catalina.core.StandardServer.startInternal(StandardServer.java:872)
		at org.apache.catalina.util.LifecycleBase.start(LifecycleBase.java:164)
		at org.apache.catalina.startup.Catalina.start(Catalina.java:736)
		at sun.reflect.NativeMethodAccessorImpl.invoke0(Native Method)
		at sun.reflect.NativeMethodAccessorImpl.invoke(NativeMethodAccessorImpl.java:62)
		at sun.reflect.DelegatingMethodAccessorImpl.invoke(DelegatingMethodAccessorImpl.java:43)
		at java.lang.reflect.Method.invoke(Method.java:498)
		at org.apache.catalina.startup.Bootstrap.start(Bootstrap.java:342)
		at org.apache.catalina.startup.Bootstrap.main(Bootstrap.java:473)
04-Jun-2026 15:04:21.364 SEVERE [main] org.apache.catalina.startup.ContextConfig.processContextConfig Parse error in context.xml for []
	org.xml.sax.SAXParseException; systemId: file:/D:/evan/yen/hardening_tomcat9/apache-tomcat-9.0.118/conf/context.xml; lineNumber: 62; columnNumber: 56; Error at line [62] column [56]: [argument type mismatch]
		at org.apache.tomcat.util.digester.Digester.createSAXException(Digester.java:1960)
		at org.apache.tomcat.util.digester.Digester.createSAXException(Digester.java:1993)
		at org.apache.tomcat.util.digester.Digester.endElement(Digester.java:1029)
		at com.sun.org.apache.xerces.internal.parsers.AbstractSAXParser.endElement(AbstractSAXParser.java:609)
		at com.sun.org.apache.xerces.internal.parsers.AbstractXMLDocumentParser.emptyElement(AbstractXMLDocumentParser.java:183)
		at com.sun.org.apache.xerces.internal.impl.XMLDocumentFragmentScannerImpl.scanStartElement(XMLDocumentFragmentScannerImpl.java:1339)
		at com.sun.org.apache.xerces.internal.impl.XMLDocumentFragmentScannerImpl$FragmentContentDriver.next(XMLDocumentFragmentScannerImpl.java:2784)
		at com.sun.org.apache.xerces.internal.impl.XMLDocumentScannerImpl.next(XMLDocumentScannerImpl.java:602)
		at com.sun.org.apache.xerces.internal.impl.XMLDocumentFragmentScannerImpl.scanDocument(XMLDocumentFragmentScannerImpl.java:505)
		at com.sun.org.apache.xerces.internal.parsers.XML11Configuration.parse(XML11Configuration.java:842)
		at com.sun.org.apache.xerces.internal.parsers.XML11Configuration.parse(XML11Configuration.java:771)
		at com.sun.org.apache.xerces.internal.parsers.XMLParser.parse(XMLParser.java:141)
		at com.sun.org.apache.xerces.internal.parsers.AbstractSAXParser.parse(AbstractSAXParser.java:1213)
		at com.sun.org.apache.xerces.internal.jaxp.SAXParserImpl$JAXPSAXParser.parse(SAXParserImpl.java:643)
		at org.apache.tomcat.util.digester.Digester.parse(Digester.java:1518)
		at org.apache.catalina.startup.ContextConfig.processContextConfig(ContextConfig.java:729)
		at org.apache.catalina.startup.ContextConfig.contextConfig(ContextConfig.java:594)
		at org.apache.catalina.startup.ContextConfig.init(ContextConfig.java:937)
		at org.apache.catalina.startup.ContextConfig.lifecycleEvent(ContextConfig.java:299)
		at org.apache.catalina.util.LifecycleBase.fireLifecycleEvent(LifecycleBase.java:109)
		at org.apache.catalina.util.LifecycleBase.setStateInternal(LifecycleBase.java:389)
		at org.apache.catalina.util.LifecycleBase.init(LifecycleBase.java:123)
		at org.apache.catalina.util.LifecycleBase.start(LifecycleBase.java:155)
		at org.apache.catalina.core.ContainerBase.addChildInternal(ContainerBase.java:597)
		at org.apache.catalina.core.ContainerBase.addChild(ContainerBase.java:569)
		at org.apache.catalina.core.StandardHost.addChild(StandardHost.java:608)
		at org.apache.catalina.startup.HostConfig.deployDirectory(HostConfig.java:1171)
		at org.apache.catalina.startup.HostConfig$DeployDirectory.run(HostConfig.java:1880)
		at java.util.concurrent.Executors$RunnableAdapter.call(Executors.java:511)
		at java.util.concurrent.FutureTask.run(FutureTask.java:266)
		at org.apache.tomcat.util.threads.InlineExecutorService.execute(InlineExecutorService.java:82)
		at java.util.concurrent.AbstractExecutorService.submit(AbstractExecutorService.java:112)
		at org.apache.catalina.startup.HostConfig.deployDirectories(HostConfig.java:1082)
		at org.apache.catalina.startup.HostConfig.deployApps(HostConfig.java:467)
		at org.apache.catalina.startup.HostConfig.start(HostConfig.java:1576)
		at org.apache.catalina.startup.HostConfig.lifecycleEvent(HostConfig.java:309)
		at org.apache.catalina.util.LifecycleBase.fireLifecycleEvent(LifecycleBase.java:109)
		at org.apache.catalina.util.LifecycleBase.setStateInternal(LifecycleBase.java:389)
		at org.apache.catalina.util.LifecycleBase.setState(LifecycleBase.java:336)
		at org.apache.catalina.core.ContainerBase.startInternal(ContainerBase.java:774)
		at org.apache.catalina.core.StandardHost.startInternal(StandardHost.java:726)
		at org.apache.catalina.util.LifecycleBase.start(LifecycleBase.java:164)
		at org.apache.catalina.core.ContainerBase$StartChild.call(ContainerBase.java:1201)
		at org.apache.catalina.core.ContainerBase$StartChild.call(ContainerBase.java:1191)
		at java.util.concurrent.FutureTask.run(FutureTask.java:266)
		at org.apache.tomcat.util.threads.InlineExecutorService.execute(InlineExecutorService.java:82)
		at java.util.concurrent.AbstractExecutorService.submit(AbstractExecutorService.java:134)
		at org.apache.catalina.core.ContainerBase.startInternal(ContainerBase.java:747)
		at org.apache.catalina.core.StandardEngine.startInternal(StandardEngine.java:209)
		at org.apache.catalina.util.LifecycleBase.start(LifecycleBase.java:164)
		at org.apache.catalina.core.StandardService.startInternal(StandardService.java:410)
		at org.apache.catalina.util.LifecycleBase.start(LifecycleBase.java:164)
		at org.apache.catalina.core.StandardServer.startInternal(StandardServer.java:872)
		at org.apache.catalina.util.LifecycleBase.start(LifecycleBase.java:164)
		at org.apache.catalina.startup.Catalina.start(Catalina.java:736)
		at sun.reflect.NativeMethodAccessorImpl.invoke0(Native Method)
		at sun.reflect.NativeMethodAccessorImpl.invoke(NativeMethodAccessorImpl.java:62)
		at sun.reflect.DelegatingMethodAccessorImpl.invoke(DelegatingMethodAccessorImpl.java:43)
		at java.lang.reflect.Method.invoke(Method.java:498)
		at org.apache.catalina.startup.Bootstrap.start(Bootstrap.java:342)
		at org.apache.catalina.startup.Bootstrap.main(Bootstrap.java:473)
	Caused by: java.lang.IllegalArgumentException: argument type mismatch
		at sun.reflect.NativeMethodAccessorImpl.invoke0(Native Method)
		at sun.reflect.NativeMethodAccessorImpl.invoke(NativeMethodAccessorImpl.java:62)
		at sun.reflect.DelegatingMethodAccessorImpl.invoke(DelegatingMethodAccessorImpl.java:43)
		at java.lang.reflect.Method.invoke(Method.java:498)
		at org.apache.tomcat.util.IntrospectionUtils.callMethod1(IntrospectionUtils.java:483)
		at org.apache.tomcat.util.digester.SetNextRule.end(SetNextRule.java:144)
		at org.apache.tomcat.util.digester.Digester.endElement(Digester.java:1026)
		... 58 more
04-Jun-2026 15:04:21.364 SEVERE [main] org.apache.catalina.startup.ContextConfig.processContextConfig Occurred at line [62] column [56]
04-Jun-2026 15:04:21.373 SEVERE [main] org.apache.catalina.startup.ContextConfig.configureStart Marking this application unavailable due to previous error(s)
04-Jun-2026 15:04:21.373 SEVERE [main] org.apache.catalina.core.StandardContext.startInternal One or more components marked the context as not correctly configured
04-Jun-2026 15:04:21.373 SEVERE [main] org.apache.catalina.core.StandardContext.startInternal Context [] startup failed due to previous errors
04-Jun-2026 15:04:21.373 INFO [main] org.apache.catalina.startup.HostConfig.deployDirectory Deployment of web application directory [D:\evan\yen\hardening_tomcat9\apache-tomcat-9.0.118\webapps\ROOT] has finished in [13] ms
04-Jun-2026 15:04:21.386 INFO [main] org.apache.coyote.AbstractProtocol.start Starting ProtocolHandler ["http-nio-8080"]
04-Jun-2026 15:04:21.389 INFO [main] org.apache.catalina.startup.Catalina.start Server startup in [451] milliseconds
04-Jun-2026 15:05:36.211 SEVERE [main] org.apache.catalina.startup.Catalina.stopServer No shutdown port configured. Shut down server through OS signal. Server not shut down.
04-Jun-2026 15:05:48.411 INFO [Thread-2] org.apache.coyote.AbstractProtocol.pause Pausing ProtocolHandler ["http-nio-8080"]
04-Jun-2026 15:05:48.709 INFO [Thread-2] org.apache.catalina.core.StandardService.stopInternal Stopping service [Catalina]
04-Jun-2026 15:05:48.714 INFO [Thread-2] org.apache.coyote.AbstractProtocol.stop Stopping ProtocolHandler ["http-nio-8080"]
04-Jun-2026 15:05:48.717 INFO [Thread-2] org.apache.coyote.AbstractProtocol.destroy Destroying ProtocolHandler ["http-nio-8080"]
04-Jun-2026 15:07:53.598 INFO [main] org.apache.catalina.startup.VersionLoggerListener.log Server version name:   Apache Tomcat/9.0.118
04-Jun-2026 15:07:53.600 INFO [main] org.apache.catalina.startup.VersionLoggerListener.log Server built:          May 1 2026 19:30:30 UTC
04-Jun-2026 15:07:53.600 INFO [main] org.apache.catalina.startup.VersionLoggerListener.log Server version number: 9.0.118.0
04-Jun-2026 15:07:53.600 INFO [main] org.apache.catalina.startup.VersionLoggerListener.log OS Name:               Windows 10
04-Jun-2026 15:07:53.600 INFO [main] org.apache.catalina.startup.VersionLoggerListener.log OS Version:            10.0
04-Jun-2026 15:07:53.600 INFO [main] org.apache.catalina.startup.VersionLoggerListener.log Architecture:          amd64
04-Jun-2026 15:07:53.600 INFO [main] org.apache.catalina.startup.VersionLoggerListener.log Java Home:             C:\Program Files\Java\jdk1.8.0_202\jre
04-Jun-2026 15:07:53.600 INFO [main] org.apache.catalina.startup.VersionLoggerListener.log JVM Version:           1.8.0_202-b08
04-Jun-2026 15:07:53.600 INFO [main] org.apache.catalina.startup.VersionLoggerListener.log JVM Vendor:            Oracle Corporation
04-Jun-2026 15:07:53.600 INFO [main] org.apache.catalina.startup.VersionLoggerListener.log CATALINA_BASE:         D:\evan\yen\hardening_tomcat9\apache-tomcat-9.0.118
04-Jun-2026 15:07:53.600 INFO [main] org.apache.catalina.startup.VersionLoggerListener.log CATALINA_HOME:         D:\evan\yen\hardening_tomcat9\apache-tomcat-9.0.118
04-Jun-2026 15:07:53.600 INFO [main] org.apache.catalina.startup.VersionLoggerListener.log Command line argument: -Djava.util.logging.config.file=D:\evan\yen\hardening_tomcat9\apache-tomcat-9.0.118\conf\logging.properties
04-Jun-2026 15:07:53.600 INFO [main] org.apache.catalina.startup.VersionLoggerListener.log Command line argument: -Djava.util.logging.manager=org.apache.juli.ClassLoaderLogManager
04-Jun-2026 15:07:53.600 INFO [main] org.apache.catalina.startup.VersionLoggerListener.log Command line argument: -Djdk.tls.ephemeralDHKeySize=2048
04-Jun-2026 15:07:53.600 INFO [main] org.apache.catalina.startup.VersionLoggerListener.log Command line argument: -Djava.protocol.handler.pkgs=org.apache.catalina.webresources
04-Jun-2026 15:07:53.600 INFO [main] org.apache.catalina.startup.VersionLoggerListener.log Command line argument: -Dsun.io.useCanonCaches=false
04-Jun-2026 15:07:53.600 INFO [main] org.apache.catalina.startup.VersionLoggerListener.log Command line argument: -Dignore.endorsed.dirs=
04-Jun-2026 15:07:53.600 INFO [main] org.apache.catalina.startup.VersionLoggerListener.log Command line argument: -Dcatalina.base=D:\evan\yen\hardening_tomcat9\apache-tomcat-9.0.118
04-Jun-2026 15:07:53.600 INFO [main] org.apache.catalina.startup.VersionLoggerListener.log Command line argument: -Dcatalina.home=D:\evan\yen\hardening_tomcat9\apache-tomcat-9.0.118
04-Jun-2026 15:07:53.600 INFO [main] org.apache.catalina.startup.VersionLoggerListener.log Command line argument: -Djava.io.tmpdir=D:\evan\yen\hardening_tomcat9\apache-tomcat-9.0.118\temp
04-Jun-2026 15:07:53.609 INFO [main] org.apache.catalina.core.AprLifecycleListener.lifecycleEvent Loaded Apache Tomcat Native library [1.3.7] using APR version [1.7.6].
04-Jun-2026 15:07:53.609 INFO [main] org.apache.catalina.core.AprLifecycleListener.lifecycleEvent APR capabilities: IPv6 [true], sendfile [true], accept filters [false], random [true], UDS [true].
04-Jun-2026 15:07:53.609 INFO [main] org.apache.catalina.core.AprLifecycleListener.lifecycleEvent APR/OpenSSL configuration: useAprConnector [false], useOpenSSL [true]
04-Jun-2026 15:07:53.613 INFO [main] org.apache.catalina.core.AprLifecycleListener.initializeSSL OpenSSL successfully initialized [OpenSSL 3.0.19 27 Jan 2026]
04-Jun-2026 15:07:53.911 INFO [main] org.apache.coyote.AbstractProtocol.init Initializing ProtocolHandler ["http-nio-8080"]
04-Jun-2026 15:07:53.933 INFO [main] org.apache.catalina.startup.Catalina.load Server initialization in [508] milliseconds
04-Jun-2026 15:07:53.959 INFO [main] org.apache.catalina.core.StandardService.startInternal Starting service [Catalina]
04-Jun-2026 15:07:53.959 INFO [main] org.apache.catalina.core.StandardEngine.startInternal Starting Servlet engine: [Apache Tomcat/9.0.118]
04-Jun-2026 15:07:53.969 INFO [main] org.apache.catalina.startup.HostConfig.deployDirectory Deploying web application directory [D:\evan\yen\hardening_tomcat9\apache-tomcat-9.0.118\webapps\host-manager]
04-Jun-2026 15:07:54.003 SEVERE [main] org.apache.tomcat.util.digester.Digester.endElement End event threw exception
	java.lang.IllegalArgumentException: argument type mismatch
		at sun.reflect.NativeMethodAccessorImpl.invoke0(Native Method)
		at sun.reflect.NativeMethodAccessorImpl.invoke(NativeMethodAccessorImpl.java:62)
		at sun.reflect.DelegatingMethodAccessorImpl.invoke(DelegatingMethodAccessorImpl.java:43)
		at java.lang.reflect.Method.invoke(Method.java:498)
		at org.apache.tomcat.util.IntrospectionUtils.callMethod1(IntrospectionUtils.java:483)
		at org.apache.tomcat.util.digester.SetNextRule.end(SetNextRule.java:144)
		at org.apache.tomcat.util.digester.Digester.endElement(Digester.java:1026)
		at com.sun.org.apache.xerces.internal.parsers.AbstractSAXParser.endElement(AbstractSAXParser.java:609)
		at com.sun.org.apache.xerces.internal.parsers.AbstractXMLDocumentParser.emptyElement(AbstractXMLDocumentParser.java:183)
		at com.sun.org.apache.xerces.internal.impl.XMLDocumentFragmentScannerImpl.scanStartElement(XMLDocumentFragmentScannerImpl.java:1339)
		at com.sun.org.apache.xerces.internal.impl.XMLDocumentFragmentScannerImpl$FragmentContentDriver.next(XMLDocumentFragmentScannerImpl.java:2784)
		at com.sun.org.apache.xerces.internal.impl.XMLDocumentScannerImpl.next(XMLDocumentScannerImpl.java:602)
		at com.sun.org.apache.xerces.internal.impl.XMLDocumentFragmentScannerImpl.scanDocument(XMLDocumentFragmentScannerImpl.java:505)
		at com.sun.org.apache.xerces.internal.parsers.XML11Configuration.parse(XML11Configuration.java:842)
		at com.sun.org.apache.xerces.internal.parsers.XML11Configuration.parse(XML11Configuration.java:771)
		at com.sun.org.apache.xerces.internal.parsers.XMLParser.parse(XMLParser.java:141)
		at com.sun.org.apache.xerces.internal.parsers.AbstractSAXParser.parse(AbstractSAXParser.java:1213)
		at com.sun.org.apache.xerces.internal.jaxp.SAXParserImpl$JAXPSAXParser.parse(SAXParserImpl.java:643)
		at org.apache.tomcat.util.digester.Digester.parse(Digester.java:1518)
		at org.apache.catalina.startup.ContextConfig.processContextConfig(ContextConfig.java:729)
		at org.apache.catalina.startup.ContextConfig.contextConfig(ContextConfig.java:594)
		at org.apache.catalina.startup.ContextConfig.init(ContextConfig.java:937)
		at org.apache.catalina.startup.ContextConfig.lifecycleEvent(ContextConfig.java:299)
		at org.apache.catalina.util.LifecycleBase.fireLifecycleEvent(LifecycleBase.java:109)
		at org.apache.catalina.util.LifecycleBase.setStateInternal(LifecycleBase.java:389)
		at org.apache.catalina.util.LifecycleBase.init(LifecycleBase.java:123)
		at org.apache.catalina.util.LifecycleBase.start(LifecycleBase.java:155)
		at org.apache.catalina.core.ContainerBase.addChildInternal(ContainerBase.java:597)
		at org.apache.catalina.core.ContainerBase.addChild(ContainerBase.java:569)
		at org.apache.catalina.core.StandardHost.addChild(StandardHost.java:608)
		at org.apache.catalina.startup.HostConfig.deployDirectory(HostConfig.java:1171)
		at org.apache.catalina.startup.HostConfig$DeployDirectory.run(HostConfig.java:1880)
		at java.util.concurrent.Executors$RunnableAdapter.call(Executors.java:511)
		at java.util.concurrent.FutureTask.run(FutureTask.java:266)
		at org.apache.tomcat.util.threads.InlineExecutorService.execute(InlineExecutorService.java:82)
		at java.util.concurrent.AbstractExecutorService.submit(AbstractExecutorService.java:112)
		at org.apache.catalina.startup.HostConfig.deployDirectories(HostConfig.java:1082)
		at org.apache.catalina.startup.HostConfig.deployApps(HostConfig.java:467)
		at org.apache.catalina.startup.HostConfig.start(HostConfig.java:1576)
		at org.apache.catalina.startup.HostConfig.lifecycleEvent(HostConfig.java:309)
		at org.apache.catalina.util.LifecycleBase.fireLifecycleEvent(LifecycleBase.java:109)
		at org.apache.catalina.util.LifecycleBase.setStateInternal(LifecycleBase.java:389)
		at org.apache.catalina.util.LifecycleBase.setState(LifecycleBase.java:336)
		at org.apache.catalina.core.ContainerBase.startInternal(ContainerBase.java:774)
		at org.apache.catalina.core.StandardHost.startInternal(StandardHost.java:726)
		at org.apache.catalina.util.LifecycleBase.start(LifecycleBase.java:164)
		at org.apache.catalina.core.ContainerBase$StartChild.call(ContainerBase.java:1201)
		at org.apache.catalina.core.ContainerBase$StartChild.call(ContainerBase.java:1191)
		at java.util.concurrent.FutureTask.run(FutureTask.java:266)
		at org.apache.tomcat.util.threads.InlineExecutorService.execute(InlineExecutorService.java:82)
		at java.util.concurrent.AbstractExecutorService.submit(AbstractExecutorService.java:134)
		at org.apache.catalina.core.ContainerBase.startInternal(ContainerBase.java:747)
		at org.apache.catalina.core.StandardEngine.startInternal(StandardEngine.java:209)
		at org.apache.catalina.util.LifecycleBase.start(LifecycleBase.java:164)
		at org.apache.catalina.core.StandardService.startInternal(StandardService.java:410)
		at org.apache.catalina.util.LifecycleBase.start(LifecycleBase.java:164)
		at org.apache.catalina.core.StandardServer.startInternal(StandardServer.java:872)
		at org.apache.catalina.util.LifecycleBase.start(LifecycleBase.java:164)
		at org.apache.catalina.startup.Catalina.start(Catalina.java:736)
		at sun.reflect.NativeMethodAccessorImpl.invoke0(Native Method)
		at sun.reflect.NativeMethodAccessorImpl.invoke(NativeMethodAccessorImpl.java:62)
		at sun.reflect.DelegatingMethodAccessorImpl.invoke(DelegatingMethodAccessorImpl.java:43)
		at java.lang.reflect.Method.invoke(Method.java:498)
		at org.apache.catalina.startup.Bootstrap.start(Bootstrap.java:342)
		at org.apache.catalina.startup.Bootstrap.main(Bootstrap.java:473)
04-Jun-2026 15:07:54.006 SEVERE [main] org.apache.catalina.startup.ContextConfig.processContextConfig Parse error in context.xml for [/host-manager]
	org.xml.sax.SAXParseException; systemId: file:/D:/evan/yen/hardening_tomcat9/apache-tomcat-9.0.118/conf/context.xml; lineNumber: 62; columnNumber: 56; Error at line [62] column [56]: [argument type mismatch]
		at org.apache.tomcat.util.digester.Digester.createSAXException(Digester.java:1960)
		at org.apache.tomcat.util.digester.Digester.createSAXException(Digester.java:1993)
		at org.apache.tomcat.util.digester.Digester.endElement(Digester.java:1029)
		at com.sun.org.apache.xerces.internal.parsers.AbstractSAXParser.endElement(AbstractSAXParser.java:609)
		at com.sun.org.apache.xerces.internal.parsers.AbstractXMLDocumentParser.emptyElement(AbstractXMLDocumentParser.java:183)
		at com.sun.org.apache.xerces.internal.impl.XMLDocumentFragmentScannerImpl.scanStartElement(XMLDocumentFragmentScannerImpl.java:1339)
		at com.sun.org.apache.xerces.internal.impl.XMLDocumentFragmentScannerImpl$FragmentContentDriver.next(XMLDocumentFragmentScannerImpl.java:2784)
		at com.sun.org.apache.xerces.internal.impl.XMLDocumentScannerImpl.next(XMLDocumentScannerImpl.java:602)
		at com.sun.org.apache.xerces.internal.impl.XMLDocumentFragmentScannerImpl.scanDocument(XMLDocumentFragmentScannerImpl.java:505)
		at com.sun.org.apache.xerces.internal.parsers.XML11Configuration.parse(XML11Configuration.java:842)
		at com.sun.org.apache.xerces.internal.parsers.XML11Configuration.parse(XML11Configuration.java:771)
		at com.sun.org.apache.xerces.internal.parsers.XMLParser.parse(XMLParser.java:141)
		at com.sun.org.apache.xerces.internal.parsers.AbstractSAXParser.parse(AbstractSAXParser.java:1213)
		at com.sun.org.apache.xerces.internal.jaxp.SAXParserImpl$JAXPSAXParser.parse(SAXParserImpl.java:643)
		at org.apache.tomcat.util.digester.Digester.parse(Digester.java:1518)
		at org.apache.catalina.startup.ContextConfig.processContextConfig(ContextConfig.java:729)
		at org.apache.catalina.startup.ContextConfig.contextConfig(ContextConfig.java:594)
		at org.apache.catalina.startup.ContextConfig.init(ContextConfig.java:937)
		at org.apache.catalina.startup.ContextConfig.lifecycleEvent(ContextConfig.java:299)
		at org.apache.catalina.util.LifecycleBase.fireLifecycleEvent(LifecycleBase.java:109)
		at org.apache.catalina.util.LifecycleBase.setStateInternal(LifecycleBase.java:389)
		at org.apache.catalina.util.LifecycleBase.init(LifecycleBase.java:123)
		at org.apache.catalina.util.LifecycleBase.start(LifecycleBase.java:155)
		at org.apache.catalina.core.ContainerBase.addChildInternal(ContainerBase.java:597)
		at org.apache.catalina.core.ContainerBase.addChild(ContainerBase.java:569)
		at org.apache.catalina.core.StandardHost.addChild(StandardHost.java:608)
		at org.apache.catalina.startup.HostConfig.deployDirectory(HostConfig.java:1171)
		at org.apache.catalina.startup.HostConfig$DeployDirectory.run(HostConfig.java:1880)
		at java.util.concurrent.Executors$RunnableAdapter.call(Executors.java:511)
		at java.util.concurrent.FutureTask.run(FutureTask.java:266)
		at org.apache.tomcat.util.threads.InlineExecutorService.execute(InlineExecutorService.java:82)
		at java.util.concurrent.AbstractExecutorService.submit(AbstractExecutorService.java:112)
		at org.apache.catalina.startup.HostConfig.deployDirectories(HostConfig.java:1082)
		at org.apache.catalina.startup.HostConfig.deployApps(HostConfig.java:467)
		at org.apache.catalina.startup.HostConfig.start(HostConfig.java:1576)
		at org.apache.catalina.startup.HostConfig.lifecycleEvent(HostConfig.java:309)
		at org.apache.catalina.util.LifecycleBase.fireLifecycleEvent(LifecycleBase.java:109)
		at org.apache.catalina.util.LifecycleBase.setStateInternal(LifecycleBase.java:389)
		at org.apache.catalina.util.LifecycleBase.setState(LifecycleBase.java:336)
		at org.apache.catalina.core.ContainerBase.startInternal(ContainerBase.java:774)
		at org.apache.catalina.core.StandardHost.startInternal(StandardHost.java:726)
		at org.apache.catalina.util.LifecycleBase.start(LifecycleBase.java:164)
		at org.apache.catalina.core.ContainerBase$StartChild.call(ContainerBase.java:1201)
		at org.apache.catalina.core.ContainerBase$StartChild.call(ContainerBase.java:1191)
		at java.util.concurrent.FutureTask.run(FutureTask.java:266)
		at org.apache.tomcat.util.threads.InlineExecutorService.execute(InlineExecutorService.java:82)
		at java.util.concurrent.AbstractExecutorService.submit(AbstractExecutorService.java:134)
		at org.apache.catalina.core.ContainerBase.startInternal(ContainerBase.java:747)
		at org.apache.catalina.core.StandardEngine.startInternal(StandardEngine.java:209)
		at org.apache.catalina.util.LifecycleBase.start(LifecycleBase.java:164)
		at org.apache.catalina.core.StandardService.startInternal(StandardService.java:410)
		at org.apache.catalina.util.LifecycleBase.start(LifecycleBase.java:164)
		at org.apache.catalina.core.StandardServer.startInternal(StandardServer.java:872)
		at org.apache.catalina.util.LifecycleBase.start(LifecycleBase.java:164)
		at org.apache.catalina.startup.Catalina.start(Catalina.java:736)
		at sun.reflect.NativeMethodAccessorImpl.invoke0(Native Method)
		at sun.reflect.NativeMethodAccessorImpl.invoke(NativeMethodAccessorImpl.java:62)
		at sun.reflect.DelegatingMethodAccessorImpl.invoke(DelegatingMethodAccessorImpl.java:43)
		at java.lang.reflect.Method.invoke(Method.java:498)
		at org.apache.catalina.startup.Bootstrap.start(Bootstrap.java:342)
		at org.apache.catalina.startup.Bootstrap.main(Bootstrap.java:473)
	Caused by: java.lang.IllegalArgumentException: argument type mismatch
		at sun.reflect.NativeMethodAccessorImpl.invoke0(Native Method)
		at sun.reflect.NativeMethodAccessorImpl.invoke(NativeMethodAccessorImpl.java:62)
		at sun.reflect.DelegatingMethodAccessorImpl.invoke(DelegatingMethodAccessorImpl.java:43)
		at java.lang.reflect.Method.invoke(Method.java:498)
		at org.apache.tomcat.util.IntrospectionUtils.callMethod1(IntrospectionUtils.java:483)
		at org.apache.tomcat.util.digester.SetNextRule.end(SetNextRule.java:144)
		at org.apache.tomcat.util.digester.Digester.endElement(Digester.java:1026)
		... 58 more
04-Jun-2026 15:07:54.006 SEVERE [main] org.apache.catalina.startup.ContextConfig.processContextConfig Occurred at line [62] column [56]
04-Jun-2026 15:07:54.006 WARNING [main] org.apache.tomcat.util.digester.Digester.endElement No rules found matching [Context/Listener/Context/CookieProcessor]
04-Jun-2026 15:07:54.006 WARNING [main] org.apache.tomcat.util.digester.Digester.endElement No rules found matching [Context/Listener/Context/Valve]
04-Jun-2026 15:07:54.006 WARNING [main] org.apache.tomcat.util.digester.Digester.endElement No rules found matching [Context/Listener/Context/Manager]
04-Jun-2026 15:07:54.006 WARNING [main] org.apache.tomcat.util.digester.Digester.endElement No rules found matching [Context/Listener/Context]
04-Jun-2026 15:07:54.125 SEVERE [main] org.apache.catalina.startup.ContextConfig.configureStart Marking this application unavailable due to previous error(s)
04-Jun-2026 15:07:54.132 SEVERE [main] org.apache.catalina.core.StandardContext.startInternal One or more components marked the context as not correctly configured
04-Jun-2026 15:07:54.306 WARNING [main] org.apache.catalina.util.SessionIdGeneratorBase.createSecureRandom Creation of SecureRandom instance for session ID generation using [SHA1PRNG] took [174] milliseconds.
04-Jun-2026 15:07:54.306 SEVERE [main] org.apache.catalina.core.StandardContext.startInternal Context [/host-manager] startup failed due to previous errors
04-Jun-2026 15:07:54.318 INFO [main] org.apache.catalina.startup.HostConfig.deployDirectory Deployment of web application directory [D:\evan\yen\hardening_tomcat9\apache-tomcat-9.0.118\webapps\host-manager] has finished in [349] ms
04-Jun-2026 15:07:54.318 INFO [main] org.apache.catalina.startup.HostConfig.deployDirectory Deploying web application directory [D:\evan\yen\hardening_tomcat9\apache-tomcat-9.0.118\webapps\manager]
04-Jun-2026 15:07:54.322 SEVERE [main] org.apache.tomcat.util.digester.Digester.endElement End event threw exception
	java.lang.IllegalArgumentException: argument type mismatch
		at sun.reflect.NativeMethodAccessorImpl.invoke0(Native Method)
		at sun.reflect.NativeMethodAccessorImpl.invoke(NativeMethodAccessorImpl.java:62)
		at sun.reflect.DelegatingMethodAccessorImpl.invoke(DelegatingMethodAccessorImpl.java:43)
		at java.lang.reflect.Method.invoke(Method.java:498)
		at org.apache.tomcat.util.IntrospectionUtils.callMethod1(IntrospectionUtils.java:483)
		at org.apache.tomcat.util.digester.SetNextRule.end(SetNextRule.java:144)
		at org.apache.tomcat.util.digester.Digester.endElement(Digester.java:1026)
		at com.sun.org.apache.xerces.internal.parsers.AbstractSAXParser.endElement(AbstractSAXParser.java:609)
		at com.sun.org.apache.xerces.internal.parsers.AbstractXMLDocumentParser.emptyElement(AbstractXMLDocumentParser.java:183)
		at com.sun.org.apache.xerces.internal.impl.XMLDocumentFragmentScannerImpl.scanStartElement(XMLDocumentFragmentScannerImpl.java:1339)
		at com.sun.org.apache.xerces.internal.impl.XMLDocumentFragmentScannerImpl$FragmentContentDriver.next(XMLDocumentFragmentScannerImpl.java:2784)
		at com.sun.org.apache.xerces.internal.impl.XMLDocumentScannerImpl.next(XMLDocumentScannerImpl.java:602)
		at com.sun.org.apache.xerces.internal.impl.XMLDocumentFragmentScannerImpl.scanDocument(XMLDocumentFragmentScannerImpl.java:505)
		at com.sun.org.apache.xerces.internal.parsers.XML11Configuration.parse(XML11Configuration.java:842)
		at com.sun.org.apache.xerces.internal.parsers.XML11Configuration.parse(XML11Configuration.java:771)
		at com.sun.org.apache.xerces.internal.parsers.XMLParser.parse(XMLParser.java:141)
		at com.sun.org.apache.xerces.internal.parsers.AbstractSAXParser.parse(AbstractSAXParser.java:1213)
		at com.sun.org.apache.xerces.internal.jaxp.SAXParserImpl$JAXPSAXParser.parse(SAXParserImpl.java:643)
		at org.apache.tomcat.util.digester.Digester.parse(Digester.java:1518)
		at org.apache.catalina.startup.ContextConfig.processContextConfig(ContextConfig.java:729)
		at org.apache.catalina.startup.ContextConfig.contextConfig(ContextConfig.java:594)
		at org.apache.catalina.startup.ContextConfig.init(ContextConfig.java:937)
		at org.apache.catalina.startup.ContextConfig.lifecycleEvent(ContextConfig.java:299)
		at org.apache.catalina.util.LifecycleBase.fireLifecycleEvent(LifecycleBase.java:109)
		at org.apache.catalina.util.LifecycleBase.setStateInternal(LifecycleBase.java:389)
		at org.apache.catalina.util.LifecycleBase.init(LifecycleBase.java:123)
		at org.apache.catalina.util.LifecycleBase.start(LifecycleBase.java:155)
		at org.apache.catalina.core.ContainerBase.addChildInternal(ContainerBase.java:597)
		at org.apache.catalina.core.ContainerBase.addChild(ContainerBase.java:569)
		at org.apache.catalina.core.StandardHost.addChild(StandardHost.java:608)
		at org.apache.catalina.startup.HostConfig.deployDirectory(HostConfig.java:1171)
		at org.apache.catalina.startup.HostConfig$DeployDirectory.run(HostConfig.java:1880)
		at java.util.concurrent.Executors$RunnableAdapter.call(Executors.java:511)
		at java.util.concurrent.FutureTask.run(FutureTask.java:266)
		at org.apache.tomcat.util.threads.InlineExecutorService.execute(InlineExecutorService.java:82)
		at java.util.concurrent.AbstractExecutorService.submit(AbstractExecutorService.java:112)
		at org.apache.catalina.startup.HostConfig.deployDirectories(HostConfig.java:1082)
		at org.apache.catalina.startup.HostConfig.deployApps(HostConfig.java:467)
		at org.apache.catalina.startup.HostConfig.start(HostConfig.java:1576)
		at org.apache.catalina.startup.HostConfig.lifecycleEvent(HostConfig.java:309)
		at org.apache.catalina.util.LifecycleBase.fireLifecycleEvent(LifecycleBase.java:109)
		at org.apache.catalina.util.LifecycleBase.setStateInternal(LifecycleBase.java:389)
		at org.apache.catalina.util.LifecycleBase.setState(LifecycleBase.java:336)
		at org.apache.catalina.core.ContainerBase.startInternal(ContainerBase.java:774)
		at org.apache.catalina.core.StandardHost.startInternal(StandardHost.java:726)
		at org.apache.catalina.util.LifecycleBase.start(LifecycleBase.java:164)
		at org.apache.catalina.core.ContainerBase$StartChild.call(ContainerBase.java:1201)
		at org.apache.catalina.core.ContainerBase$StartChild.call(ContainerBase.java:1191)
		at java.util.concurrent.FutureTask.run(FutureTask.java:266)
		at org.apache.tomcat.util.threads.InlineExecutorService.execute(InlineExecutorService.java:82)
		at java.util.concurrent.AbstractExecutorService.submit(AbstractExecutorService.java:134)
		at org.apache.catalina.core.ContainerBase.startInternal(ContainerBase.java:747)
		at org.apache.catalina.core.StandardEngine.startInternal(StandardEngine.java:209)
		at org.apache.catalina.util.LifecycleBase.start(LifecycleBase.java:164)
		at org.apache.catalina.core.StandardService.startInternal(StandardService.java:410)
		at org.apache.catalina.util.LifecycleBase.start(LifecycleBase.java:164)
		at org.apache.catalina.core.StandardServer.startInternal(StandardServer.java:872)
		at org.apache.catalina.util.LifecycleBase.start(LifecycleBase.java:164)
		at org.apache.catalina.startup.Catalina.start(Catalina.java:736)
		at sun.reflect.NativeMethodAccessorImpl.invoke0(Native Method)
		at sun.reflect.NativeMethodAccessorImpl.invoke(NativeMethodAccessorImpl.java:62)
		at sun.reflect.DelegatingMethodAccessorImpl.invoke(DelegatingMethodAccessorImpl.java:43)
		at java.lang.reflect.Method.invoke(Method.java:498)
		at org.apache.catalina.startup.Bootstrap.start(Bootstrap.java:342)
		at org.apache.catalina.startup.Bootstrap.main(Bootstrap.java:473)
04-Jun-2026 15:07:54.322 SEVERE [main] org.apache.catalina.startup.ContextConfig.processContextConfig Parse error in context.xml for [/manager]
	org.xml.sax.SAXParseException; systemId: file:/D:/evan/yen/hardening_tomcat9/apache-tomcat-9.0.118/conf/context.xml; lineNumber: 62; columnNumber: 56; Error at line [62] column [56]: [argument type mismatch]
		at org.apache.tomcat.util.digester.Digester.createSAXException(Digester.java:1960)
		at org.apache.tomcat.util.digester.Digester.createSAXException(Digester.java:1993)
		at org.apache.tomcat.util.digester.Digester.endElement(Digester.java:1029)
		at com.sun.org.apache.xerces.internal.parsers.AbstractSAXParser.endElement(AbstractSAXParser.java:609)
		at com.sun.org.apache.xerces.internal.parsers.AbstractXMLDocumentParser.emptyElement(AbstractXMLDocumentParser.java:183)
		at com.sun.org.apache.xerces.internal.impl.XMLDocumentFragmentScannerImpl.scanStartElement(XMLDocumentFragmentScannerImpl.java:1339)
		at com.sun.org.apache.xerces.internal.impl.XMLDocumentFragmentScannerImpl$FragmentContentDriver.next(XMLDocumentFragmentScannerImpl.java:2784)
		at com.sun.org.apache.xerces.internal.impl.XMLDocumentScannerImpl.next(XMLDocumentScannerImpl.java:602)
		at com.sun.org.apache.xerces.internal.impl.XMLDocumentFragmentScannerImpl.scanDocument(XMLDocumentFragmentScannerImpl.java:505)
		at com.sun.org.apache.xerces.internal.parsers.XML11Configuration.parse(XML11Configuration.java:842)
		at com.sun.org.apache.xerces.internal.parsers.XML11Configuration.parse(XML11Configuration.java:771)
		at com.sun.org.apache.xerces.internal.parsers.XMLParser.parse(XMLParser.java:141)
		at com.sun.org.apache.xerces.internal.parsers.AbstractSAXParser.parse(AbstractSAXParser.java:1213)
		at com.sun.org.apache.xerces.internal.jaxp.SAXParserImpl$JAXPSAXParser.parse(SAXParserImpl.java:643)
		at org.apache.tomcat.util.digester.Digester.parse(Digester.java:1518)
		at org.apache.catalina.startup.ContextConfig.processContextConfig(ContextConfig.java:729)
		at org.apache.catalina.startup.ContextConfig.contextConfig(ContextConfig.java:594)
		at org.apache.catalina.startup.ContextConfig.init(ContextConfig.java:937)
		at org.apache.catalina.startup.ContextConfig.lifecycleEvent(ContextConfig.java:299)
		at org.apache.catalina.util.LifecycleBase.fireLifecycleEvent(LifecycleBase.java:109)
		at org.apache.catalina.util.LifecycleBase.setStateInternal(LifecycleBase.java:389)
		at org.apache.catalina.util.LifecycleBase.init(LifecycleBase.java:123)
		at org.apache.catalina.util.LifecycleBase.start(LifecycleBase.java:155)
		at org.apache.catalina.core.ContainerBase.addChildInternal(ContainerBase.java:597)
		at org.apache.catalina.core.ContainerBase.addChild(ContainerBase.java:569)
		at org.apache.catalina.core.StandardHost.addChild(StandardHost.java:608)
		at org.apache.catalina.startup.HostConfig.deployDirectory(HostConfig.java:1171)
		at org.apache.catalina.startup.HostConfig$DeployDirectory.run(HostConfig.java:1880)
		at java.util.concurrent.Executors$RunnableAdapter.call(Executors.java:511)
		at java.util.concurrent.FutureTask.run(FutureTask.java:266)
		at org.apache.tomcat.util.threads.InlineExecutorService.execute(InlineExecutorService.java:82)
		at java.util.concurrent.AbstractExecutorService.submit(AbstractExecutorService.java:112)
		at org.apache.catalina.startup.HostConfig.deployDirectories(HostConfig.java:1082)
		at org.apache.catalina.startup.HostConfig.deployApps(HostConfig.java:467)
		at org.apache.catalina.startup.HostConfig.start(HostConfig.java:1576)
		at org.apache.catalina.startup.HostConfig.lifecycleEvent(HostConfig.java:309)
		at org.apache.catalina.util.LifecycleBase.fireLifecycleEvent(LifecycleBase.java:109)
		at org.apache.catalina.util.LifecycleBase.setStateInternal(LifecycleBase.java:389)
		at org.apache.catalina.util.LifecycleBase.setState(LifecycleBase.java:336)
		at org.apache.catalina.core.ContainerBase.startInternal(ContainerBase.java:774)
		at org.apache.catalina.core.StandardHost.startInternal(StandardHost.java:726)
		at org.apache.catalina.util.LifecycleBase.start(LifecycleBase.java:164)
		at org.apache.catalina.core.ContainerBase$StartChild.call(ContainerBase.java:1201)
		at org.apache.catalina.core.ContainerBase$StartChild.call(ContainerBase.java:1191)
		at java.util.concurrent.FutureTask.run(FutureTask.java:266)
		at org.apache.tomcat.util.threads.InlineExecutorService.execute(InlineExecutorService.java:82)
		at java.util.concurrent.AbstractExecutorService.submit(AbstractExecutorService.java:134)
		at org.apache.catalina.core.ContainerBase.startInternal(ContainerBase.java:747)
		at org.apache.catalina.core.StandardEngine.startInternal(StandardEngine.java:209)
		at org.apache.catalina.util.LifecycleBase.start(LifecycleBase.java:164)
		at org.apache.catalina.core.StandardService.startInternal(StandardService.java:410)
		at org.apache.catalina.util.LifecycleBase.start(LifecycleBase.java:164)
		at org.apache.catalina.core.StandardServer.startInternal(StandardServer.java:872)
		at org.apache.catalina.util.LifecycleBase.start(LifecycleBase.java:164)
		at org.apache.catalina.startup.Catalina.start(Catalina.java:736)
		at sun.reflect.NativeMethodAccessorImpl.invoke0(Native Method)
		at sun.reflect.NativeMethodAccessorImpl.invoke(NativeMethodAccessorImpl.java:62)
		at sun.reflect.DelegatingMethodAccessorImpl.invoke(DelegatingMethodAccessorImpl.java:43)
		at java.lang.reflect.Method.invoke(Method.java:498)
		at org.apache.catalina.startup.Bootstrap.start(Bootstrap.java:342)
		at org.apache.catalina.startup.Bootstrap.main(Bootstrap.java:473)
	Caused by: java.lang.IllegalArgumentException: argument type mismatch
		at sun.reflect.NativeMethodAccessorImpl.invoke0(Native Method)
		at sun.reflect.NativeMethodAccessorImpl.invoke(NativeMethodAccessorImpl.java:62)
		at sun.reflect.DelegatingMethodAccessorImpl.invoke(DelegatingMethodAccessorImpl.java:43)
		at java.lang.reflect.Method.invoke(Method.java:498)
		at org.apache.tomcat.util.IntrospectionUtils.callMethod1(IntrospectionUtils.java:483)
		at org.apache.tomcat.util.digester.SetNextRule.end(SetNextRule.java:144)
		at org.apache.tomcat.util.digester.Digester.endElement(Digester.java:1026)
		... 58 more
04-Jun-2026 15:07:54.322 SEVERE [main] org.apache.catalina.startup.ContextConfig.processContextConfig Occurred at line [62] column [56]
04-Jun-2026 15:07:54.322 WARNING [main] org.apache.tomcat.util.digester.Digester.endElement No rules found matching [Context/Listener/Context/CookieProcessor]
04-Jun-2026 15:07:54.322 WARNING [main] org.apache.tomcat.util.digester.Digester.endElement No rules found matching [Context/Listener/Context/Valve]
04-Jun-2026 15:07:54.322 WARNING [main] org.apache.tomcat.util.digester.Digester.endElement No rules found matching [Context/Listener/Context/Manager]
04-Jun-2026 15:07:54.322 WARNING [main] org.apache.tomcat.util.digester.Digester.endElement No rules found matching [Context/Listener/Context]
04-Jun-2026 15:07:54.346 SEVERE [main] org.apache.catalina.startup.ContextConfig.configureStart Marking this application unavailable due to previous error(s)
04-Jun-2026 15:07:54.346 SEVERE [main] org.apache.catalina.core.StandardContext.startInternal One or more components marked the context as not correctly configured
04-Jun-2026 15:07:54.346 SEVERE [main] org.apache.catalina.core.StandardContext.startInternal Context [/manager] startup failed due to previous errors
04-Jun-2026 15:07:54.352 INFO [main] org.apache.catalina.startup.HostConfig.deployDirectory Deployment of web application directory [D:\evan\yen\hardening_tomcat9\apache-tomcat-9.0.118\webapps\manager] has finished in [34] ms
04-Jun-2026 15:07:54.352 INFO [main] org.apache.catalina.startup.HostConfig.deployDirectory Deploying web application directory [D:\evan\yen\hardening_tomcat9\apache-tomcat-9.0.118\webapps\ROOT]
04-Jun-2026 15:07:54.354 SEVERE [main] org.apache.tomcat.util.digester.Digester.endElement End event threw exception
	java.lang.IllegalArgumentException: argument type mismatch
		at sun.reflect.NativeMethodAccessorImpl.invoke0(Native Method)
		at sun.reflect.NativeMethodAccessorImpl.invoke(NativeMethodAccessorImpl.java:62)
		at sun.reflect.DelegatingMethodAccessorImpl.invoke(DelegatingMethodAccessorImpl.java:43)
		at java.lang.reflect.Method.invoke(Method.java:498)
		at org.apache.tomcat.util.IntrospectionUtils.callMethod1(IntrospectionUtils.java:483)
		at org.apache.tomcat.util.digester.SetNextRule.end(SetNextRule.java:144)
		at org.apache.tomcat.util.digester.Digester.endElement(Digester.java:1026)
		at com.sun.org.apache.xerces.internal.parsers.AbstractSAXParser.endElement(AbstractSAXParser.java:609)
		at com.sun.org.apache.xerces.internal.parsers.AbstractXMLDocumentParser.emptyElement(AbstractXMLDocumentParser.java:183)
		at com.sun.org.apache.xerces.internal.impl.XMLDocumentFragmentScannerImpl.scanStartElement(XMLDocumentFragmentScannerImpl.java:1339)
		at com.sun.org.apache.xerces.internal.impl.XMLDocumentFragmentScannerImpl$FragmentContentDriver.next(XMLDocumentFragmentScannerImpl.java:2784)
		at com.sun.org.apache.xerces.internal.impl.XMLDocumentScannerImpl.next(XMLDocumentScannerImpl.java:602)
		at com.sun.org.apache.xerces.internal.impl.XMLDocumentFragmentScannerImpl.scanDocument(XMLDocumentFragmentScannerImpl.java:505)
		at com.sun.org.apache.xerces.internal.parsers.XML11Configuration.parse(XML11Configuration.java:842)
		at com.sun.org.apache.xerces.internal.parsers.XML11Configuration.parse(XML11Configuration.java:771)
		at com.sun.org.apache.xerces.internal.parsers.XMLParser.parse(XMLParser.java:141)
		at com.sun.org.apache.xerces.internal.parsers.AbstractSAXParser.parse(AbstractSAXParser.java:1213)
		at com.sun.org.apache.xerces.internal.jaxp.SAXParserImpl$JAXPSAXParser.parse(SAXParserImpl.java:643)
		at org.apache.tomcat.util.digester.Digester.parse(Digester.java:1518)
		at org.apache.catalina.startup.ContextConfig.processContextConfig(ContextConfig.java:729)
		at org.apache.catalina.startup.ContextConfig.contextConfig(ContextConfig.java:594)
		at org.apache.catalina.startup.ContextConfig.init(ContextConfig.java:937)
		at org.apache.catalina.startup.ContextConfig.lifecycleEvent(ContextConfig.java:299)
		at org.apache.catalina.util.LifecycleBase.fireLifecycleEvent(LifecycleBase.java:109)
		at org.apache.catalina.util.LifecycleBase.setStateInternal(LifecycleBase.java:389)
		at org.apache.catalina.util.LifecycleBase.init(LifecycleBase.java:123)
		at org.apache.catalina.util.LifecycleBase.start(LifecycleBase.java:155)
		at org.apache.catalina.core.ContainerBase.addChildInternal(ContainerBase.java:597)
		at org.apache.catalina.core.ContainerBase.addChild(ContainerBase.java:569)
		at org.apache.catalina.core.StandardHost.addChild(StandardHost.java:608)
		at org.apache.catalina.startup.HostConfig.deployDirectory(HostConfig.java:1171)
		at org.apache.catalina.startup.HostConfig$DeployDirectory.run(HostConfig.java:1880)
		at java.util.concurrent.Executors$RunnableAdapter.call(Executors.java:511)
		at java.util.concurrent.FutureTask.run(FutureTask.java:266)
		at org.apache.tomcat.util.threads.InlineExecutorService.execute(InlineExecutorService.java:82)
		at java.util.concurrent.AbstractExecutorService.submit(AbstractExecutorService.java:112)
		at org.apache.catalina.startup.HostConfig.deployDirectories(HostConfig.java:1082)
		at org.apache.catalina.startup.HostConfig.deployApps(HostConfig.java:467)
		at org.apache.catalina.startup.HostConfig.start(HostConfig.java:1576)
		at org.apache.catalina.startup.HostConfig.lifecycleEvent(HostConfig.java:309)
		at org.apache.catalina.util.LifecycleBase.fireLifecycleEvent(LifecycleBase.java:109)
		at org.apache.catalina.util.LifecycleBase.setStateInternal(LifecycleBase.java:389)
		at org.apache.catalina.util.LifecycleBase.setState(LifecycleBase.java:336)
		at org.apache.catalina.core.ContainerBase.startInternal(ContainerBase.java:774)
		at org.apache.catalina.core.StandardHost.startInternal(StandardHost.java:726)
		at org.apache.catalina.util.LifecycleBase.start(LifecycleBase.java:164)
		at org.apache.catalina.core.ContainerBase$StartChild.call(ContainerBase.java:1201)
		at org.apache.catalina.core.ContainerBase$StartChild.call(ContainerBase.java:1191)
		at java.util.concurrent.FutureTask.run(FutureTask.java:266)
		at org.apache.tomcat.util.threads.InlineExecutorService.execute(InlineExecutorService.java:82)
		at java.util.concurrent.AbstractExecutorService.submit(AbstractExecutorService.java:134)
		at org.apache.catalina.core.ContainerBase.startInternal(ContainerBase.java:747)
		at org.apache.catalina.core.StandardEngine.startInternal(StandardEngine.java:209)
		at org.apache.catalina.util.LifecycleBase.start(LifecycleBase.java:164)
		at org.apache.catalina.core.StandardService.startInternal(StandardService.java:410)
		at org.apache.catalina.util.LifecycleBase.start(LifecycleBase.java:164)
		at org.apache.catalina.core.StandardServer.startInternal(StandardServer.java:872)
		at org.apache.catalina.util.LifecycleBase.start(LifecycleBase.java:164)
		at org.apache.catalina.startup.Catalina.start(Catalina.java:736)
		at sun.reflect.NativeMethodAccessorImpl.invoke0(Native Method)
		at sun.reflect.NativeMethodAccessorImpl.invoke(NativeMethodAccessorImpl.java:62)
		at sun.reflect.DelegatingMethodAccessorImpl.invoke(DelegatingMethodAccessorImpl.java:43)
		at java.lang.reflect.Method.invoke(Method.java:498)
		at org.apache.catalina.startup.Bootstrap.start(Bootstrap.java:342)
		at org.apache.catalina.startup.Bootstrap.main(Bootstrap.java:473)
04-Jun-2026 15:07:54.354 SEVERE [main] org.apache.catalina.startup.ContextConfig.processContextConfig Parse error in context.xml for []
	org.xml.sax.SAXParseException; systemId: file:/D:/evan/yen/hardening_tomcat9/apache-tomcat-9.0.118/conf/context.xml; lineNumber: 62; columnNumber: 56; Error at line [62] column [56]: [argument type mismatch]
		at org.apache.tomcat.util.digester.Digester.createSAXException(Digester.java:1960)
		at org.apache.tomcat.util.digester.Digester.createSAXException(Digester.java:1993)
		at org.apache.tomcat.util.digester.Digester.endElement(Digester.java:1029)
		at com.sun.org.apache.xerces.internal.parsers.AbstractSAXParser.endElement(AbstractSAXParser.java:609)
		at com.sun.org.apache.xerces.internal.parsers.AbstractXMLDocumentParser.emptyElement(AbstractXMLDocumentParser.java:183)
		at com.sun.org.apache.xerces.internal.impl.XMLDocumentFragmentScannerImpl.scanStartElement(XMLDocumentFragmentScannerImpl.java:1339)
		at com.sun.org.apache.xerces.internal.impl.XMLDocumentFragmentScannerImpl$FragmentContentDriver.next(XMLDocumentFragmentScannerImpl.java:2784)
		at com.sun.org.apache.xerces.internal.impl.XMLDocumentScannerImpl.next(XMLDocumentScannerImpl.java:602)
		at com.sun.org.apache.xerces.internal.impl.XMLDocumentFragmentScannerImpl.scanDocument(XMLDocumentFragmentScannerImpl.java:505)
		at com.sun.org.apache.xerces.internal.parsers.XML11Configuration.parse(XML11Configuration.java:842)
		at com.sun.org.apache.xerces.internal.parsers.XML11Configuration.parse(XML11Configuration.java:771)
		at com.sun.org.apache.xerces.internal.parsers.XMLParser.parse(XMLParser.java:141)
		at com.sun.org.apache.xerces.internal.parsers.AbstractSAXParser.parse(AbstractSAXParser.java:1213)
		at com.sun.org.apache.xerces.internal.jaxp.SAXParserImpl$JAXPSAXParser.parse(SAXParserImpl.java:643)
		at org.apache.tomcat.util.digester.Digester.parse(Digester.java:1518)
		at org.apache.catalina.startup.ContextConfig.processContextConfig(ContextConfig.java:729)
		at org.apache.catalina.startup.ContextConfig.contextConfig(ContextConfig.java:594)
		at org.apache.catalina.startup.ContextConfig.init(ContextConfig.java:937)
		at org.apache.catalina.startup.ContextConfig.lifecycleEvent(ContextConfig.java:299)
		at org.apache.catalina.util.LifecycleBase.fireLifecycleEvent(LifecycleBase.java:109)
		at org.apache.catalina.util.LifecycleBase.setStateInternal(LifecycleBase.java:389)
		at org.apache.catalina.util.LifecycleBase.init(LifecycleBase.java:123)
		at org.apache.catalina.util.LifecycleBase.start(LifecycleBase.java:155)
		at org.apache.catalina.core.ContainerBase.addChildInternal(ContainerBase.java:597)
		at org.apache.catalina.core.ContainerBase.addChild(ContainerBase.java:569)
		at org.apache.catalina.core.StandardHost.addChild(StandardHost.java:608)
		at org.apache.catalina.startup.HostConfig.deployDirectory(HostConfig.java:1171)
		at org.apache.catalina.startup.HostConfig$DeployDirectory.run(HostConfig.java:1880)
		at java.util.concurrent.Executors$RunnableAdapter.call(Executors.java:511)
		at java.util.concurrent.FutureTask.run(FutureTask.java:266)
		at org.apache.tomcat.util.threads.InlineExecutorService.execute(InlineExecutorService.java:82)
		at java.util.concurrent.AbstractExecutorService.submit(AbstractExecutorService.java:112)
		at org.apache.catalina.startup.HostConfig.deployDirectories(HostConfig.java:1082)
		at org.apache.catalina.startup.HostConfig.deployApps(HostConfig.java:467)
		at org.apache.catalina.startup.HostConfig.start(HostConfig.java:1576)
		at org.apache.catalina.startup.HostConfig.lifecycleEvent(HostConfig.java:309)
		at org.apache.catalina.util.LifecycleBase.fireLifecycleEvent(LifecycleBase.java:109)
		at org.apache.catalina.util.LifecycleBase.setStateInternal(LifecycleBase.java:389)
		at org.apache.catalina.util.LifecycleBase.setState(LifecycleBase.java:336)
		at org.apache.catalina.core.ContainerBase.startInternal(ContainerBase.java:774)
		at org.apache.catalina.core.StandardHost.startInternal(StandardHost.java:726)
		at org.apache.catalina.util.LifecycleBase.start(LifecycleBase.java:164)
		at org.apache.catalina.core.ContainerBase$StartChild.call(ContainerBase.java:1201)
		at org.apache.catalina.core.ContainerBase$StartChild.call(ContainerBase.java:1191)
		at java.util.concurrent.FutureTask.run(FutureTask.java:266)
		at org.apache.tomcat.util.threads.InlineExecutorService.execute(InlineExecutorService.java:82)
		at java.util.concurrent.AbstractExecutorService.submit(AbstractExecutorService.java:134)
		at org.apache.catalina.core.ContainerBase.startInternal(ContainerBase.java:747)
		at org.apache.catalina.core.StandardEngine.startInternal(StandardEngine.java:209)
		at org.apache.catalina.util.LifecycleBase.start(LifecycleBase.java:164)
		at org.apache.catalina.core.StandardService.startInternal(StandardService.java:410)
		at org.apache.catalina.util.LifecycleBase.start(LifecycleBase.java:164)
		at org.apache.catalina.core.StandardServer.startInternal(StandardServer.java:872)
		at org.apache.catalina.util.LifecycleBase.start(LifecycleBase.java:164)
		at org.apache.catalina.startup.Catalina.start(Catalina.java:736)
		at sun.reflect.NativeMethodAccessorImpl.invoke0(Native Method)
		at sun.reflect.NativeMethodAccessorImpl.invoke(NativeMethodAccessorImpl.java:62)
		at sun.reflect.DelegatingMethodAccessorImpl.invoke(DelegatingMethodAccessorImpl.java:43)
		at java.lang.reflect.Method.invoke(Method.java:498)
		at org.apache.catalina.startup.Bootstrap.start(Bootstrap.java:342)
		at org.apache.catalina.startup.Bootstrap.main(Bootstrap.java:473)
	Caused by: java.lang.IllegalArgumentException: argument type mismatch
		at sun.reflect.NativeMethodAccessorImpl.invoke0(Native Method)
		at sun.reflect.NativeMethodAccessorImpl.invoke(NativeMethodAccessorImpl.java:62)
		at sun.reflect.DelegatingMethodAccessorImpl.invoke(DelegatingMethodAccessorImpl.java:43)
		at java.lang.reflect.Method.invoke(Method.java:498)
		at org.apache.tomcat.util.IntrospectionUtils.callMethod1(IntrospectionUtils.java:483)
		at org.apache.tomcat.util.digester.SetNextRule.end(SetNextRule.java:144)
		at org.apache.tomcat.util.digester.Digester.endElement(Digester.java:1026)
		... 58 more
04-Jun-2026 15:07:54.354 SEVERE [main] org.apache.catalina.startup.ContextConfig.processContextConfig Occurred at line [62] column [56]
04-Jun-2026 15:07:54.370 SEVERE [main] org.apache.catalina.startup.ContextConfig.configureStart Marking this application unavailable due to previous error(s)
04-Jun-2026 15:07:54.370 SEVERE [main] org.apache.catalina.core.StandardContext.startInternal One or more components marked the context as not correctly configured
04-Jun-2026 15:07:54.370 SEVERE [main] org.apache.catalina.core.StandardContext.startInternal Context [] startup failed due to previous errors
04-Jun-2026 15:07:54.377 INFO [main] org.apache.catalina.startup.HostConfig.deployDirectory Deployment of web application directory [D:\evan\yen\hardening_tomcat9\apache-tomcat-9.0.118\webapps\ROOT] has finished in [25] ms
04-Jun-2026 15:07:54.381 INFO [main] org.apache.coyote.AbstractProtocol.start Starting ProtocolHandler ["http-nio-8080"]
04-Jun-2026 15:07:54.386 INFO [main] org.apache.catalina.startup.Catalina.start Server startup in [463] milliseconds
04-Jun-2026 15:09:21.821 INFO [Thread-2] org.apache.coyote.AbstractProtocol.pause Pausing ProtocolHandler ["http-nio-8080"]
04-Jun-2026 15:09:22.093 INFO [Thread-2] org.apache.catalina.core.StandardService.stopInternal Stopping service [Catalina]
04-Jun-2026 15:09:22.094 INFO [Thread-2] org.apache.coyote.AbstractProtocol.stop Stopping ProtocolHandler ["http-nio-8080"]
04-Jun-2026 15:09:22.096 INFO [Thread-2] org.apache.coyote.AbstractProtocol.destroy Destroying ProtocolHandler ["http-nio-8080"]
04-Jun-2026 15:10:09.866 INFO [main] org.apache.catalina.startup.VersionLoggerListener.log Server version name:   Apache Tomcat/9.0.118
04-Jun-2026 15:10:09.866 INFO [main] org.apache.catalina.startup.VersionLoggerListener.log Server built:          May 1 2026 19:30:30 UTC
04-Jun-2026 15:10:09.866 INFO [main] org.apache.catalina.startup.VersionLoggerListener.log Server version number: 9.0.118.0
04-Jun-2026 15:10:09.866 INFO [main] org.apache.catalina.startup.VersionLoggerListener.log OS Name:               Windows 10
04-Jun-2026 15:10:09.866 INFO [main] org.apache.catalina.startup.VersionLoggerListener.log OS Version:            10.0
04-Jun-2026 15:10:09.866 INFO [main] org.apache.catalina.startup.VersionLoggerListener.log Architecture:          amd64
04-Jun-2026 15:10:09.866 INFO [main] org.apache.catalina.startup.VersionLoggerListener.log Java Home:             C:\Program Files\Java\jdk1.8.0_202\jre
04-Jun-2026 15:10:09.866 INFO [main] org.apache.catalina.startup.VersionLoggerListener.log JVM Version:           1.8.0_202-b08
04-Jun-2026 15:10:09.866 INFO [main] org.apache.catalina.startup.VersionLoggerListener.log JVM Vendor:            Oracle Corporation
04-Jun-2026 15:10:09.866 INFO [main] org.apache.catalina.startup.VersionLoggerListener.log CATALINA_BASE:         D:\evan\yen\hardening_tomcat9\apache-tomcat-9.0.118
04-Jun-2026 15:10:09.866 INFO [main] org.apache.catalina.startup.VersionLoggerListener.log CATALINA_HOME:         D:\evan\yen\hardening_tomcat9\apache-tomcat-9.0.118
04-Jun-2026 15:10:09.866 INFO [main] org.apache.catalina.startup.VersionLoggerListener.log Command line argument: -Djava.util.logging.config.file=D:\evan\yen\hardening_tomcat9\apache-tomcat-9.0.118\conf\logging.properties
04-Jun-2026 15:10:09.866 INFO [main] org.apache.catalina.startup.VersionLoggerListener.log Command line argument: -Djava.util.logging.manager=org.apache.juli.ClassLoaderLogManager
04-Jun-2026 15:10:09.866 INFO [main] org.apache.catalina.startup.VersionLoggerListener.log Command line argument: -Djdk.tls.ephemeralDHKeySize=2048
04-Jun-2026 15:10:09.866 INFO [main] org.apache.catalina.startup.VersionLoggerListener.log Command line argument: -Djava.protocol.handler.pkgs=org.apache.catalina.webresources
04-Jun-2026 15:10:09.866 INFO [main] org.apache.catalina.startup.VersionLoggerListener.log Command line argument: -Dsun.io.useCanonCaches=false
04-Jun-2026 15:10:09.866 INFO [main] org.apache.catalina.startup.VersionLoggerListener.log Command line argument: -Dignore.endorsed.dirs=
04-Jun-2026 15:10:09.866 INFO [main] org.apache.catalina.startup.VersionLoggerListener.log Command line argument: -Dcatalina.base=D:\evan\yen\hardening_tomcat9\apache-tomcat-9.0.118
04-Jun-2026 15:10:09.866 INFO [main] org.apache.catalina.startup.VersionLoggerListener.log Command line argument: -Dcatalina.home=D:\evan\yen\hardening_tomcat9\apache-tomcat-9.0.118
04-Jun-2026 15:10:09.866 INFO [main] org.apache.catalina.startup.VersionLoggerListener.log Command line argument: -Djava.io.tmpdir=D:\evan\yen\hardening_tomcat9\apache-tomcat-9.0.118\temp
04-Jun-2026 15:10:09.866 INFO [main] org.apache.catalina.core.AprLifecycleListener.lifecycleEvent Loaded Apache Tomcat Native library [1.3.7] using APR version [1.7.6].
04-Jun-2026 15:10:09.866 INFO [main] org.apache.catalina.core.AprLifecycleListener.lifecycleEvent APR capabilities: IPv6 [true], sendfile [true], accept filters [false], random [true], UDS [true].
04-Jun-2026 15:10:09.866 INFO [main] org.apache.catalina.core.AprLifecycleListener.lifecycleEvent APR/OpenSSL configuration: useAprConnector [false], useOpenSSL [true]
04-Jun-2026 15:10:09.888 INFO [main] org.apache.catalina.core.AprLifecycleListener.initializeSSL OpenSSL successfully initialized [OpenSSL 3.0.19 27 Jan 2026]
04-Jun-2026 15:10:10.152 INFO [main] org.apache.coyote.AbstractProtocol.init Initializing ProtocolHandler ["http-nio-8080"]
04-Jun-2026 15:10:10.184 INFO [main] org.apache.catalina.startup.Catalina.load Server initialization in [484] milliseconds
04-Jun-2026 15:10:10.217 INFO [main] org.apache.catalina.core.StandardService.startInternal Starting service [Catalina]
04-Jun-2026 15:10:10.217 INFO [main] org.apache.catalina.core.StandardEngine.startInternal Starting Servlet engine: [Apache Tomcat/9.0.118]
04-Jun-2026 15:10:10.221 INFO [main] org.apache.catalina.startup.HostConfig.deployDirectory Deploying web application directory [D:\evan\yen\hardening_tomcat9\apache-tomcat-9.0.118\webapps\host-manager]
04-Jun-2026 15:10:10.420 INFO [main] org.apache.jasper.servlet.TldScanner.scanJars At least one JAR was scanned for TLDs yet contained no TLDs. Enable debug logging for this logger for a complete list of JARs that were scanned but no TLDs were found in them. Skipping unneeded JARs during scanning can improve startup time and JSP compilation time.
04-Jun-2026 15:10:10.603 WARNING [main] org.apache.catalina.util.SessionIdGeneratorBase.createSecureRandom Creation of SecureRandom instance for session ID generation using [SHA1PRNG] took [159] milliseconds.
04-Jun-2026 15:10:10.629 INFO [main] org.apache.catalina.startup.HostConfig.deployDirectory Deployment of web application directory [D:\evan\yen\hardening_tomcat9\apache-tomcat-9.0.118\webapps\host-manager] has finished in [408] ms
04-Jun-2026 15:10:10.629 INFO [main] org.apache.catalina.startup.HostConfig.deployDirectory Deploying web application directory [D:\evan\yen\hardening_tomcat9\apache-tomcat-9.0.118\webapps\manager]
04-Jun-2026 15:10:10.658 INFO [main] org.apache.jasper.servlet.TldScanner.scanJars At least one JAR was scanned for TLDs yet contained no TLDs. Enable debug logging for this logger for a complete list of JARs that were scanned but no TLDs were found in them. Skipping unneeded JARs during scanning can improve startup time and JSP compilation time.
04-Jun-2026 15:10:10.658 INFO [main] org.apache.catalina.startup.HostConfig.deployDirectory Deployment of web application directory [D:\evan\yen\hardening_tomcat9\apache-tomcat-9.0.118\webapps\manager] has finished in [29] ms
04-Jun-2026 15:10:10.658 INFO [main] org.apache.catalina.startup.HostConfig.deployDirectory Deploying web application directory [D:\evan\yen\hardening_tomcat9\apache-tomcat-9.0.118\webapps\ROOT]
04-Jun-2026 15:10:10.674 INFO [main] org.apache.jasper.servlet.TldScanner.scanJars At least one JAR was scanned for TLDs yet contained no TLDs. Enable debug logging for this logger for a complete list of JARs that were scanned but no TLDs were found in them. Skipping unneeded JARs during scanning can improve startup time and JSP compilation time.
04-Jun-2026 15:10:10.690 INFO [main] org.apache.catalina.startup.HostConfig.deployDirectory Deployment of web application directory [D:\evan\yen\hardening_tomcat9\apache-tomcat-9.0.118\webapps\ROOT] has finished in [32] ms
04-Jun-2026 15:10:10.690 INFO [main] org.apache.coyote.AbstractProtocol.start Starting ProtocolHandler ["http-nio-8080"]
04-Jun-2026 15:10:10.722 INFO [main] org.apache.catalina.startup.Catalina.start Server startup in [534] milliseconds
04-Jun-2026 15:24:20.655 INFO [Thread-2] org.apache.coyote.AbstractProtocol.pause Pausing ProtocolHandler ["http-nio-8080"]
04-Jun-2026 15:24:20.911 INFO [Thread-2] org.apache.catalina.core.StandardService.stopInternal Stopping service [Catalina]
04-Jun-2026 15:24:20.935 INFO [Thread-2] org.apache.coyote.AbstractProtocol.stop Stopping ProtocolHandler ["http-nio-8080"]
04-Jun-2026 15:24:20.964 INFO [Thread-2] org.apache.coyote.AbstractProtocol.destroy Destroying ProtocolHandler ["http-nio-8080"]
04-Jun-2026 15:33:36.964 INFO [main] org.apache.catalina.startup.VersionLoggerListener.log Server version name:   Apache Tomcat/9.0.118
04-Jun-2026 15:33:36.980 INFO [main] org.apache.catalina.startup.VersionLoggerListener.log Server built:          May 1 2026 19:30:30 UTC
04-Jun-2026 15:33:36.980 INFO [main] org.apache.catalina.startup.VersionLoggerListener.log Server version number: 9.0.118.0
04-Jun-2026 15:33:36.980 INFO [main] org.apache.catalina.startup.VersionLoggerListener.log OS Name:               Windows 10
04-Jun-2026 15:33:36.980 INFO [main] org.apache.catalina.startup.VersionLoggerListener.log OS Version:            10.0
04-Jun-2026 15:33:36.980 INFO [main] org.apache.catalina.startup.VersionLoggerListener.log Architecture:          amd64
04-Jun-2026 15:33:36.980 INFO [main] org.apache.catalina.startup.VersionLoggerListener.log Java Home:             C:\Program Files\Java\jdk1.8.0_202\jre
04-Jun-2026 15:33:36.980 INFO [main] org.apache.catalina.startup.VersionLoggerListener.log JVM Version:           1.8.0_202-b08
04-Jun-2026 15:33:36.980 INFO [main] org.apache.catalina.startup.VersionLoggerListener.log JVM Vendor:            Oracle Corporation
04-Jun-2026 15:33:36.980 INFO [main] org.apache.catalina.startup.VersionLoggerListener.log CATALINA_BASE:         D:\evan\yen\hardening_tomcat9\apache-tomcat-9.0.118
04-Jun-2026 15:33:36.980 INFO [main] org.apache.catalina.startup.VersionLoggerListener.log CATALINA_HOME:         D:\evan\yen\hardening_tomcat9\apache-tomcat-9.0.118
04-Jun-2026 15:33:36.980 INFO [main] org.apache.catalina.startup.VersionLoggerListener.log Command line argument: -Djava.util.logging.config.file=D:\evan\yen\hardening_tomcat9\apache-tomcat-9.0.118\conf\logging.properties
04-Jun-2026 15:33:36.980 INFO [main] org.apache.catalina.startup.VersionLoggerListener.log Command line argument: -Djava.util.logging.manager=org.apache.juli.ClassLoaderLogManager
04-Jun-2026 15:33:36.980 INFO [main] org.apache.catalina.startup.VersionLoggerListener.log Command line argument: -Djdk.tls.ephemeralDHKeySize=2048
04-Jun-2026 15:33:36.980 INFO [main] org.apache.catalina.startup.VersionLoggerListener.log Command line argument: -Djava.protocol.handler.pkgs=org.apache.catalina.webresources
04-Jun-2026 15:33:36.980 INFO [main] org.apache.catalina.startup.VersionLoggerListener.log Command line argument: -Dsun.io.useCanonCaches=false
04-Jun-2026 15:33:36.980 INFO [main] org.apache.catalina.startup.VersionLoggerListener.log Command line argument: -Dignore.endorsed.dirs=
04-Jun-2026 15:33:36.980 INFO [main] org.apache.catalina.startup.VersionLoggerListener.log Command line argument: -Dcatalina.base=D:\evan\yen\hardening_tomcat9\apache-tomcat-9.0.118
04-Jun-2026 15:33:36.980 INFO [main] org.apache.catalina.startup.VersionLoggerListener.log Command line argument: -Dcatalina.home=D:\evan\yen\hardening_tomcat9\apache-tomcat-9.0.118
04-Jun-2026 15:33:36.980 INFO [main] org.apache.catalina.startup.VersionLoggerListener.log Command line argument: -Djava.io.tmpdir=D:\evan\yen\hardening_tomcat9\apache-tomcat-9.0.118\temp
04-Jun-2026 15:33:36.980 INFO [main] org.apache.catalina.core.AprLifecycleListener.lifecycleEvent Loaded Apache Tomcat Native library [1.3.7] using APR version [1.7.6].
04-Jun-2026 15:33:36.980 INFO [main] org.apache.catalina.core.AprLifecycleListener.lifecycleEvent APR capabilities: IPv6 [true], sendfile [true], accept filters [false], random [true], UDS [true].
04-Jun-2026 15:33:36.980 INFO [main] org.apache.catalina.core.AprLifecycleListener.lifecycleEvent APR/OpenSSL configuration: useAprConnector [false], useOpenSSL [true]
04-Jun-2026 15:33:36.998 INFO [main] org.apache.catalina.core.AprLifecycleListener.initializeSSL OpenSSL successfully initialized [OpenSSL 3.0.19 27 Jan 2026]
04-Jun-2026 15:33:37.272 INFO [main] org.apache.coyote.AbstractProtocol.init Initializing ProtocolHandler ["http-nio-8080"]
04-Jun-2026 15:33:37.292 INFO [main] org.apache.catalina.startup.Catalina.load Server initialization in [477] milliseconds
04-Jun-2026 15:33:37.318 INFO [main] org.apache.catalina.core.StandardService.startInternal Starting service [Catalina]
04-Jun-2026 15:33:37.318 INFO [main] org.apache.catalina.core.StandardEngine.startInternal Starting Servlet engine: [Apache Tomcat/9.0.118]
04-Jun-2026 15:33:37.335 INFO [main] org.apache.catalina.startup.HostConfig.deployDirectory Deploying web application directory [D:\evan\yen\hardening_tomcat9\apache-tomcat-9.0.118\webapps\host-manager]
04-Jun-2026 15:33:37.528 INFO [main] org.apache.jasper.servlet.TldScanner.scanJars At least one JAR was scanned for TLDs yet contained no TLDs. Enable debug logging for this logger for a complete list of JARs that were scanned but no TLDs were found in them. Skipping unneeded JARs during scanning can improve startup time and JSP compilation time.
04-Jun-2026 15:33:37.716 WARNING [main] org.apache.catalina.util.SessionIdGeneratorBase.createSecureRandom Creation of SecureRandom instance for session ID generation using [SHA1PRNG] took [164] milliseconds.
04-Jun-2026 15:33:37.742 INFO [main] org.apache.catalina.startup.HostConfig.deployDirectory Deployment of web application directory [D:\evan\yen\hardening_tomcat9\apache-tomcat-9.0.118\webapps\host-manager] has finished in [415] ms
04-Jun-2026 15:33:37.742 INFO [main] org.apache.catalina.startup.HostConfig.deployDirectory Deploying web application directory [D:\evan\yen\hardening_tomcat9\apache-tomcat-9.0.118\webapps\manager]
04-Jun-2026 15:33:37.770 INFO [main] org.apache.jasper.servlet.TldScanner.scanJars At least one JAR was scanned for TLDs yet contained no TLDs. Enable debug logging for this logger for a complete list of JARs that were scanned but no TLDs were found in them. Skipping unneeded JARs during scanning can improve startup time and JSP compilation time.
04-Jun-2026 15:33:37.770 INFO [main] org.apache.catalina.startup.HostConfig.deployDirectory Deployment of web application directory [D:\evan\yen\hardening_tomcat9\apache-tomcat-9.0.118\webapps\manager] has finished in [28] ms
04-Jun-2026 15:33:37.770 INFO [main] org.apache.catalina.startup.HostConfig.deployDirectory Deploying web application directory [D:\evan\yen\hardening_tomcat9\apache-tomcat-9.0.118\webapps\ROOT]
04-Jun-2026 15:33:37.788 INFO [main] org.apache.jasper.servlet.TldScanner.scanJars At least one JAR was scanned for TLDs yet contained no TLDs. Enable debug logging for this logger for a complete list of JARs that were scanned but no TLDs were found in them. Skipping unneeded JARs during scanning can improve startup time and JSP compilation time.
04-Jun-2026 15:33:37.804 INFO [main] org.apache.catalina.startup.HostConfig.deployDirectory Deployment of web application directory [D:\evan\yen\hardening_tomcat9\apache-tomcat-9.0.118\webapps\ROOT] has finished in [34] ms
04-Jun-2026 15:33:37.818 INFO [main] org.apache.coyote.AbstractProtocol.start Starting ProtocolHandler ["http-nio-8080"]
04-Jun-2026 15:33:37.833 INFO [main] org.apache.catalina.startup.Catalina.start Server startup in [542] milliseconds
04-Jun-2026 16:28:04.223 INFO [Thread-2] org.apache.coyote.AbstractProtocol.pause Pausing ProtocolHandler ["http-nio-8080"]
04-Jun-2026 16:28:04.486 INFO [Thread-2] org.apache.catalina.core.StandardService.stopInternal Stopping service [Catalina]
04-Jun-2026 16:28:04.497 INFO [Thread-2] org.apache.coyote.AbstractProtocol.stop Stopping ProtocolHandler ["http-nio-8080"]
04-Jun-2026 16:28:04.513 INFO [Thread-2] org.apache.coyote.AbstractProtocol.destroy Destroying ProtocolHandler ["http-nio-8080"]
04-Jun-2026 16:36:26.019 INFO [main] org.apache.catalina.startup.VersionLoggerListener.log Server version name:   Apache Tomcat/9.0.118
04-Jun-2026 16:36:26.019 INFO [main] org.apache.catalina.startup.VersionLoggerListener.log Server built:          May 1 2026 19:30:30 UTC
04-Jun-2026 16:36:26.019 INFO [main] org.apache.catalina.startup.VersionLoggerListener.log Server version number: 9.0.118.0
04-Jun-2026 16:36:26.019 INFO [main] org.apache.catalina.startup.VersionLoggerListener.log OS Name:               Windows 10
04-Jun-2026 16:36:26.019 INFO [main] org.apache.catalina.startup.VersionLoggerListener.log OS Version:            10.0
04-Jun-2026 16:36:26.019 INFO [main] org.apache.catalina.startup.VersionLoggerListener.log Architecture:          amd64
04-Jun-2026 16:36:26.025 INFO [main] org.apache.catalina.startup.VersionLoggerListener.log Java Home:             C:\Program Files\Java\jdk1.8.0_202\jre
04-Jun-2026 16:36:26.025 INFO [main] org.apache.catalina.startup.VersionLoggerListener.log JVM Version:           1.8.0_202-b08
04-Jun-2026 16:36:26.025 INFO [main] org.apache.catalina.startup.VersionLoggerListener.log JVM Vendor:            Oracle Corporation
04-Jun-2026 16:36:26.025 INFO [main] org.apache.catalina.startup.VersionLoggerListener.log CATALINA_BASE:         D:\evan\yen\hardening_tomcat9\apache-tomcat-9.0.118
04-Jun-2026 16:36:26.025 INFO [main] org.apache.catalina.startup.VersionLoggerListener.log CATALINA_HOME:         D:\evan\yen\hardening_tomcat9\apache-tomcat-9.0.118
04-Jun-2026 16:36:26.025 INFO [main] org.apache.catalina.startup.VersionLoggerListener.log Command line argument: -Djava.util.logging.config.file=D:\evan\yen\hardening_tomcat9\apache-tomcat-9.0.118\conf\logging.properties
04-Jun-2026 16:36:26.025 INFO [main] org.apache.catalina.startup.VersionLoggerListener.log Command line argument: -Djava.util.logging.manager=org.apache.juli.ClassLoaderLogManager
04-Jun-2026 16:36:26.025 INFO [main] org.apache.catalina.startup.VersionLoggerListener.log Command line argument: -Djdk.tls.ephemeralDHKeySize=2048
04-Jun-2026 16:36:26.025 INFO [main] org.apache.catalina.startup.VersionLoggerListener.log Command line argument: -Djava.protocol.handler.pkgs=org.apache.catalina.webresources
04-Jun-2026 16:36:26.025 INFO [main] org.apache.catalina.startup.VersionLoggerListener.log Command line argument: -Dsun.io.useCanonCaches=false
04-Jun-2026 16:36:26.025 INFO [main] org.apache.catalina.startup.VersionLoggerListener.log Command line argument: -Dignore.endorsed.dirs=
04-Jun-2026 16:36:26.025 INFO [main] org.apache.catalina.startup.VersionLoggerListener.log Command line argument: -Dcatalina.base=D:\evan\yen\hardening_tomcat9\apache-tomcat-9.0.118
04-Jun-2026 16:36:26.025 INFO [main] org.apache.catalina.startup.VersionLoggerListener.log Command line argument: -Dcatalina.home=D:\evan\yen\hardening_tomcat9\apache-tomcat-9.0.118
04-Jun-2026 16:36:26.025 INFO [main] org.apache.catalina.startup.VersionLoggerListener.log Command line argument: -Djava.io.tmpdir=D:\evan\yen\hardening_tomcat9\apache-tomcat-9.0.118\temp
04-Jun-2026 16:36:26.031 INFO [main] org.apache.catalina.core.AprLifecycleListener.lifecycleEvent Loaded Apache Tomcat Native library [1.3.7] using APR version [1.7.6].
04-Jun-2026 16:36:26.031 INFO [main] org.apache.catalina.core.AprLifecycleListener.lifecycleEvent APR capabilities: IPv6 [true], sendfile [true], accept filters [false], random [true], UDS [true].
04-Jun-2026 16:36:26.031 INFO [main] org.apache.catalina.core.AprLifecycleListener.lifecycleEvent APR/OpenSSL configuration: useAprConnector [false], useOpenSSL [true]
04-Jun-2026 16:36:26.038 INFO [main] org.apache.catalina.core.AprLifecycleListener.initializeSSL OpenSSL successfully initialized [OpenSSL 3.0.19 27 Jan 2026]
04-Jun-2026 16:36:26.348 INFO [main] org.apache.coyote.AbstractProtocol.init Initializing ProtocolHandler ["http-nio-8080"]
04-Jun-2026 16:36:26.371 INFO [main] org.apache.catalina.startup.Catalina.load Server initialization in [518] milliseconds
04-Jun-2026 16:36:26.400 INFO [main] org.apache.catalina.core.StandardService.startInternal Starting service [Catalina]
04-Jun-2026 16:36:26.400 INFO [main] org.apache.catalina.core.StandardEngine.startInternal Starting Servlet engine: [Apache Tomcat/9.0.118]
04-Jun-2026 16:36:26.409 INFO [main] org.apache.catalina.startup.HostConfig.deployDirectory Deploying web application directory [D:\evan\yen\hardening_tomcat9\apache-tomcat-9.0.118\webapps\host-manager]
04-Jun-2026 16:36:26.612 INFO [main] org.apache.jasper.servlet.TldScanner.scanJars At least one JAR was scanned for TLDs yet contained no TLDs. Enable debug logging for this logger for a complete list of JARs that were scanned but no TLDs were found in them. Skipping unneeded JARs during scanning can improve startup time and JSP compilation time.
04-Jun-2026 16:36:26.809 WARNING [main] org.apache.catalina.util.SessionIdGeneratorBase.createSecureRandom Creation of SecureRandom instance for session ID generation using [SHA1PRNG] took [178] milliseconds.
04-Jun-2026 16:36:26.835 INFO [main] org.apache.catalina.startup.HostConfig.deployDirectory Deployment of web application directory [D:\evan\yen\hardening_tomcat9\apache-tomcat-9.0.118\webapps\host-manager] has finished in [426] ms
04-Jun-2026 16:36:26.835 INFO [main] org.apache.catalina.startup.HostConfig.deployDirectory Deploying web application directory [D:\evan\yen\hardening_tomcat9\apache-tomcat-9.0.118\webapps\manager]
04-Jun-2026 16:36:26.869 INFO [main] org.apache.jasper.servlet.TldScanner.scanJars At least one JAR was scanned for TLDs yet contained no TLDs. Enable debug logging for this logger for a complete list of JARs that were scanned but no TLDs were found in them. Skipping unneeded JARs during scanning can improve startup time and JSP compilation time.
04-Jun-2026 16:36:26.869 INFO [main] org.apache.catalina.startup.HostConfig.deployDirectory Deployment of web application directory [D:\evan\yen\hardening_tomcat9\apache-tomcat-9.0.118\webapps\manager] has finished in [34] ms
04-Jun-2026 16:36:26.869 INFO [main] org.apache.catalina.startup.HostConfig.deployDirectory Deploying web application directory [D:\evan\yen\hardening_tomcat9\apache-tomcat-9.0.118\webapps\ROOT]
04-Jun-2026 16:36:26.899 INFO [main] org.apache.jasper.servlet.TldScanner.scanJars At least one JAR was scanned for TLDs yet contained no TLDs. Enable debug logging for this logger for a complete list of JARs that were scanned but no TLDs were found in them. Skipping unneeded JARs during scanning can improve startup time and JSP compilation time.
04-Jun-2026 16:36:26.899 INFO [main] org.apache.catalina.startup.HostConfig.deployDirectory Deployment of web application directory [D:\evan\yen\hardening_tomcat9\apache-tomcat-9.0.118\webapps\ROOT] has finished in [30] ms
04-Jun-2026 16:36:26.911 INFO [main] org.apache.coyote.AbstractProtocol.start Starting ProtocolHandler ["http-nio-8080"]
04-Jun-2026 16:36:26.940 INFO [main] org.apache.catalina.startup.Catalina.start Server startup in [571] milliseconds
04-Jun-2026 16:38:58.331 INFO [Thread-2] org.apache.coyote.AbstractProtocol.pause Pausing ProtocolHandler ["http-nio-8080"]
04-Jun-2026 16:38:58.653 INFO [Thread-2] org.apache.catalina.core.StandardService.stopInternal Stopping service [Catalina]
04-Jun-2026 16:38:58.663 INFO [Thread-2] org.apache.coyote.AbstractProtocol.stop Stopping ProtocolHandler ["http-nio-8080"]
04-Jun-2026 16:38:58.679 INFO [Thread-2] org.apache.coyote.AbstractProtocol.destroy Destroying ProtocolHandler ["http-nio-8080"]
04-Jun-2026 16:40:00.790 INFO [main] org.apache.catalina.startup.VersionLoggerListener.log Server version name:   Apache Tomcat/9.0.118
04-Jun-2026 16:40:00.790 INFO [main] org.apache.catalina.startup.VersionLoggerListener.log Server built:          May 1 2026 19:30:30 UTC
04-Jun-2026 16:40:00.790 INFO [main] org.apache.catalina.startup.VersionLoggerListener.log Server version number: 9.0.118.0
04-Jun-2026 16:40:00.790 INFO [main] org.apache.catalina.startup.VersionLoggerListener.log OS Name:               Windows 10
04-Jun-2026 16:40:00.790 INFO [main] org.apache.catalina.startup.VersionLoggerListener.log OS Version:            10.0
04-Jun-2026 16:40:00.790 INFO [main] org.apache.catalina.startup.VersionLoggerListener.log Architecture:          amd64
04-Jun-2026 16:40:00.790 INFO [main] org.apache.catalina.startup.VersionLoggerListener.log Java Home:             C:\Program Files\Java\jdk1.8.0_202\jre
04-Jun-2026 16:40:00.790 INFO [main] org.apache.catalina.startup.VersionLoggerListener.log JVM Version:           1.8.0_202-b08
04-Jun-2026 16:40:00.790 INFO [main] org.apache.catalina.startup.VersionLoggerListener.log JVM Vendor:            Oracle Corporation
04-Jun-2026 16:40:00.790 INFO [main] org.apache.catalina.startup.VersionLoggerListener.log CATALINA_BASE:         D:\evan\yen\hardening_tomcat9\apache-tomcat-9.0.118
04-Jun-2026 16:40:00.790 INFO [main] org.apache.catalina.startup.VersionLoggerListener.log CATALINA_HOME:         D:\evan\yen\hardening_tomcat9\apache-tomcat-9.0.118
04-Jun-2026 16:40:00.790 INFO [main] org.apache.catalina.startup.VersionLoggerListener.log Command line argument: -Djava.util.logging.config.file=D:\evan\yen\hardening_tomcat9\apache-tomcat-9.0.118\conf\logging.properties
04-Jun-2026 16:40:00.790 INFO [main] org.apache.catalina.startup.VersionLoggerListener.log Command line argument: -Djava.util.logging.manager=org.apache.juli.ClassLoaderLogManager
04-Jun-2026 16:40:00.790 INFO [main] org.apache.catalina.startup.VersionLoggerListener.log Command line argument: -Djdk.tls.ephemeralDHKeySize=2048
04-Jun-2026 16:40:00.790 INFO [main] org.apache.catalina.startup.VersionLoggerListener.log Command line argument: -Djava.protocol.handler.pkgs=org.apache.catalina.webresources
04-Jun-2026 16:40:00.790 INFO [main] org.apache.catalina.startup.VersionLoggerListener.log Command line argument: -Dsun.io.useCanonCaches=false
04-Jun-2026 16:40:00.799 INFO [main] org.apache.catalina.startup.VersionLoggerListener.log Command line argument: -Dignore.endorsed.dirs=
04-Jun-2026 16:40:00.799 INFO [main] org.apache.catalina.startup.VersionLoggerListener.log Command line argument: -Dcatalina.base=D:\evan\yen\hardening_tomcat9\apache-tomcat-9.0.118
04-Jun-2026 16:40:00.799 INFO [main] org.apache.catalina.startup.VersionLoggerListener.log Command line argument: -Dcatalina.home=D:\evan\yen\hardening_tomcat9\apache-tomcat-9.0.118
04-Jun-2026 16:40:00.799 INFO [main] org.apache.catalina.startup.VersionLoggerListener.log Command line argument: -Djava.io.tmpdir=D:\evan\yen\hardening_tomcat9\apache-tomcat-9.0.118\temp
04-Jun-2026 16:40:00.799 INFO [main] org.apache.catalina.core.AprLifecycleListener.lifecycleEvent Loaded Apache Tomcat Native library [1.3.7] using APR version [1.7.6].
04-Jun-2026 16:40:00.804 INFO [main] org.apache.catalina.core.AprLifecycleListener.lifecycleEvent APR capabilities: IPv6 [true], sendfile [true], accept filters [false], random [true], UDS [true].
04-Jun-2026 16:40:00.804 INFO [main] org.apache.catalina.core.AprLifecycleListener.lifecycleEvent APR/OpenSSL configuration: useAprConnector [false], useOpenSSL [true]
04-Jun-2026 16:40:00.809 INFO [main] org.apache.catalina.core.AprLifecycleListener.initializeSSL OpenSSL successfully initialized [OpenSSL 3.0.19 27 Jan 2026]
04-Jun-2026 16:40:01.091 INFO [main] org.apache.coyote.AbstractProtocol.init Initializing ProtocolHandler ["http-nio-8080"]
04-Jun-2026 16:40:01.115 INFO [main] org.apache.catalina.startup.Catalina.load Server initialization in [498] milliseconds
04-Jun-2026 16:40:01.147 INFO [main] org.apache.catalina.core.StandardService.startInternal Starting service [Catalina]
04-Jun-2026 16:40:01.147 INFO [main] org.apache.catalina.core.StandardEngine.startInternal Starting Servlet engine: [Apache Tomcat/9.0.118]
04-Jun-2026 16:40:01.159 INFO [main] org.apache.catalina.startup.HostConfig.deployDirectory Deploying web application directory [D:\evan\yen\hardening_tomcat9\apache-tomcat-9.0.118\webapps\host-manager]
04-Jun-2026 16:40:01.351 INFO [main] org.apache.jasper.servlet.TldScanner.scanJars At least one JAR was scanned for TLDs yet contained no TLDs. Enable debug logging for this logger for a complete list of JARs that were scanned but no TLDs were found in them. Skipping unneeded JARs during scanning can improve startup time and JSP compilation time.
04-Jun-2026 16:40:01.548 WARNING [main] org.apache.catalina.util.SessionIdGeneratorBase.createSecureRandom Creation of SecureRandom instance for session ID generation using [SHA1PRNG] took [170] milliseconds.
04-Jun-2026 16:40:01.572 INFO [main] org.apache.catalina.startup.HostConfig.deployDirectory Deployment of web application directory [D:\evan\yen\hardening_tomcat9\apache-tomcat-9.0.118\webapps\host-manager] has finished in [413] ms
04-Jun-2026 16:40:01.572 INFO [main] org.apache.catalina.startup.HostConfig.deployDirectory Deploying web application directory [D:\evan\yen\hardening_tomcat9\apache-tomcat-9.0.118\webapps\manager]
04-Jun-2026 16:40:01.604 INFO [main] org.apache.jasper.servlet.TldScanner.scanJars At least one JAR was scanned for TLDs yet contained no TLDs. Enable debug logging for this logger for a complete list of JARs that were scanned but no TLDs were found in them. Skipping unneeded JARs during scanning can improve startup time and JSP compilation time.
04-Jun-2026 16:40:01.609 INFO [main] org.apache.catalina.startup.HostConfig.deployDirectory Deployment of web application directory [D:\evan\yen\hardening_tomcat9\apache-tomcat-9.0.118\webapps\manager] has finished in [37] ms
04-Jun-2026 16:40:01.609 INFO [main] org.apache.catalina.startup.HostConfig.deployDirectory Deploying web application directory [D:\evan\yen\hardening_tomcat9\apache-tomcat-9.0.118\webapps\ROOT]
04-Jun-2026 16:40:01.633 INFO [main] org.apache.jasper.servlet.TldScanner.scanJars At least one JAR was scanned for TLDs yet contained no TLDs. Enable debug logging for this logger for a complete list of JARs that were scanned but no TLDs were found in them. Skipping unneeded JARs during scanning can improve startup time and JSP compilation time.
04-Jun-2026 16:40:01.635 INFO [main] org.apache.catalina.startup.HostConfig.deployDirectory Deployment of web application directory [D:\evan\yen\hardening_tomcat9\apache-tomcat-9.0.118\webapps\ROOT] has finished in [26] ms
04-Jun-2026 16:40:01.651 INFO [main] org.apache.coyote.AbstractProtocol.start Starting ProtocolHandler ["http-nio-8080"]
04-Jun-2026 16:40:01.669 INFO [main] org.apache.catalina.startup.Catalina.start Server startup in [552] milliseconds
04-Jun-2026 16:42:52.883 INFO [Thread-2] org.apache.coyote.AbstractProtocol.pause Pausing ProtocolHandler ["http-nio-8080"]
04-Jun-2026 16:42:53.190 INFO [Thread-2] org.apache.catalina.core.StandardService.stopInternal Stopping service [Catalina]
04-Jun-2026 16:42:53.202 INFO [Thread-2] org.apache.coyote.AbstractProtocol.stop Stopping ProtocolHandler ["http-nio-8080"]
04-Jun-2026 16:42:53.219 INFO [Thread-2] org.apache.coyote.AbstractProtocol.destroy Destroying ProtocolHandler ["http-nio-8080"]
04-Jun-2026 16:43:44.640 INFO [main] org.apache.catalina.startup.VersionLoggerListener.log Server version name:   Apache Tomcat/9.0.118
04-Jun-2026 16:43:44.645 INFO [main] org.apache.catalina.startup.VersionLoggerListener.log Server built:          May 1 2026 19:30:30 UTC
04-Jun-2026 16:43:44.648 INFO [main] org.apache.catalina.startup.VersionLoggerListener.log Server version number: 9.0.118.0
04-Jun-2026 16:43:44.648 INFO [main] org.apache.catalina.startup.VersionLoggerListener.log OS Name:               Windows 10
04-Jun-2026 16:43:44.648 INFO [main] org.apache.catalina.startup.VersionLoggerListener.log OS Version:            10.0
04-Jun-2026 16:43:44.648 INFO [main] org.apache.catalina.startup.VersionLoggerListener.log Architecture:          amd64
04-Jun-2026 16:43:44.648 INFO [main] org.apache.catalina.startup.VersionLoggerListener.log Java Home:             C:\Program Files\Java\jdk1.8.0_202\jre
04-Jun-2026 16:43:44.648 INFO [main] org.apache.catalina.startup.VersionLoggerListener.log JVM Version:           1.8.0_202-b08
04-Jun-2026 16:43:44.648 INFO [main] org.apache.catalina.startup.VersionLoggerListener.log JVM Vendor:            Oracle Corporation
04-Jun-2026 16:43:44.648 INFO [main] org.apache.catalina.startup.VersionLoggerListener.log CATALINA_BASE:         D:\evan\yen\hardening_tomcat9\apache-tomcat-9.0.118
04-Jun-2026 16:43:44.648 INFO [main] org.apache.catalina.startup.VersionLoggerListener.log CATALINA_HOME:         D:\evan\yen\hardening_tomcat9\apache-tomcat-9.0.118
04-Jun-2026 16:43:44.649 INFO [main] org.apache.catalina.startup.VersionLoggerListener.log Command line argument: -Djava.util.logging.config.file=D:\evan\yen\hardening_tomcat9\apache-tomcat-9.0.118\conf\logging.properties
04-Jun-2026 16:43:44.649 INFO [main] org.apache.catalina.startup.VersionLoggerListener.log Command line argument: -Djava.util.logging.manager=org.apache.juli.ClassLoaderLogManager
04-Jun-2026 16:43:44.649 INFO [main] org.apache.catalina.startup.VersionLoggerListener.log Command line argument: -Djdk.tls.ephemeralDHKeySize=2048
04-Jun-2026 16:43:44.649 INFO [main] org.apache.catalina.startup.VersionLoggerListener.log Command line argument: -Djava.protocol.handler.pkgs=org.apache.catalina.webresources
04-Jun-2026 16:43:44.649 INFO [main] org.apache.catalina.startup.VersionLoggerListener.log Command line argument: -Dsun.io.useCanonCaches=false
04-Jun-2026 16:43:44.649 INFO [main] org.apache.catalina.startup.VersionLoggerListener.log Command line argument: -Dignore.endorsed.dirs=
04-Jun-2026 16:43:44.649 INFO [main] org.apache.catalina.startup.VersionLoggerListener.log Command line argument: -Dcatalina.base=D:\evan\yen\hardening_tomcat9\apache-tomcat-9.0.118
04-Jun-2026 16:43:44.649 INFO [main] org.apache.catalina.startup.VersionLoggerListener.log Command line argument: -Dcatalina.home=D:\evan\yen\hardening_tomcat9\apache-tomcat-9.0.118
04-Jun-2026 16:43:44.649 INFO [main] org.apache.catalina.startup.VersionLoggerListener.log Command line argument: -Djava.io.tmpdir=D:\evan\yen\hardening_tomcat9\apache-tomcat-9.0.118\temp
04-Jun-2026 16:43:44.652 INFO [main] org.apache.catalina.core.AprLifecycleListener.lifecycleEvent Loaded Apache Tomcat Native library [1.3.7] using APR version [1.7.6].
04-Jun-2026 16:43:44.652 INFO [main] org.apache.catalina.core.AprLifecycleListener.lifecycleEvent APR capabilities: IPv6 [true], sendfile [true], accept filters [false], random [true], UDS [true].
04-Jun-2026 16:43:44.652 INFO [main] org.apache.catalina.core.AprLifecycleListener.lifecycleEvent APR/OpenSSL configuration: useAprConnector [false], useOpenSSL [true]
04-Jun-2026 16:43:44.661 INFO [main] org.apache.catalina.core.AprLifecycleListener.initializeSSL OpenSSL successfully initialized [OpenSSL 3.0.19 27 Jan 2026]
04-Jun-2026 16:43:44.981 INFO [main] org.apache.coyote.AbstractProtocol.init Initializing ProtocolHandler ["http-nio-8080"]
04-Jun-2026 16:43:45.007 INFO [main] org.apache.catalina.startup.Catalina.load Server initialization in [541] milliseconds
04-Jun-2026 16:43:45.039 INFO [main] org.apache.catalina.core.StandardService.startInternal Starting service [Catalina]
04-Jun-2026 16:43:45.039 INFO [main] org.apache.catalina.core.StandardEngine.startInternal Starting Servlet engine: [Apache Tomcat/9.0.118]
04-Jun-2026 16:43:45.051 INFO [main] org.apache.catalina.startup.HostConfig.deployDirectory Deploying web application directory [D:\evan\yen\hardening_tomcat9\apache-tomcat-9.0.118\webapps\host-manager]
04-Jun-2026 16:43:45.261 INFO [main] org.apache.jasper.servlet.TldScanner.scanJars At least one JAR was scanned for TLDs yet contained no TLDs. Enable debug logging for this logger for a complete list of JARs that were scanned but no TLDs were found in them. Skipping unneeded JARs during scanning can improve startup time and JSP compilation time.
04-Jun-2026 16:43:45.472 WARNING [main] org.apache.catalina.util.SessionIdGeneratorBase.createSecureRandom Creation of SecureRandom instance for session ID generation using [SHA1PRNG] took [189] milliseconds.
04-Jun-2026 16:43:45.497 INFO [main] org.apache.catalina.startup.HostConfig.deployDirectory Deployment of web application directory [D:\evan\yen\hardening_tomcat9\apache-tomcat-9.0.118\webapps\host-manager] has finished in [446] ms
04-Jun-2026 16:43:45.498 INFO [main] org.apache.catalina.startup.HostConfig.deployDirectory Deploying web application directory [D:\evan\yen\hardening_tomcat9\apache-tomcat-9.0.118\webapps\manager]
04-Jun-2026 16:43:45.529 INFO [main] org.apache.jasper.servlet.TldScanner.scanJars At least one JAR was scanned for TLDs yet contained no TLDs. Enable debug logging for this logger for a complete list of JARs that were scanned but no TLDs were found in them. Skipping unneeded JARs during scanning can improve startup time and JSP compilation time.
04-Jun-2026 16:43:45.534 INFO [main] org.apache.catalina.startup.HostConfig.deployDirectory Deployment of web application directory [D:\evan\yen\hardening_tomcat9\apache-tomcat-9.0.118\webapps\manager] has finished in [37] ms
04-Jun-2026 16:43:45.534 INFO [main] org.apache.catalina.startup.HostConfig.deployDirectory Deploying web application directory [D:\evan\yen\hardening_tomcat9\apache-tomcat-9.0.118\webapps\ROOT]
04-Jun-2026 16:43:45.555 INFO [main] org.apache.jasper.servlet.TldScanner.scanJars At least one JAR was scanned for TLDs yet contained no TLDs. Enable debug logging for this logger for a complete list of JARs that were scanned but no TLDs were found in them. Skipping unneeded JARs during scanning can improve startup time and JSP compilation time.
04-Jun-2026 16:43:45.561 INFO [main] org.apache.catalina.startup.HostConfig.deployDirectory Deployment of web application directory [D:\evan\yen\hardening_tomcat9\apache-tomcat-9.0.118\webapps\ROOT] has finished in [27] ms
04-Jun-2026 16:43:45.563 INFO [main] org.apache.coyote.AbstractProtocol.start Starting ProtocolHandler ["http-nio-8080"]
04-Jun-2026 16:43:45.589 INFO [main] org.apache.catalina.startup.Catalina.start Server startup in [583] milliseconds
04-Jun-2026 16:46:28.199 INFO [Thread-2] org.apache.coyote.AbstractProtocol.pause Pausing ProtocolHandler ["http-nio-8080"]
04-Jun-2026 16:46:28.514 INFO [Thread-2] org.apache.catalina.core.StandardService.stopInternal Stopping service [Catalina]
04-Jun-2026 16:46:28.525 INFO [Thread-2] org.apache.coyote.AbstractProtocol.stop Stopping ProtocolHandler ["http-nio-8080"]
04-Jun-2026 16:46:28.541 INFO [Thread-2] org.apache.coyote.AbstractProtocol.destroy Destroying ProtocolHandler ["http-nio-8080"]
04-Jun-2026 16:49:35.221 INFO [main] org.apache.catalina.startup.VersionLoggerListener.log Server version name:   Apache Tomcat/9.0.118
04-Jun-2026 16:49:35.229 INFO [main] org.apache.catalina.startup.VersionLoggerListener.log Server built:          May 1 2026 19:30:30 UTC
04-Jun-2026 16:49:35.229 INFO [main] org.apache.catalina.startup.VersionLoggerListener.log Server version number: 9.0.118.0
04-Jun-2026 16:49:35.229 INFO [main] org.apache.catalina.startup.VersionLoggerListener.log OS Name:               Windows 10
04-Jun-2026 16:49:35.229 INFO [main] org.apache.catalina.startup.VersionLoggerListener.log OS Version:            10.0
04-Jun-2026 16:49:35.229 INFO [main] org.apache.catalina.startup.VersionLoggerListener.log Architecture:          amd64
04-Jun-2026 16:49:35.229 INFO [main] org.apache.catalina.startup.VersionLoggerListener.log Java Home:             C:\Program Files\Java\jdk1.8.0_202\jre
04-Jun-2026 16:49:35.229 INFO [main] org.apache.catalina.startup.VersionLoggerListener.log JVM Version:           1.8.0_202-b08
04-Jun-2026 16:49:35.229 INFO [main] org.apache.catalina.startup.VersionLoggerListener.log JVM Vendor:            Oracle Corporation
04-Jun-2026 16:49:35.229 INFO [main] org.apache.catalina.startup.VersionLoggerListener.log CATALINA_BASE:         D:\evan\yen\hardening_tomcat9\apache-tomcat-9.0.118
04-Jun-2026 16:49:35.229 INFO [main] org.apache.catalina.startup.VersionLoggerListener.log CATALINA_HOME:         D:\evan\yen\hardening_tomcat9\apache-tomcat-9.0.118
04-Jun-2026 16:49:35.229 INFO [main] org.apache.catalina.startup.VersionLoggerListener.log Command line argument: -Djava.util.logging.config.file=D:\evan\yen\hardening_tomcat9\apache-tomcat-9.0.118\conf\logging.properties
04-Jun-2026 16:49:35.229 INFO [main] org.apache.catalina.startup.VersionLoggerListener.log Command line argument: -Djava.util.logging.manager=org.apache.juli.ClassLoaderLogManager
04-Jun-2026 16:49:35.229 INFO [main] org.apache.catalina.startup.VersionLoggerListener.log Command line argument: -Djdk.tls.ephemeralDHKeySize=2048
04-Jun-2026 16:49:35.229 INFO [main] org.apache.catalina.startup.VersionLoggerListener.log Command line argument: -Djava.protocol.handler.pkgs=org.apache.catalina.webresources
04-Jun-2026 16:49:35.229 INFO [main] org.apache.catalina.startup.VersionLoggerListener.log Command line argument: -Dsun.io.useCanonCaches=false
04-Jun-2026 16:49:35.229 INFO [main] org.apache.catalina.startup.VersionLoggerListener.log Command line argument: -Dignore.endorsed.dirs=
04-Jun-2026 16:49:35.229 INFO [main] org.apache.catalina.startup.VersionLoggerListener.log Command line argument: -Dcatalina.base=D:\evan\yen\hardening_tomcat9\apache-tomcat-9.0.118
04-Jun-2026 16:49:35.229 INFO [main] org.apache.catalina.startup.VersionLoggerListener.log Command line argument: -Dcatalina.home=D:\evan\yen\hardening_tomcat9\apache-tomcat-9.0.118
04-Jun-2026 16:49:35.229 INFO [main] org.apache.catalina.startup.VersionLoggerListener.log Command line argument: -Djava.io.tmpdir=D:\evan\yen\hardening_tomcat9\apache-tomcat-9.0.118\temp
04-Jun-2026 16:49:35.229 INFO [main] org.apache.catalina.core.AprLifecycleListener.lifecycleEvent Loaded Apache Tomcat Native library [1.3.7] using APR version [1.7.6].
04-Jun-2026 16:49:35.229 INFO [main] org.apache.catalina.core.AprLifecycleListener.lifecycleEvent APR capabilities: IPv6 [true], sendfile [true], accept filters [false], random [true], UDS [true].
04-Jun-2026 16:49:35.238 INFO [main] org.apache.catalina.core.AprLifecycleListener.lifecycleEvent APR/OpenSSL configuration: useAprConnector [false], useOpenSSL [true]
04-Jun-2026 16:49:35.244 INFO [main] org.apache.catalina.core.AprLifecycleListener.initializeSSL OpenSSL successfully initialized [OpenSSL 3.0.19 27 Jan 2026]
04-Jun-2026 16:49:35.530 INFO [main] org.apache.coyote.AbstractProtocol.init Initializing ProtocolHandler ["http-nio-8080"]
04-Jun-2026 16:49:35.554 INFO [main] org.apache.catalina.startup.Catalina.load Server initialization in [499] milliseconds
04-Jun-2026 16:49:35.584 INFO [main] org.apache.catalina.core.StandardService.startInternal Starting service [Catalina]
04-Jun-2026 16:49:35.584 INFO [main] org.apache.catalina.core.StandardEngine.startInternal Starting Servlet engine: [Apache Tomcat/9.0.118]
04-Jun-2026 16:49:35.594 INFO [main] org.apache.catalina.startup.HostConfig.deployDirectory Deploying web application directory [D:\evan\yen\hardening_tomcat9\apache-tomcat-9.0.118\webapps\host-manager]
04-Jun-2026 16:49:35.787 INFO [main] org.apache.jasper.servlet.TldScanner.scanJars At least one JAR was scanned for TLDs yet contained no TLDs. Enable debug logging for this logger for a complete list of JARs that were scanned but no TLDs were found in them. Skipping unneeded JARs during scanning can improve startup time and JSP compilation time.
04-Jun-2026 16:49:35.982 WARNING [main] org.apache.catalina.util.SessionIdGeneratorBase.createSecureRandom Creation of SecureRandom instance for session ID generation using [SHA1PRNG] took [172] milliseconds.
04-Jun-2026 16:49:36.009 INFO [main] org.apache.catalina.startup.HostConfig.deployDirectory Deployment of web application directory [D:\evan\yen\hardening_tomcat9\apache-tomcat-9.0.118\webapps\host-manager] has finished in [415] ms
04-Jun-2026 16:49:36.011 INFO [main] org.apache.catalina.startup.HostConfig.deployDirectory Deploying web application directory [D:\evan\yen\hardening_tomcat9\apache-tomcat-9.0.118\webapps\manager]
04-Jun-2026 16:49:36.043 INFO [main] org.apache.jasper.servlet.TldScanner.scanJars At least one JAR was scanned for TLDs yet contained no TLDs. Enable debug logging for this logger for a complete list of JARs that were scanned but no TLDs were found in them. Skipping unneeded JARs during scanning can improve startup time and JSP compilation time.
04-Jun-2026 16:49:36.049 INFO [main] org.apache.catalina.startup.HostConfig.deployDirectory Deployment of web application directory [D:\evan\yen\hardening_tomcat9\apache-tomcat-9.0.118\webapps\manager] has finished in [37] ms
04-Jun-2026 16:49:36.049 INFO [main] org.apache.catalina.startup.HostConfig.deployDirectory Deploying web application directory [D:\evan\yen\hardening_tomcat9\apache-tomcat-9.0.118\webapps\ROOT]
04-Jun-2026 16:49:36.072 INFO [main] org.apache.jasper.servlet.TldScanner.scanJars At least one JAR was scanned for TLDs yet contained no TLDs. Enable debug logging for this logger for a complete list of JARs that were scanned but no TLDs were found in them. Skipping unneeded JARs during scanning can improve startup time and JSP compilation time.
04-Jun-2026 16:49:36.079 SEVERE [main] org.apache.jasper.EmbeddedServletOptions.<init> The scratchDir you specified: [D:\evan\yen\hardening_tomcat9\apache-tomcat-9.0.118\work\Catalina\localhost\ROOT] is unusable.
04-Jun-2026 16:49:36.079 INFO [main] org.apache.catalina.startup.HostConfig.deployDirectory Deployment of web application directory [D:\evan\yen\hardening_tomcat9\apache-tomcat-9.0.118\webapps\ROOT] has finished in [30] ms
04-Jun-2026 16:49:36.091 INFO [main] org.apache.coyote.AbstractProtocol.start Starting ProtocolHandler ["http-nio-8080"]
04-Jun-2026 16:49:36.111 INFO [main] org.apache.catalina.startup.Catalina.start Server startup in [559] milliseconds
04-Jun-2026 16:51:39.959 INFO [Thread-2] org.apache.coyote.AbstractProtocol.pause Pausing ProtocolHandler ["http-nio-8080"]
04-Jun-2026 16:51:40.270 INFO [Thread-2] org.apache.catalina.core.StandardService.stopInternal Stopping service [Catalina]
04-Jun-2026 16:51:40.289 INFO [Thread-2] org.apache.coyote.AbstractProtocol.stop Stopping ProtocolHandler ["http-nio-8080"]
04-Jun-2026 16:51:40.302 INFO [Thread-2] org.apache.coyote.AbstractProtocol.destroy Destroying ProtocolHandler ["http-nio-8080"]
04-Jun-2026 16:53:56.721 INFO [main] org.apache.catalina.startup.VersionLoggerListener.log Server version name:   Apache Tomcat/9.0.118
04-Jun-2026 16:53:56.721 INFO [main] org.apache.catalina.startup.VersionLoggerListener.log Server built:          May 1 2026 19:30:30 UTC
04-Jun-2026 16:53:56.721 INFO [main] org.apache.catalina.startup.VersionLoggerListener.log Server version number: 9.0.118.0
04-Jun-2026 16:53:56.721 INFO [main] org.apache.catalina.startup.VersionLoggerListener.log OS Name:               Windows 10
04-Jun-2026 16:53:56.721 INFO [main] org.apache.catalina.startup.VersionLoggerListener.log OS Version:            10.0
04-Jun-2026 16:53:56.721 INFO [main] org.apache.catalina.startup.VersionLoggerListener.log Architecture:          amd64
04-Jun-2026 16:53:56.721 INFO [main] org.apache.catalina.startup.VersionLoggerListener.log Java Home:             C:\Program Files\Java\jdk1.8.0_202\jre
04-Jun-2026 16:53:56.721 INFO [main] org.apache.catalina.startup.VersionLoggerListener.log JVM Version:           1.8.0_202-b08
04-Jun-2026 16:53:56.721 INFO [main] org.apache.catalina.startup.VersionLoggerListener.log JVM Vendor:            Oracle Corporation
04-Jun-2026 16:53:56.721 INFO [main] org.apache.catalina.startup.VersionLoggerListener.log CATALINA_BASE:         D:\evan\yen\hardening_tomcat9\apache-tomcat-9.0.118
04-Jun-2026 16:53:56.729 INFO [main] org.apache.catalina.startup.VersionLoggerListener.log CATALINA_HOME:         D:\evan\yen\hardening_tomcat9\apache-tomcat-9.0.118
04-Jun-2026 16:53:56.729 INFO [main] org.apache.catalina.startup.VersionLoggerListener.log Command line argument: -Djava.util.logging.config.file=D:\evan\yen\hardening_tomcat9\apache-tomcat-9.0.118\conf\logging.properties
04-Jun-2026 16:53:56.729 INFO [main] org.apache.catalina.startup.VersionLoggerListener.log Command line argument: -Djava.util.logging.manager=org.apache.juli.ClassLoaderLogManager
04-Jun-2026 16:53:56.729 INFO [main] org.apache.catalina.startup.VersionLoggerListener.log Command line argument: -Djdk.tls.ephemeralDHKeySize=2048
04-Jun-2026 16:53:56.729 INFO [main] org.apache.catalina.startup.VersionLoggerListener.log Command line argument: -Djava.protocol.handler.pkgs=org.apache.catalina.webresources
04-Jun-2026 16:53:56.729 INFO [main] org.apache.catalina.startup.VersionLoggerListener.log Command line argument: -Dsun.io.useCanonCaches=false
04-Jun-2026 16:53:56.729 INFO [main] org.apache.catalina.startup.VersionLoggerListener.log Command line argument: -Dignore.endorsed.dirs=
04-Jun-2026 16:53:56.729 INFO [main] org.apache.catalina.startup.VersionLoggerListener.log Command line argument: -Dcatalina.base=D:\evan\yen\hardening_tomcat9\apache-tomcat-9.0.118
04-Jun-2026 16:53:56.729 INFO [main] org.apache.catalina.startup.VersionLoggerListener.log Command line argument: -Dcatalina.home=D:\evan\yen\hardening_tomcat9\apache-tomcat-9.0.118
04-Jun-2026 16:53:56.729 INFO [main] org.apache.catalina.startup.VersionLoggerListener.log Command line argument: -Djava.io.tmpdir=D:\evan\yen\hardening_tomcat9\apache-tomcat-9.0.118\temp
04-Jun-2026 16:53:56.729 INFO [main] org.apache.catalina.core.AprLifecycleListener.lifecycleEvent Loaded Apache Tomcat Native library [1.3.7] using APR version [1.7.6].
04-Jun-2026 16:53:56.729 INFO [main] org.apache.catalina.core.AprLifecycleListener.lifecycleEvent APR capabilities: IPv6 [true], sendfile [true], accept filters [false], random [true], UDS [true].
04-Jun-2026 16:53:56.729 INFO [main] org.apache.catalina.core.AprLifecycleListener.lifecycleEvent APR/OpenSSL configuration: useAprConnector [false], useOpenSSL [true]
04-Jun-2026 16:53:56.741 INFO [main] org.apache.catalina.core.AprLifecycleListener.initializeSSL OpenSSL successfully initialized [OpenSSL 3.0.19 27 Jan 2026]
04-Jun-2026 16:53:57.017 INFO [main] org.apache.coyote.AbstractProtocol.init Initializing ProtocolHandler ["http-nio-8080"]
04-Jun-2026 16:53:57.039 INFO [main] org.apache.catalina.startup.Catalina.load Server initialization in [476] milliseconds
04-Jun-2026 16:53:57.069 INFO [main] org.apache.catalina.core.StandardService.startInternal Starting service [Catalina]
04-Jun-2026 16:53:57.069 INFO [main] org.apache.catalina.core.StandardEngine.startInternal Starting Servlet engine: [Apache Tomcat/9.0.118]
04-Jun-2026 16:53:57.081 INFO [main] org.apache.catalina.startup.HostConfig.deployDirectory Deploying web application directory [D:\evan\yen\hardening_tomcat9\apache-tomcat-9.0.118\webapps\host-manager]
04-Jun-2026 16:53:57.276 INFO [main] org.apache.jasper.servlet.TldScanner.scanJars At least one JAR was scanned for TLDs yet contained no TLDs. Enable debug logging for this logger for a complete list of JARs that were scanned but no TLDs were found in them. Skipping unneeded JARs during scanning can improve startup time and JSP compilation time.
04-Jun-2026 16:53:57.471 WARNING [main] org.apache.catalina.util.SessionIdGeneratorBase.createSecureRandom Creation of SecureRandom instance for session ID generation using [SHA1PRNG] took [172] milliseconds.
04-Jun-2026 16:53:57.499 INFO [main] org.apache.catalina.startup.HostConfig.deployDirectory Deployment of web application directory [D:\evan\yen\hardening_tomcat9\apache-tomcat-9.0.118\webapps\host-manager] has finished in [418] ms
04-Jun-2026 16:53:57.499 INFO [main] org.apache.catalina.startup.HostConfig.deployDirectory Deploying web application directory [D:\evan\yen\hardening_tomcat9\apache-tomcat-9.0.118\webapps\manager]
04-Jun-2026 16:53:57.534 INFO [main] org.apache.jasper.servlet.TldScanner.scanJars At least one JAR was scanned for TLDs yet contained no TLDs. Enable debug logging for this logger for a complete list of JARs that were scanned but no TLDs were found in them. Skipping unneeded JARs during scanning can improve startup time and JSP compilation time.
04-Jun-2026 16:53:57.539 INFO [main] org.apache.catalina.startup.HostConfig.deployDirectory Deployment of web application directory [D:\evan\yen\hardening_tomcat9\apache-tomcat-9.0.118\webapps\manager] has finished in [40] ms
04-Jun-2026 16:53:57.539 INFO [main] org.apache.catalina.startup.HostConfig.deployDirectory Deploying web application directory [D:\evan\yen\hardening_tomcat9\apache-tomcat-9.0.118\webapps\ROOT]
04-Jun-2026 16:53:57.565 INFO [main] org.apache.jasper.servlet.TldScanner.scanJars At least one JAR was scanned for TLDs yet contained no TLDs. Enable debug logging for this logger for a complete list of JARs that were scanned but no TLDs were found in them. Skipping unneeded JARs during scanning can improve startup time and JSP compilation time.
04-Jun-2026 16:53:57.571 INFO [main] org.apache.catalina.startup.HostConfig.deployDirectory Deployment of web application directory [D:\evan\yen\hardening_tomcat9\apache-tomcat-9.0.118\webapps\ROOT] has finished in [32] ms
04-Jun-2026 16:53:57.589 INFO [main] org.apache.coyote.AbstractProtocol.start Starting ProtocolHandler ["http-nio-8080"]
04-Jun-2026 16:53:57.599 INFO [main] org.apache.catalina.startup.Catalina.start Server startup in [566] milliseconds
04-Jun-2026 16:55:14.869 INFO [Thread-2] org.apache.coyote.AbstractProtocol.pause Pausing ProtocolHandler ["http-nio-8080"]
04-Jun-2026 16:55:15.184 INFO [Thread-2] org.apache.catalina.core.StandardService.stopInternal Stopping service [Catalina]
04-Jun-2026 16:55:15.196 INFO [Thread-2] org.apache.coyote.AbstractProtocol.stop Stopping ProtocolHandler ["http-nio-8080"]
04-Jun-2026 16:55:15.212 INFO [Thread-2] org.apache.coyote.AbstractProtocol.destroy Destroying ProtocolHandler ["http-nio-8080"]
04-Jun-2026 17:59:32.717 INFO [main] org.apache.catalina.startup.VersionLoggerListener.log Server version name:   Apache Tomcat/9.0.118
04-Jun-2026 17:59:32.724 INFO [main] org.apache.catalina.startup.VersionLoggerListener.log Server built:          May 1 2026 19:30:30 UTC
04-Jun-2026 17:59:32.724 INFO [main] org.apache.catalina.startup.VersionLoggerListener.log Server version number: 9.0.118.0
04-Jun-2026 17:59:32.724 INFO [main] org.apache.catalina.startup.VersionLoggerListener.log OS Name:               Windows 10
04-Jun-2026 17:59:32.724 INFO [main] org.apache.catalina.startup.VersionLoggerListener.log OS Version:            10.0
04-Jun-2026 17:59:32.724 INFO [main] org.apache.catalina.startup.VersionLoggerListener.log Architecture:          amd64
04-Jun-2026 17:59:32.724 INFO [main] org.apache.catalina.startup.VersionLoggerListener.log Java Home:             C:\Program Files\Java\jdk1.8.0_202\jre
04-Jun-2026 17:59:32.724 INFO [main] org.apache.catalina.startup.VersionLoggerListener.log JVM Version:           1.8.0_202-b08
04-Jun-2026 17:59:32.724 INFO [main] org.apache.catalina.startup.VersionLoggerListener.log JVM Vendor:            Oracle Corporation
04-Jun-2026 17:59:32.724 INFO [main] org.apache.catalina.startup.VersionLoggerListener.log CATALINA_BASE:         D:\evan\yen\hardening_tomcat9\apache-tomcat-9.0.118
04-Jun-2026 17:59:32.724 INFO [main] org.apache.catalina.startup.VersionLoggerListener.log CATALINA_HOME:         D:\evan\yen\hardening_tomcat9\apache-tomcat-9.0.118
04-Jun-2026 17:59:32.724 INFO [main] org.apache.catalina.startup.VersionLoggerListener.log Command line argument: -Djava.util.logging.config.file=D:\evan\yen\hardening_tomcat9\apache-tomcat-9.0.118\conf\logging.properties
04-Jun-2026 17:59:32.724 INFO [main] org.apache.catalina.startup.VersionLoggerListener.log Command line argument: -Djava.util.logging.manager=org.apache.juli.ClassLoaderLogManager
04-Jun-2026 17:59:32.724 INFO [main] org.apache.catalina.startup.VersionLoggerListener.log Command line argument: -Djdk.tls.ephemeralDHKeySize=2048
04-Jun-2026 17:59:32.724 INFO [main] org.apache.catalina.startup.VersionLoggerListener.log Command line argument: -Djava.protocol.handler.pkgs=org.apache.catalina.webresources
04-Jun-2026 17:59:32.724 INFO [main] org.apache.catalina.startup.VersionLoggerListener.log Command line argument: -Dsun.io.useCanonCaches=false
04-Jun-2026 17:59:32.724 INFO [main] org.apache.catalina.startup.VersionLoggerListener.log Command line argument: -Dignore.endorsed.dirs=
04-Jun-2026 17:59:32.724 INFO [main] org.apache.catalina.startup.VersionLoggerListener.log Command line argument: -Dcatalina.base=D:\evan\yen\hardening_tomcat9\apache-tomcat-9.0.118
04-Jun-2026 17:59:32.724 INFO [main] org.apache.catalina.startup.VersionLoggerListener.log Command line argument: -Dcatalina.home=D:\evan\yen\hardening_tomcat9\apache-tomcat-9.0.118
04-Jun-2026 17:59:32.724 INFO [main] org.apache.catalina.startup.VersionLoggerListener.log Command line argument: -Djava.io.tmpdir=D:\evan\yen\hardening_tomcat9\apache-tomcat-9.0.118\temp
04-Jun-2026 17:59:32.732 INFO [main] org.apache.catalina.core.AprLifecycleListener.lifecycleEvent Loaded Apache Tomcat Native library [1.3.7] using APR version [1.7.6].
04-Jun-2026 17:59:32.733 INFO [main] org.apache.catalina.core.AprLifecycleListener.lifecycleEvent APR capabilities: IPv6 [true], sendfile [true], accept filters [false], random [true], UDS [true].
04-Jun-2026 17:59:32.733 INFO [main] org.apache.catalina.core.AprLifecycleListener.lifecycleEvent APR/OpenSSL configuration: useAprConnector [false], useOpenSSL [true]
04-Jun-2026 17:59:32.733 INFO [main] org.apache.catalina.core.AprLifecycleListener.initializeSSL OpenSSL successfully initialized [OpenSSL 3.0.19 27 Jan 2026]
04-Jun-2026 17:59:33.004 INFO [main] org.apache.coyote.AbstractProtocol.init Initializing ProtocolHandler ["http-nio-8080"]
04-Jun-2026 17:59:33.025 SEVERE [main] org.apache.catalina.util.LifecycleBase.handleSubClassException Failed to initialize component [Connector["http-nio-8080"]]
	org.apache.catalina.LifecycleException: Protocol handler initialization failed
		at org.apache.catalina.connector.Connector.initInternal(Connector.java:1084)
		at org.apache.catalina.util.LifecycleBase.init(LifecycleBase.java:122)
		at org.apache.catalina.core.StandardService.initInternal(StandardService.java:520)
		at org.apache.catalina.util.LifecycleBase.init(LifecycleBase.java:122)
		at org.apache.catalina.core.StandardServer.initInternal(StandardServer.java:984)
		at org.apache.catalina.util.LifecycleBase.init(LifecycleBase.java:122)
		at org.apache.catalina.startup.Catalina.load(Catalina.java:687)
		at org.apache.catalina.startup.Catalina.load(Catalina.java:710)
		at sun.reflect.NativeMethodAccessorImpl.invoke0(Native Method)
		at sun.reflect.NativeMethodAccessorImpl.invoke(NativeMethodAccessorImpl.java:62)
		at sun.reflect.DelegatingMethodAccessorImpl.invoke(DelegatingMethodAccessorImpl.java:43)
		at java.lang.reflect.Method.invoke(Method.java:498)
		at org.apache.catalina.startup.Bootstrap.load(Bootstrap.java:299)
		at org.apache.catalina.startup.Bootstrap.main(Bootstrap.java:472)
	Caused by: java.net.BindException: Address already in use: bind
		at sun.nio.ch.Net.bind0(Native Method)
		at sun.nio.ch.Net.bind(Net.java:433)
		at sun.nio.ch.Net.bind(Net.java:425)
		at sun.nio.ch.ServerSocketChannelImpl.bind(ServerSocketChannelImpl.java:223)
		at org.apache.tomcat.util.net.NioEndpoint.initServerSocket(NioEndpoint.java:296)
		at org.apache.tomcat.util.net.NioEndpoint.bind(NioEndpoint.java:251)
		at org.apache.tomcat.util.net.AbstractEndpoint.bindWithCleanup(AbstractEndpoint.java:1500)
		at org.apache.tomcat.util.net.AbstractEndpoint.init(AbstractEndpoint.java:1513)
		at org.apache.coyote.AbstractProtocol.init(AbstractProtocol.java:966)
		at org.apache.coyote.http11.AbstractHttp11Protocol.init(AbstractHttp11Protocol.java:80)
		at org.apache.catalina.connector.Connector.initInternal(Connector.java:1082)
		... 13 more
04-Jun-2026 17:59:33.025 INFO [main] org.apache.catalina.startup.Catalina.load Server initialization in [468] milliseconds
04-Jun-2026 17:59:33.053 INFO [main] org.apache.catalina.core.StandardService.startInternal Starting service [Catalina]
04-Jun-2026 17:59:33.053 INFO [main] org.apache.catalina.core.StandardEngine.startInternal Starting Servlet engine: [Apache Tomcat/9.0.118]
04-Jun-2026 17:59:33.064 INFO [main] org.apache.catalina.startup.HostConfig.deployDirectory Deploying web application directory [D:\evan\yen\hardening_tomcat9\apache-tomcat-9.0.118\webapps\ROOT]
04-Jun-2026 17:59:33.234 INFO [main] org.apache.jasper.servlet.TldScanner.scanJars At least one JAR was scanned for TLDs yet contained no TLDs. Enable debug logging for this logger for a complete list of JARs that were scanned but no TLDs were found in them. Skipping unneeded JARs during scanning can improve startup time and JSP compilation time.
04-Jun-2026 17:59:33.437 WARNING [main] org.apache.catalina.util.SessionIdGeneratorBase.createSecureRandom Creation of SecureRandom instance for session ID generation using [SHA1PRNG] took [174] milliseconds.
04-Jun-2026 17:59:33.454 INFO [main] org.apache.catalina.startup.HostConfig.deployDirectory Deployment of web application directory [D:\evan\yen\hardening_tomcat9\apache-tomcat-9.0.118\webapps\ROOT] has finished in [390] ms
04-Jun-2026 17:59:33.460 INFO [main] org.apache.catalina.startup.Catalina.start Server startup in [433] milliseconds
04-Jun-2026 17:59:59.475 INFO [Thread-2] org.apache.coyote.AbstractProtocol.pause Pausing ProtocolHandler ["http-nio-8080"]
04-Jun-2026 17:59:59.475 INFO [Thread-2] org.apache.catalina.core.StandardService.stopInternal Stopping service [Catalina]
04-Jun-2026 17:59:59.489 INFO [Thread-2] org.apache.coyote.AbstractProtocol.stop Stopping ProtocolHandler ["http-nio-8080"]
04-Jun-2026 17:59:59.489 INFO [Thread-2] org.apache.coyote.AbstractProtocol.destroy Destroying ProtocolHandler ["http-nio-8080"]
04-Jun-2026 18:00:04.922 INFO [main] org.apache.catalina.startup.VersionLoggerListener.log Server version name:   Apache Tomcat/9.0.118
04-Jun-2026 18:00:04.923 INFO [main] org.apache.catalina.startup.VersionLoggerListener.log Server built:          May 1 2026 19:30:30 UTC
04-Jun-2026 18:00:04.923 INFO [main] org.apache.catalina.startup.VersionLoggerListener.log Server version number: 9.0.118.0
04-Jun-2026 18:00:04.923 INFO [main] org.apache.catalina.startup.VersionLoggerListener.log OS Name:               Windows 10
04-Jun-2026 18:00:04.923 INFO [main] org.apache.catalina.startup.VersionLoggerListener.log OS Version:            10.0
04-Jun-2026 18:00:04.923 INFO [main] org.apache.catalina.startup.VersionLoggerListener.log Architecture:          amd64
04-Jun-2026 18:00:04.923 INFO [main] org.apache.catalina.startup.VersionLoggerListener.log Java Home:             C:\Program Files\Java\jdk1.8.0_202\jre
04-Jun-2026 18:00:04.923 INFO [main] org.apache.catalina.startup.VersionLoggerListener.log JVM Version:           1.8.0_202-b08
04-Jun-2026 18:00:04.923 INFO [main] org.apache.catalina.startup.VersionLoggerListener.log JVM Vendor:            Oracle Corporation
04-Jun-2026 18:00:04.923 INFO [main] org.apache.catalina.startup.VersionLoggerListener.log CATALINA_BASE:         D:\evan\yen\hardening_tomcat9\apache-tomcat-9.0.118
04-Jun-2026 18:00:04.923 INFO [main] org.apache.catalina.startup.VersionLoggerListener.log CATALINA_HOME:         D:\evan\yen\hardening_tomcat9\apache-tomcat-9.0.118
04-Jun-2026 18:00:04.923 INFO [main] org.apache.catalina.startup.VersionLoggerListener.log Command line argument: -Djava.util.logging.config.file=D:\evan\yen\hardening_tomcat9\apache-tomcat-9.0.118\conf\logging.properties
04-Jun-2026 18:00:04.923 INFO [main] org.apache.catalina.startup.VersionLoggerListener.log Command line argument: -Djava.util.logging.manager=org.apache.juli.ClassLoaderLogManager
04-Jun-2026 18:00:04.923 INFO [main] org.apache.catalina.startup.VersionLoggerListener.log Command line argument: -Djdk.tls.ephemeralDHKeySize=2048
04-Jun-2026 18:00:04.923 INFO [main] org.apache.catalina.startup.VersionLoggerListener.log Command line argument: -Djava.protocol.handler.pkgs=org.apache.catalina.webresources
04-Jun-2026 18:00:04.923 INFO [main] org.apache.catalina.startup.VersionLoggerListener.log Command line argument: -Dsun.io.useCanonCaches=false
04-Jun-2026 18:00:04.930 INFO [main] org.apache.catalina.startup.VersionLoggerListener.log Command line argument: -Dignore.endorsed.dirs=
04-Jun-2026 18:00:04.930 INFO [main] org.apache.catalina.startup.VersionLoggerListener.log Command line argument: -Dcatalina.base=D:\evan\yen\hardening_tomcat9\apache-tomcat-9.0.118
04-Jun-2026 18:00:04.930 INFO [main] org.apache.catalina.startup.VersionLoggerListener.log Command line argument: -Dcatalina.home=D:\evan\yen\hardening_tomcat9\apache-tomcat-9.0.118
04-Jun-2026 18:00:04.930 INFO [main] org.apache.catalina.startup.VersionLoggerListener.log Command line argument: -Djava.io.tmpdir=D:\evan\yen\hardening_tomcat9\apache-tomcat-9.0.118\temp
04-Jun-2026 18:00:04.933 INFO [main] org.apache.catalina.core.AprLifecycleListener.lifecycleEvent Loaded Apache Tomcat Native library [1.3.7] using APR version [1.7.6].
04-Jun-2026 18:00:04.933 INFO [main] org.apache.catalina.core.AprLifecycleListener.lifecycleEvent APR capabilities: IPv6 [true], sendfile [true], accept filters [false], random [true], UDS [true].
04-Jun-2026 18:00:04.933 INFO [main] org.apache.catalina.core.AprLifecycleListener.lifecycleEvent APR/OpenSSL configuration: useAprConnector [false], useOpenSSL [true]
04-Jun-2026 18:00:04.937 INFO [main] org.apache.catalina.core.AprLifecycleListener.initializeSSL OpenSSL successfully initialized [OpenSSL 3.0.19 27 Jan 2026]
04-Jun-2026 18:00:05.207 INFO [main] org.apache.coyote.AbstractProtocol.init Initializing ProtocolHandler ["http-nio-8080"]
04-Jun-2026 18:00:05.223 SEVERE [main] org.apache.catalina.util.LifecycleBase.handleSubClassException Failed to initialize component [Connector["http-nio-8080"]]
	org.apache.catalina.LifecycleException: Protocol handler initialization failed
		at org.apache.catalina.connector.Connector.initInternal(Connector.java:1084)
		at org.apache.catalina.util.LifecycleBase.init(LifecycleBase.java:122)
		at org.apache.catalina.core.StandardService.initInternal(StandardService.java:520)
		at org.apache.catalina.util.LifecycleBase.init(LifecycleBase.java:122)
		at org.apache.catalina.core.StandardServer.initInternal(StandardServer.java:984)
		at org.apache.catalina.util.LifecycleBase.init(LifecycleBase.java:122)
		at org.apache.catalina.startup.Catalina.load(Catalina.java:687)
		at org.apache.catalina.startup.Catalina.load(Catalina.java:710)
		at sun.reflect.NativeMethodAccessorImpl.invoke0(Native Method)
		at sun.reflect.NativeMethodAccessorImpl.invoke(NativeMethodAccessorImpl.java:62)
		at sun.reflect.DelegatingMethodAccessorImpl.invoke(DelegatingMethodAccessorImpl.java:43)
		at java.lang.reflect.Method.invoke(Method.java:498)
		at org.apache.catalina.startup.Bootstrap.load(Bootstrap.java:299)
		at org.apache.catalina.startup.Bootstrap.main(Bootstrap.java:472)
	Caused by: java.net.BindException: Address already in use: bind
		at sun.nio.ch.Net.bind0(Native Method)
		at sun.nio.ch.Net.bind(Net.java:433)
		at sun.nio.ch.Net.bind(Net.java:425)
		at sun.nio.ch.ServerSocketChannelImpl.bind(ServerSocketChannelImpl.java:223)
		at org.apache.tomcat.util.net.NioEndpoint.initServerSocket(NioEndpoint.java:296)
		at org.apache.tomcat.util.net.NioEndpoint.bind(NioEndpoint.java:251)
		at org.apache.tomcat.util.net.AbstractEndpoint.bindWithCleanup(AbstractEndpoint.java:1500)
		at org.apache.tomcat.util.net.AbstractEndpoint.init(AbstractEndpoint.java:1513)
		at org.apache.coyote.AbstractProtocol.init(AbstractProtocol.java:966)
		at org.apache.coyote.http11.AbstractHttp11Protocol.init(AbstractHttp11Protocol.java:80)
		at org.apache.catalina.connector.Connector.initInternal(Connector.java:1082)
		... 13 more
04-Jun-2026 18:00:05.223 INFO [main] org.apache.catalina.startup.Catalina.load Server initialization in [459] milliseconds
04-Jun-2026 18:00:05.246 INFO [main] org.apache.catalina.core.StandardService.startInternal Starting service [Catalina]
04-Jun-2026 18:00:05.246 INFO [main] org.apache.catalina.core.StandardEngine.startInternal Starting Servlet engine: [Apache Tomcat/9.0.118]
04-Jun-2026 18:00:05.257 INFO [main] org.apache.catalina.startup.HostConfig.deployDirectory Deploying web application directory [D:\evan\yen\hardening_tomcat9\apache-tomcat-9.0.118\webapps\host-manager]
04-Jun-2026 18:00:05.443 INFO [main] org.apache.jasper.servlet.TldScanner.scanJars At least one JAR was scanned for TLDs yet contained no TLDs. Enable debug logging for this logger for a complete list of JARs that were scanned but no TLDs were found in them. Skipping unneeded JARs during scanning can improve startup time and JSP compilation time.
04-Jun-2026 18:00:05.637 WARNING [main] org.apache.catalina.util.SessionIdGeneratorBase.createSecureRandom Creation of SecureRandom instance for session ID generation using [SHA1PRNG] took [174] milliseconds.
04-Jun-2026 18:00:05.662 INFO [main] org.apache.catalina.startup.HostConfig.deployDirectory Deployment of web application directory [D:\evan\yen\hardening_tomcat9\apache-tomcat-9.0.118\webapps\host-manager] has finished in [405] ms
04-Jun-2026 18:00:05.663 INFO [main] org.apache.catalina.startup.HostConfig.deployDirectory Deploying web application directory [D:\evan\yen\hardening_tomcat9\apache-tomcat-9.0.118\webapps\manager]
04-Jun-2026 18:00:05.692 INFO [main] org.apache.jasper.servlet.TldScanner.scanJars At least one JAR was scanned for TLDs yet contained no TLDs. Enable debug logging for this logger for a complete list of JARs that were scanned but no TLDs were found in them. Skipping unneeded JARs during scanning can improve startup time and JSP compilation time.
04-Jun-2026 18:00:05.693 INFO [main] org.apache.catalina.startup.HostConfig.deployDirectory Deployment of web application directory [D:\evan\yen\hardening_tomcat9\apache-tomcat-9.0.118\webapps\manager] has finished in [31] ms
04-Jun-2026 18:00:05.693 INFO [main] org.apache.catalina.startup.HostConfig.deployDirectory Deploying web application directory [D:\evan\yen\hardening_tomcat9\apache-tomcat-9.0.118\webapps\ROOT]
04-Jun-2026 18:00:05.717 INFO [main] org.apache.jasper.servlet.TldScanner.scanJars At least one JAR was scanned for TLDs yet contained no TLDs. Enable debug logging for this logger for a complete list of JARs that were scanned but no TLDs were found in them. Skipping unneeded JARs during scanning can improve startup time and JSP compilation time.
04-Jun-2026 18:00:05.723 INFO [main] org.apache.catalina.startup.HostConfig.deployDirectory Deployment of web application directory [D:\evan\yen\hardening_tomcat9\apache-tomcat-9.0.118\webapps\ROOT] has finished in [30] ms
04-Jun-2026 18:00:05.736 INFO [main] org.apache.catalina.startup.Catalina.start Server startup in [501] milliseconds
04-Jun-2026 18:00:46.772 INFO [main] org.apache.catalina.startup.VersionLoggerListener.log Server version name:   Apache Tomcat/9.0.118
04-Jun-2026 18:00:46.775 INFO [main] org.apache.catalina.startup.VersionLoggerListener.log Server built:          May 1 2026 19:30:30 UTC
04-Jun-2026 18:00:46.775 INFO [main] org.apache.catalina.startup.VersionLoggerListener.log Server version number: 9.0.118.0
04-Jun-2026 18:00:46.775 INFO [main] org.apache.catalina.startup.VersionLoggerListener.log OS Name:               Windows 10
04-Jun-2026 18:00:46.775 INFO [main] org.apache.catalina.startup.VersionLoggerListener.log OS Version:            10.0
04-Jun-2026 18:00:46.775 INFO [main] org.apache.catalina.startup.VersionLoggerListener.log Architecture:          amd64
04-Jun-2026 18:00:46.775 INFO [main] org.apache.catalina.startup.VersionLoggerListener.log Java Home:             C:\Program Files\Java\jdk1.8.0_202\jre
04-Jun-2026 18:00:46.775 INFO [main] org.apache.catalina.startup.VersionLoggerListener.log JVM Version:           1.8.0_202-b08
04-Jun-2026 18:00:46.775 INFO [main] org.apache.catalina.startup.VersionLoggerListener.log JVM Vendor:            Oracle Corporation
04-Jun-2026 18:00:46.775 INFO [main] org.apache.catalina.startup.VersionLoggerListener.log CATALINA_BASE:         D:\evan\yen\hardening_tomcat9\apache-tomcat-9.0.118
04-Jun-2026 18:00:46.775 INFO [main] org.apache.catalina.startup.VersionLoggerListener.log CATALINA_HOME:         D:\evan\yen\hardening_tomcat9\apache-tomcat-9.0.118
04-Jun-2026 18:00:46.775 INFO [main] org.apache.catalina.startup.VersionLoggerListener.log Command line argument: -Djava.util.logging.config.file=D:\evan\yen\hardening_tomcat9\apache-tomcat-9.0.118\conf\logging.properties
04-Jun-2026 18:00:46.775 INFO [main] org.apache.catalina.startup.VersionLoggerListener.log Command line argument: -Djava.util.logging.manager=org.apache.juli.ClassLoaderLogManager
04-Jun-2026 18:00:46.775 INFO [main] org.apache.catalina.startup.VersionLoggerListener.log Command line argument: -Djdk.tls.ephemeralDHKeySize=2048
04-Jun-2026 18:00:46.775 INFO [main] org.apache.catalina.startup.VersionLoggerListener.log Command line argument: -Djava.protocol.handler.pkgs=org.apache.catalina.webresources
04-Jun-2026 18:00:46.775 INFO [main] org.apache.catalina.startup.VersionLoggerListener.log Command line argument: -Dsun.io.useCanonCaches=false
04-Jun-2026 18:00:46.775 INFO [main] org.apache.catalina.startup.VersionLoggerListener.log Command line argument: -Dignore.endorsed.dirs=
04-Jun-2026 18:00:46.775 INFO [main] org.apache.catalina.startup.VersionLoggerListener.log Command line argument: -Dcatalina.base=D:\evan\yen\hardening_tomcat9\apache-tomcat-9.0.118
04-Jun-2026 18:00:46.775 INFO [main] org.apache.catalina.startup.VersionLoggerListener.log Command line argument: -Dcatalina.home=D:\evan\yen\hardening_tomcat9\apache-tomcat-9.0.118
04-Jun-2026 18:00:46.775 INFO [main] org.apache.catalina.startup.VersionLoggerListener.log Command line argument: -Djava.io.tmpdir=D:\evan\yen\hardening_tomcat9\apache-tomcat-9.0.118\temp
04-Jun-2026 18:00:46.783 INFO [main] org.apache.catalina.core.AprLifecycleListener.lifecycleEvent Loaded Apache Tomcat Native library [1.3.7] using APR version [1.7.6].
04-Jun-2026 18:00:46.783 INFO [main] org.apache.catalina.core.AprLifecycleListener.lifecycleEvent APR capabilities: IPv6 [true], sendfile [true], accept filters [false], random [true], UDS [true].
04-Jun-2026 18:00:46.783 INFO [main] org.apache.catalina.core.AprLifecycleListener.lifecycleEvent APR/OpenSSL configuration: useAprConnector [false], useOpenSSL [true]
04-Jun-2026 18:00:46.783 INFO [main] org.apache.catalina.core.AprLifecycleListener.initializeSSL OpenSSL successfully initialized [OpenSSL 3.0.19 27 Jan 2026]
04-Jun-2026 18:00:47.073 INFO [main] org.apache.coyote.AbstractProtocol.init Initializing ProtocolHandler ["http-nio-8080"]
04-Jun-2026 18:00:47.083 SEVERE [main] org.apache.catalina.util.LifecycleBase.handleSubClassException Failed to initialize component [Connector["http-nio-8080"]]
	org.apache.catalina.LifecycleException: Protocol handler initialization failed
		at org.apache.catalina.connector.Connector.initInternal(Connector.java:1084)
		at org.apache.catalina.util.LifecycleBase.init(LifecycleBase.java:122)
		at org.apache.catalina.core.StandardService.initInternal(StandardService.java:520)
		at org.apache.catalina.util.LifecycleBase.init(LifecycleBase.java:122)
		at org.apache.catalina.core.StandardServer.initInternal(StandardServer.java:984)
		at org.apache.catalina.util.LifecycleBase.init(LifecycleBase.java:122)
		at org.apache.catalina.startup.Catalina.load(Catalina.java:687)
		at org.apache.catalina.startup.Catalina.load(Catalina.java:710)
		at sun.reflect.NativeMethodAccessorImpl.invoke0(Native Method)
		at sun.reflect.NativeMethodAccessorImpl.invoke(NativeMethodAccessorImpl.java:62)
		at sun.reflect.DelegatingMethodAccessorImpl.invoke(DelegatingMethodAccessorImpl.java:43)
		at java.lang.reflect.Method.invoke(Method.java:498)
		at org.apache.catalina.startup.Bootstrap.load(Bootstrap.java:299)
		at org.apache.catalina.startup.Bootstrap.main(Bootstrap.java:472)
	Caused by: java.net.BindException: Address already in use: bind
		at sun.nio.ch.Net.bind0(Native Method)
		at sun.nio.ch.Net.bind(Net.java:433)
		at sun.nio.ch.Net.bind(Net.java:425)
		at sun.nio.ch.ServerSocketChannelImpl.bind(ServerSocketChannelImpl.java:223)
		at org.apache.tomcat.util.net.NioEndpoint.initServerSocket(NioEndpoint.java:296)
		at org.apache.tomcat.util.net.NioEndpoint.bind(NioEndpoint.java:251)
		at org.apache.tomcat.util.net.AbstractEndpoint.bindWithCleanup(AbstractEndpoint.java:1500)
		at org.apache.tomcat.util.net.AbstractEndpoint.init(AbstractEndpoint.java:1513)
		at org.apache.coyote.AbstractProtocol.init(AbstractProtocol.java:966)
		at org.apache.coyote.http11.AbstractHttp11Protocol.init(AbstractHttp11Protocol.java:80)
		at org.apache.catalina.connector.Connector.initInternal(Connector.java:1082)
		... 13 more
04-Jun-2026 18:00:47.083 INFO [main] org.apache.catalina.startup.Catalina.load Server initialization in [484] milliseconds
04-Jun-2026 18:00:47.114 INFO [main] org.apache.catalina.core.StandardService.startInternal Starting service [Catalina]
04-Jun-2026 18:00:47.114 INFO [main] org.apache.catalina.core.StandardEngine.startInternal Starting Servlet engine: [Apache Tomcat/9.0.118]
04-Jun-2026 18:00:47.127 INFO [main] org.apache.catalina.startup.HostConfig.deployDirectory Deploying web application directory [D:\evan\yen\hardening_tomcat9\apache-tomcat-9.0.118\webapps\host-manager]
04-Jun-2026 18:00:47.323 INFO [main] org.apache.jasper.servlet.TldScanner.scanJars At least one JAR was scanned for TLDs yet contained no TLDs. Enable debug logging for this logger for a complete list of JARs that were scanned but no TLDs were found in them. Skipping unneeded JARs during scanning can improve startup time and JSP compilation time.
04-Jun-2026 18:00:47.513 WARNING [main] org.apache.catalina.util.SessionIdGeneratorBase.createSecureRandom Creation of SecureRandom instance for session ID generation using [SHA1PRNG] took [164] milliseconds.
04-Jun-2026 18:00:47.539 INFO [main] org.apache.catalina.startup.HostConfig.deployDirectory Deployment of web application directory [D:\evan\yen\hardening_tomcat9\apache-tomcat-9.0.118\webapps\host-manager] has finished in [412] ms
04-Jun-2026 18:00:47.539 INFO [main] org.apache.catalina.startup.HostConfig.deployDirectory Deploying web application directory [D:\evan\yen\hardening_tomcat9\apache-tomcat-9.0.118\webapps\manager]
04-Jun-2026 18:00:47.572 INFO [main] org.apache.jasper.servlet.TldScanner.scanJars At least one JAR was scanned for TLDs yet contained no TLDs. Enable debug logging for this logger for a complete list of JARs that were scanned but no TLDs were found in them. Skipping unneeded JARs during scanning can improve startup time and JSP compilation time.
04-Jun-2026 18:00:47.573 INFO [main] org.apache.catalina.startup.HostConfig.deployDirectory Deployment of web application directory [D:\evan\yen\hardening_tomcat9\apache-tomcat-9.0.118\webapps\manager] has finished in [34] ms
04-Jun-2026 18:00:47.573 INFO [main] org.apache.catalina.startup.HostConfig.deployDirectory Deploying web application directory [D:\evan\yen\hardening_tomcat9\apache-tomcat-9.0.118\webapps\ROOT]
04-Jun-2026 18:00:47.595 INFO [main] org.apache.jasper.servlet.TldScanner.scanJars At least one JAR was scanned for TLDs yet contained no TLDs. Enable debug logging for this logger for a complete list of JARs that were scanned but no TLDs were found in them. Skipping unneeded JARs during scanning can improve startup time and JSP compilation time.
04-Jun-2026 18:00:47.604 SEVERE [main] org.apache.jasper.EmbeddedServletOptions.<init> The scratchDir you specified: [D:\evan\yen\hardening_tomcat9\apache-tomcat-9.0.118\work\Catalina\localhost\ROOT] is unusable.
04-Jun-2026 18:00:47.604 INFO [main] org.apache.catalina.startup.HostConfig.deployDirectory Deployment of web application directory [D:\evan\yen\hardening_tomcat9\apache-tomcat-9.0.118\webapps\ROOT] has finished in [31] ms
04-Jun-2026 18:00:47.623 INFO [main] org.apache.catalina.startup.Catalina.start Server startup in [534] milliseconds
04-Jun-2026 18:01:29.576 INFO [Thread-2] org.apache.coyote.AbstractProtocol.pause Pausing ProtocolHandler ["http-nio-8080"]
04-Jun-2026 18:01:29.582 INFO [Thread-2] org.apache.catalina.core.StandardService.stopInternal Stopping service [Catalina]
04-Jun-2026 18:01:29.594 INFO [Thread-2] org.apache.coyote.AbstractProtocol.stop Stopping ProtocolHandler ["http-nio-8080"]
04-Jun-2026 18:01:29.594 INFO [Thread-2] org.apache.coyote.AbstractProtocol.destroy Destroying ProtocolHandler ["http-nio-8080"]
04-Jun-2026 18:01:36.591 SEVERE [main] org.apache.catalina.startup.Catalina.stopServer No shutdown port configured. Shut down server through OS signal. Server not shut down.
04-Jun-2026 18:01:41.208 INFO [main] org.apache.catalina.startup.VersionLoggerListener.log Server version name:   Apache Tomcat/9.0.118
04-Jun-2026 18:01:41.212 INFO [main] org.apache.catalina.startup.VersionLoggerListener.log Server built:          May 1 2026 19:30:30 UTC
04-Jun-2026 18:01:41.212 INFO [main] org.apache.catalina.startup.VersionLoggerListener.log Server version number: 9.0.118.0
04-Jun-2026 18:01:41.213 INFO [main] org.apache.catalina.startup.VersionLoggerListener.log OS Name:               Windows 10
04-Jun-2026 18:01:41.213 INFO [main] org.apache.catalina.startup.VersionLoggerListener.log OS Version:            10.0
04-Jun-2026 18:01:41.213 INFO [main] org.apache.catalina.startup.VersionLoggerListener.log Architecture:          amd64
04-Jun-2026 18:01:41.213 INFO [main] org.apache.catalina.startup.VersionLoggerListener.log Java Home:             C:\Program Files\Java\jdk1.8.0_202\jre
04-Jun-2026 18:01:41.213 INFO [main] org.apache.catalina.startup.VersionLoggerListener.log JVM Version:           1.8.0_202-b08
04-Jun-2026 18:01:41.213 INFO [main] org.apache.catalina.startup.VersionLoggerListener.log JVM Vendor:            Oracle Corporation
04-Jun-2026 18:01:41.213 INFO [main] org.apache.catalina.startup.VersionLoggerListener.log CATALINA_BASE:         D:\evan\yen\hardening_tomcat9\apache-tomcat-9.0.118
04-Jun-2026 18:01:41.213 INFO [main] org.apache.catalina.startup.VersionLoggerListener.log CATALINA_HOME:         D:\evan\yen\hardening_tomcat9\apache-tomcat-9.0.118
04-Jun-2026 18:01:41.214 INFO [main] org.apache.catalina.startup.VersionLoggerListener.log Command line argument: -Djava.util.logging.config.file=D:\evan\yen\hardening_tomcat9\apache-tomcat-9.0.118\conf\logging.properties
04-Jun-2026 18:01:41.214 INFO [main] org.apache.catalina.startup.VersionLoggerListener.log Command line argument: -Djava.util.logging.manager=org.apache.juli.ClassLoaderLogManager
04-Jun-2026 18:01:41.214 INFO [main] org.apache.catalina.startup.VersionLoggerListener.log Command line argument: -Djdk.tls.ephemeralDHKeySize=2048
04-Jun-2026 18:01:41.214 INFO [main] org.apache.catalina.startup.VersionLoggerListener.log Command line argument: -Djava.protocol.handler.pkgs=org.apache.catalina.webresources
04-Jun-2026 18:01:41.214 INFO [main] org.apache.catalina.startup.VersionLoggerListener.log Command line argument: -Dsun.io.useCanonCaches=false
04-Jun-2026 18:01:41.214 INFO [main] org.apache.catalina.startup.VersionLoggerListener.log Command line argument: -Dignore.endorsed.dirs=
04-Jun-2026 18:01:41.214 INFO [main] org.apache.catalina.startup.VersionLoggerListener.log Command line argument: -Dcatalina.base=D:\evan\yen\hardening_tomcat9\apache-tomcat-9.0.118
04-Jun-2026 18:01:41.215 INFO [main] org.apache.catalina.startup.VersionLoggerListener.log Command line argument: -Dcatalina.home=D:\evan\yen\hardening_tomcat9\apache-tomcat-9.0.118
04-Jun-2026 18:01:41.215 INFO [main] org.apache.catalina.startup.VersionLoggerListener.log Command line argument: -Djava.io.tmpdir=D:\evan\yen\hardening_tomcat9\apache-tomcat-9.0.118\temp
04-Jun-2026 18:01:41.216 INFO [main] org.apache.catalina.core.AprLifecycleListener.lifecycleEvent Loaded Apache Tomcat Native library [1.3.7] using APR version [1.7.6].
04-Jun-2026 18:01:41.216 INFO [main] org.apache.catalina.core.AprLifecycleListener.lifecycleEvent APR capabilities: IPv6 [true], sendfile [true], accept filters [false], random [true], UDS [true].
04-Jun-2026 18:01:41.216 INFO [main] org.apache.catalina.core.AprLifecycleListener.lifecycleEvent APR/OpenSSL configuration: useAprConnector [false], useOpenSSL [true]
04-Jun-2026 18:01:41.223 INFO [main] org.apache.catalina.core.AprLifecycleListener.initializeSSL OpenSSL successfully initialized [OpenSSL 3.0.19 27 Jan 2026]
04-Jun-2026 18:01:41.503 INFO [main] org.apache.coyote.AbstractProtocol.init Initializing ProtocolHandler ["http-nio-8080"]
04-Jun-2026 18:01:41.514 SEVERE [main] org.apache.catalina.util.LifecycleBase.handleSubClassException Failed to initialize component [Connector["http-nio-8080"]]
	org.apache.catalina.LifecycleException: Protocol handler initialization failed
		at org.apache.catalina.connector.Connector.initInternal(Connector.java:1084)
		at org.apache.catalina.util.LifecycleBase.init(LifecycleBase.java:122)
		at org.apache.catalina.core.StandardService.initInternal(StandardService.java:520)
		at org.apache.catalina.util.LifecycleBase.init(LifecycleBase.java:122)
		at org.apache.catalina.core.StandardServer.initInternal(StandardServer.java:984)
		at org.apache.catalina.util.LifecycleBase.init(LifecycleBase.java:122)
		at org.apache.catalina.startup.Catalina.load(Catalina.java:687)
		at org.apache.catalina.startup.Catalina.load(Catalina.java:710)
		at sun.reflect.NativeMethodAccessorImpl.invoke0(Native Method)
		at sun.reflect.NativeMethodAccessorImpl.invoke(NativeMethodAccessorImpl.java:62)
		at sun.reflect.DelegatingMethodAccessorImpl.invoke(DelegatingMethodAccessorImpl.java:43)
		at java.lang.reflect.Method.invoke(Method.java:498)
		at org.apache.catalina.startup.Bootstrap.load(Bootstrap.java:299)
		at org.apache.catalina.startup.Bootstrap.main(Bootstrap.java:472)
	Caused by: java.net.BindException: Address already in use: bind
		at sun.nio.ch.Net.bind0(Native Method)
		at sun.nio.ch.Net.bind(Net.java:433)
		at sun.nio.ch.Net.bind(Net.java:425)
		at sun.nio.ch.ServerSocketChannelImpl.bind(ServerSocketChannelImpl.java:223)
		at org.apache.tomcat.util.net.NioEndpoint.initServerSocket(NioEndpoint.java:296)
		at org.apache.tomcat.util.net.NioEndpoint.bind(NioEndpoint.java:251)
		at org.apache.tomcat.util.net.AbstractEndpoint.bindWithCleanup(AbstractEndpoint.java:1500)
		at org.apache.tomcat.util.net.AbstractEndpoint.init(AbstractEndpoint.java:1513)
		at org.apache.coyote.AbstractProtocol.init(AbstractProtocol.java:966)
		at org.apache.coyote.http11.AbstractHttp11Protocol.init(AbstractHttp11Protocol.java:80)
		at org.apache.catalina.connector.Connector.initInternal(Connector.java:1082)
		... 13 more
04-Jun-2026 18:01:41.519 INFO [main] org.apache.catalina.startup.Catalina.load Server initialization in [475] milliseconds
04-Jun-2026 18:01:41.547 INFO [main] org.apache.catalina.core.StandardService.startInternal Starting service [Catalina]
04-Jun-2026 18:01:41.547 INFO [main] org.apache.catalina.core.StandardEngine.startInternal Starting Servlet engine: [Apache Tomcat/9.0.118]
04-Jun-2026 18:01:41.562 INFO [main] org.apache.catalina.startup.HostConfig.deployDirectory Deploying web application directory [D:\evan\yen\hardening_tomcat9\apache-tomcat-9.0.118\webapps\host-manager]
04-Jun-2026 18:01:41.760 INFO [main] org.apache.jasper.servlet.TldScanner.scanJars At least one JAR was scanned for TLDs yet contained no TLDs. Enable debug logging for this logger for a complete list of JARs that were scanned but no TLDs were found in them. Skipping unneeded JARs during scanning can improve startup time and JSP compilation time.
04-Jun-2026 18:01:41.953 WARNING [main] org.apache.catalina.util.SessionIdGeneratorBase.createSecureRandom Creation of SecureRandom instance for session ID generation using [SHA1PRNG] took [169] milliseconds.
04-Jun-2026 18:01:41.977 INFO [main] org.apache.catalina.startup.HostConfig.deployDirectory Deployment of web application directory [D:\evan\yen\hardening_tomcat9\apache-tomcat-9.0.118\webapps\host-manager] has finished in [415] ms
04-Jun-2026 18:01:41.978 INFO [main] org.apache.catalina.startup.HostConfig.deployDirectory Deploying web application directory [D:\evan\yen\hardening_tomcat9\apache-tomcat-9.0.118\webapps\manager]
04-Jun-2026 18:01:42.006 INFO [main] org.apache.jasper.servlet.TldScanner.scanJars At least one JAR was scanned for TLDs yet contained no TLDs. Enable debug logging for this logger for a complete list of JARs that were scanned but no TLDs were found in them. Skipping unneeded JARs during scanning can improve startup time and JSP compilation time.
04-Jun-2026 18:01:42.006 INFO [main] org.apache.catalina.startup.HostConfig.deployDirectory Deployment of web application directory [D:\evan\yen\hardening_tomcat9\apache-tomcat-9.0.118\webapps\manager] has finished in [28] ms
04-Jun-2026 18:01:42.012 INFO [main] org.apache.catalina.startup.HostConfig.deployDirectory Deploying web application directory [D:\evan\yen\hardening_tomcat9\apache-tomcat-9.0.118\webapps\ROOT]
04-Jun-2026 18:01:42.033 INFO [main] org.apache.jasper.servlet.TldScanner.scanJars At least one JAR was scanned for TLDs yet contained no TLDs. Enable debug logging for this logger for a complete list of JARs that were scanned but no TLDs were found in them. Skipping unneeded JARs during scanning can improve startup time and JSP compilation time.
04-Jun-2026 18:01:42.033 INFO [main] org.apache.catalina.startup.HostConfig.deployDirectory Deployment of web application directory [D:\evan\yen\hardening_tomcat9\apache-tomcat-9.0.118\webapps\ROOT] has finished in [21] ms
04-Jun-2026 18:01:42.053 INFO [main] org.apache.catalina.startup.Catalina.start Server startup in [532] milliseconds
04-Jun-2026 18:02:10.187 INFO [Thread-2] org.apache.coyote.AbstractProtocol.pause Pausing ProtocolHandler ["http-nio-8080"]
04-Jun-2026 18:02:10.187 INFO [Thread-2] org.apache.catalina.core.StandardService.stopInternal Stopping service [Catalina]
04-Jun-2026 18:02:10.207 INFO [Thread-2] org.apache.coyote.AbstractProtocol.stop Stopping ProtocolHandler ["http-nio-8080"]
04-Jun-2026 18:02:10.207 INFO [Thread-2] org.apache.coyote.AbstractProtocol.destroy Destroying ProtocolHandler ["http-nio-8080"]
04-Jun-2026 18:02:19.203 INFO [main] org.apache.catalina.startup.VersionLoggerListener.log Server version name:   Apache Tomcat/9.0.118
04-Jun-2026 18:02:19.205 INFO [main] org.apache.catalina.startup.VersionLoggerListener.log Server built:          May 1 2026 19:30:30 UTC
04-Jun-2026 18:02:19.205 INFO [main] org.apache.catalina.startup.VersionLoggerListener.log Server version number: 9.0.118.0
04-Jun-2026 18:02:19.205 INFO [main] org.apache.catalina.startup.VersionLoggerListener.log OS Name:               Windows 10
04-Jun-2026 18:02:19.205 INFO [main] org.apache.catalina.startup.VersionLoggerListener.log OS Version:            10.0
04-Jun-2026 18:02:19.205 INFO [main] org.apache.catalina.startup.VersionLoggerListener.log Architecture:          amd64
04-Jun-2026 18:02:19.205 INFO [main] org.apache.catalina.startup.VersionLoggerListener.log Java Home:             C:\Program Files\Java\jdk1.8.0_202\jre
04-Jun-2026 18:02:19.205 INFO [main] org.apache.catalina.startup.VersionLoggerListener.log JVM Version:           1.8.0_202-b08
04-Jun-2026 18:02:19.205 INFO [main] org.apache.catalina.startup.VersionLoggerListener.log JVM Vendor:            Oracle Corporation
04-Jun-2026 18:02:19.205 INFO [main] org.apache.catalina.startup.VersionLoggerListener.log CATALINA_BASE:         D:\evan\yen\hardening_tomcat9\apache-tomcat-9.0.118
04-Jun-2026 18:02:19.205 INFO [main] org.apache.catalina.startup.VersionLoggerListener.log CATALINA_HOME:         D:\evan\yen\hardening_tomcat9\apache-tomcat-9.0.118
04-Jun-2026 18:02:19.205 INFO [main] org.apache.catalina.startup.VersionLoggerListener.log Command line argument: -Djava.util.logging.config.file=D:\evan\yen\hardening_tomcat9\apache-tomcat-9.0.118\conf\logging.properties
04-Jun-2026 18:02:19.205 INFO [main] org.apache.catalina.startup.VersionLoggerListener.log Command line argument: -Djava.util.logging.manager=org.apache.juli.ClassLoaderLogManager
04-Jun-2026 18:02:19.205 INFO [main] org.apache.catalina.startup.VersionLoggerListener.log Command line argument: -Djdk.tls.ephemeralDHKeySize=2048
04-Jun-2026 18:02:19.205 INFO [main] org.apache.catalina.startup.VersionLoggerListener.log Command line argument: -Djava.protocol.handler.pkgs=org.apache.catalina.webresources
04-Jun-2026 18:02:19.205 INFO [main] org.apache.catalina.startup.VersionLoggerListener.log Command line argument: -Dsun.io.useCanonCaches=false
04-Jun-2026 18:02:19.205 INFO [main] org.apache.catalina.startup.VersionLoggerListener.log Command line argument: -Dignore.endorsed.dirs=
04-Jun-2026 18:02:19.205 INFO [main] org.apache.catalina.startup.VersionLoggerListener.log Command line argument: -Dcatalina.base=D:\evan\yen\hardening_tomcat9\apache-tomcat-9.0.118
04-Jun-2026 18:02:19.205 INFO [main] org.apache.catalina.startup.VersionLoggerListener.log Command line argument: -Dcatalina.home=D:\evan\yen\hardening_tomcat9\apache-tomcat-9.0.118
04-Jun-2026 18:02:19.205 INFO [main] org.apache.catalina.startup.VersionLoggerListener.log Command line argument: -Djava.io.tmpdir=D:\evan\yen\hardening_tomcat9\apache-tomcat-9.0.118\temp
04-Jun-2026 18:02:19.214 INFO [main] org.apache.catalina.core.AprLifecycleListener.lifecycleEvent Loaded Apache Tomcat Native library [1.3.7] using APR version [1.7.6].
04-Jun-2026 18:02:19.214 INFO [main] org.apache.catalina.core.AprLifecycleListener.lifecycleEvent APR capabilities: IPv6 [true], sendfile [true], accept filters [false], random [true], UDS [true].
04-Jun-2026 18:02:19.214 INFO [main] org.apache.catalina.core.AprLifecycleListener.lifecycleEvent APR/OpenSSL configuration: useAprConnector [false], useOpenSSL [true]
04-Jun-2026 18:02:19.223 INFO [main] org.apache.catalina.core.AprLifecycleListener.initializeSSL OpenSSL successfully initialized [OpenSSL 3.0.19 27 Jan 2026]
04-Jun-2026 18:02:19.502 INFO [main] org.apache.coyote.AbstractProtocol.init Initializing ProtocolHandler ["http-nio-8080"]
04-Jun-2026 18:02:19.514 SEVERE [main] org.apache.catalina.util.LifecycleBase.handleSubClassException Failed to initialize component [Connector["http-nio-8080"]]
	org.apache.catalina.LifecycleException: Protocol handler initialization failed
		at org.apache.catalina.connector.Connector.initInternal(Connector.java:1084)
		at org.apache.catalina.util.LifecycleBase.init(LifecycleBase.java:122)
		at org.apache.catalina.core.StandardService.initInternal(StandardService.java:520)
		at org.apache.catalina.util.LifecycleBase.init(LifecycleBase.java:122)
		at org.apache.catalina.core.StandardServer.initInternal(StandardServer.java:984)
		at org.apache.catalina.util.LifecycleBase.init(LifecycleBase.java:122)
		at org.apache.catalina.startup.Catalina.load(Catalina.java:687)
		at org.apache.catalina.startup.Catalina.load(Catalina.java:710)
		at sun.reflect.NativeMethodAccessorImpl.invoke0(Native Method)
		at sun.reflect.NativeMethodAccessorImpl.invoke(NativeMethodAccessorImpl.java:62)
		at sun.reflect.DelegatingMethodAccessorImpl.invoke(DelegatingMethodAccessorImpl.java:43)
		at java.lang.reflect.Method.invoke(Method.java:498)
		at org.apache.catalina.startup.Bootstrap.load(Bootstrap.java:299)
		at org.apache.catalina.startup.Bootstrap.main(Bootstrap.java:472)
	Caused by: java.net.BindException: Address already in use: bind
		at sun.nio.ch.Net.bind0(Native Method)
		at sun.nio.ch.Net.bind(Net.java:433)
		at sun.nio.ch.Net.bind(Net.java:425)
		at sun.nio.ch.ServerSocketChannelImpl.bind(ServerSocketChannelImpl.java:223)
		at org.apache.tomcat.util.net.NioEndpoint.initServerSocket(NioEndpoint.java:296)
		at org.apache.tomcat.util.net.NioEndpoint.bind(NioEndpoint.java:251)
		at org.apache.tomcat.util.net.AbstractEndpoint.bindWithCleanup(AbstractEndpoint.java:1500)
		at org.apache.tomcat.util.net.AbstractEndpoint.init(AbstractEndpoint.java:1513)
		at org.apache.coyote.AbstractProtocol.init(AbstractProtocol.java:966)
		at org.apache.coyote.http11.AbstractHttp11Protocol.init(AbstractHttp11Protocol.java:80)
		at org.apache.catalina.connector.Connector.initInternal(Connector.java:1082)
		... 13 more
04-Jun-2026 18:02:19.514 INFO [main] org.apache.catalina.startup.Catalina.load Server initialization in [483] milliseconds
04-Jun-2026 18:02:19.547 INFO [main] org.apache.catalina.core.StandardService.startInternal Starting service [Catalina]
04-Jun-2026 18:02:19.552 INFO [main] org.apache.catalina.core.StandardEngine.startInternal Starting Servlet engine: [Apache Tomcat/9.0.118]
04-Jun-2026 18:02:19.567 INFO [main] org.apache.catalina.startup.HostConfig.deployDirectory Deploying web application directory [D:\evan\yen\hardening_tomcat9\apache-tomcat-9.0.118\webapps\host-manager]
04-Jun-2026 18:02:19.761 INFO [main] org.apache.jasper.servlet.TldScanner.scanJars At least one JAR was scanned for TLDs yet contained no TLDs. Enable debug logging for this logger for a complete list of JARs that were scanned but no TLDs were found in them. Skipping unneeded JARs during scanning can improve startup time and JSP compilation time.
04-Jun-2026 18:02:19.952 WARNING [main] org.apache.catalina.util.SessionIdGeneratorBase.createSecureRandom Creation of SecureRandom instance for session ID generation using [SHA1PRNG] took [164] milliseconds.
04-Jun-2026 18:02:19.973 INFO [main] org.apache.catalina.startup.HostConfig.deployDirectory Deployment of web application directory [D:\evan\yen\hardening_tomcat9\apache-tomcat-9.0.118\webapps\host-manager] has finished in [406] ms
04-Jun-2026 18:02:19.973 INFO [main] org.apache.catalina.startup.HostConfig.deployDirectory Deploying web application directory [D:\evan\yen\hardening_tomcat9\apache-tomcat-9.0.118\webapps\manager]
04-Jun-2026 18:02:20.004 INFO [main] org.apache.jasper.servlet.TldScanner.scanJars At least one JAR was scanned for TLDs yet contained no TLDs. Enable debug logging for this logger for a complete list of JARs that were scanned but no TLDs were found in them. Skipping unneeded JARs during scanning can improve startup time and JSP compilation time.
04-Jun-2026 18:02:20.011 INFO [main] org.apache.catalina.startup.HostConfig.deployDirectory Deployment of web application directory [D:\evan\yen\hardening_tomcat9\apache-tomcat-9.0.118\webapps\manager] has finished in [38] ms
04-Jun-2026 18:02:20.012 INFO [main] org.apache.catalina.startup.HostConfig.deployDirectory Deploying web application directory [D:\evan\yen\hardening_tomcat9\apache-tomcat-9.0.118\webapps\ROOT]
04-Jun-2026 18:02:20.035 INFO [main] org.apache.jasper.servlet.TldScanner.scanJars At least one JAR was scanned for TLDs yet contained no TLDs. Enable debug logging for this logger for a complete list of JARs that were scanned but no TLDs were found in them. Skipping unneeded JARs during scanning can improve startup time and JSP compilation time.
04-Jun-2026 18:02:20.042 INFO [main] org.apache.catalina.startup.HostConfig.deployDirectory Deployment of web application directory [D:\evan\yen\hardening_tomcat9\apache-tomcat-9.0.118\webapps\ROOT] has finished in [30] ms
04-Jun-2026 18:02:20.046 INFO [main] org.apache.catalina.startup.Catalina.start Server startup in [527] milliseconds
04-Jun-2026 18:03:42.175 INFO [Thread-2] org.apache.coyote.AbstractProtocol.pause Pausing ProtocolHandler ["http-nio-8080"]
04-Jun-2026 18:03:42.175 INFO [Thread-2] org.apache.catalina.core.StandardService.stopInternal Stopping service [Catalina]
04-Jun-2026 18:03:42.185 INFO [Thread-2] org.apache.coyote.AbstractProtocol.stop Stopping ProtocolHandler ["http-nio-8080"]
04-Jun-2026 18:03:42.193 INFO [Thread-2] org.apache.coyote.AbstractProtocol.destroy Destroying ProtocolHandler ["http-nio-8080"]
04-Jun-2026 18:03:47.159 INFO [main] org.apache.catalina.startup.VersionLoggerListener.log Server version name:   Apache Tomcat/9.0.118
04-Jun-2026 18:03:47.164 INFO [main] org.apache.catalina.startup.VersionLoggerListener.log Server built:          May 1 2026 19:30:30 UTC
04-Jun-2026 18:03:47.164 INFO [main] org.apache.catalina.startup.VersionLoggerListener.log Server version number: 9.0.118.0
04-Jun-2026 18:03:47.164 INFO [main] org.apache.catalina.startup.VersionLoggerListener.log OS Name:               Windows 10
04-Jun-2026 18:03:47.164 INFO [main] org.apache.catalina.startup.VersionLoggerListener.log OS Version:            10.0
04-Jun-2026 18:03:47.164 INFO [main] org.apache.catalina.startup.VersionLoggerListener.log Architecture:          amd64
04-Jun-2026 18:03:47.164 INFO [main] org.apache.catalina.startup.VersionLoggerListener.log Java Home:             C:\Program Files\Java\jdk1.8.0_202\jre
04-Jun-2026 18:03:47.164 INFO [main] org.apache.catalina.startup.VersionLoggerListener.log JVM Version:           1.8.0_202-b08
04-Jun-2026 18:03:47.164 INFO [main] org.apache.catalina.startup.VersionLoggerListener.log JVM Vendor:            Oracle Corporation
04-Jun-2026 18:03:47.164 INFO [main] org.apache.catalina.startup.VersionLoggerListener.log CATALINA_BASE:         D:\evan\yen\hardening_tomcat9\apache-tomcat-9.0.118
04-Jun-2026 18:03:47.164 INFO [main] org.apache.catalina.startup.VersionLoggerListener.log CATALINA_HOME:         D:\evan\yen\hardening_tomcat9\apache-tomcat-9.0.118
04-Jun-2026 18:03:47.164 INFO [main] org.apache.catalina.startup.VersionLoggerListener.log Command line argument: -Djava.util.logging.config.file=D:\evan\yen\hardening_tomcat9\apache-tomcat-9.0.118\conf\logging.properties
04-Jun-2026 18:03:47.164 INFO [main] org.apache.catalina.startup.VersionLoggerListener.log Command line argument: -Djava.util.logging.manager=org.apache.juli.ClassLoaderLogManager
04-Jun-2026 18:03:47.164 INFO [main] org.apache.catalina.startup.VersionLoggerListener.log Command line argument: -Djdk.tls.ephemeralDHKeySize=2048
04-Jun-2026 18:03:47.164 INFO [main] org.apache.catalina.startup.VersionLoggerListener.log Command line argument: -Djava.protocol.handler.pkgs=org.apache.catalina.webresources
04-Jun-2026 18:03:47.164 INFO [main] org.apache.catalina.startup.VersionLoggerListener.log Command line argument: -Dsun.io.useCanonCaches=false
04-Jun-2026 18:03:47.164 INFO [main] org.apache.catalina.startup.VersionLoggerListener.log Command line argument: -Dignore.endorsed.dirs=
04-Jun-2026 18:03:47.164 INFO [main] org.apache.catalina.startup.VersionLoggerListener.log Command line argument: -Dcatalina.base=D:\evan\yen\hardening_tomcat9\apache-tomcat-9.0.118
04-Jun-2026 18:03:47.164 INFO [main] org.apache.catalina.startup.VersionLoggerListener.log Command line argument: -Dcatalina.home=D:\evan\yen\hardening_tomcat9\apache-tomcat-9.0.118
04-Jun-2026 18:03:47.164 INFO [main] org.apache.catalina.startup.VersionLoggerListener.log Command line argument: -Djava.io.tmpdir=D:\evan\yen\hardening_tomcat9\apache-tomcat-9.0.118\temp
04-Jun-2026 18:03:47.174 INFO [main] org.apache.catalina.core.AprLifecycleListener.lifecycleEvent Loaded Apache Tomcat Native library [1.3.7] using APR version [1.7.6].
04-Jun-2026 18:03:47.174 INFO [main] org.apache.catalina.core.AprLifecycleListener.lifecycleEvent APR capabilities: IPv6 [true], sendfile [true], accept filters [false], random [true], UDS [true].
04-Jun-2026 18:03:47.174 INFO [main] org.apache.catalina.core.AprLifecycleListener.lifecycleEvent APR/OpenSSL configuration: useAprConnector [false], useOpenSSL [true]
04-Jun-2026 18:03:47.180 INFO [main] org.apache.catalina.core.AprLifecycleListener.initializeSSL OpenSSL successfully initialized [OpenSSL 3.0.19 27 Jan 2026]
04-Jun-2026 18:03:47.455 INFO [main] org.apache.coyote.AbstractProtocol.init Initializing ProtocolHandler ["http-nio-8080"]
04-Jun-2026 18:03:47.473 INFO [main] org.apache.catalina.startup.Catalina.load Server initialization in [493] milliseconds
04-Jun-2026 18:03:47.508 INFO [main] org.apache.catalina.core.StandardService.startInternal Starting service [Catalina]
04-Jun-2026 18:03:47.509 INFO [main] org.apache.catalina.core.StandardEngine.startInternal Starting Servlet engine: [Apache Tomcat/9.0.118]
04-Jun-2026 18:03:47.522 INFO [main] org.apache.catalina.startup.HostConfig.deployDirectory Deploying web application directory [D:\evan\yen\hardening_tomcat9\apache-tomcat-9.0.118\webapps\host-manager]
04-Jun-2026 18:03:47.713 INFO [main] org.apache.jasper.servlet.TldScanner.scanJars At least one JAR was scanned for TLDs yet contained no TLDs. Enable debug logging for this logger for a complete list of JARs that were scanned but no TLDs were found in them. Skipping unneeded JARs during scanning can improve startup time and JSP compilation time.
04-Jun-2026 18:03:47.905 WARNING [main] org.apache.catalina.util.SessionIdGeneratorBase.createSecureRandom Creation of SecureRandom instance for session ID generation using [SHA1PRNG] took [162] milliseconds.
04-Jun-2026 18:03:47.934 INFO [main] org.apache.catalina.startup.HostConfig.deployDirectory Deployment of web application directory [D:\evan\yen\hardening_tomcat9\apache-tomcat-9.0.118\webapps\host-manager] has finished in [413] ms
04-Jun-2026 18:03:47.934 INFO [main] org.apache.catalina.startup.HostConfig.deployDirectory Deploying web application directory [D:\evan\yen\hardening_tomcat9\apache-tomcat-9.0.118\webapps\manager]
04-Jun-2026 18:03:47.963 INFO [main] org.apache.jasper.servlet.TldScanner.scanJars At least one JAR was scanned for TLDs yet contained no TLDs. Enable debug logging for this logger for a complete list of JARs that were scanned but no TLDs were found in them. Skipping unneeded JARs during scanning can improve startup time and JSP compilation time.
04-Jun-2026 18:03:47.968 INFO [main] org.apache.catalina.startup.HostConfig.deployDirectory Deployment of web application directory [D:\evan\yen\hardening_tomcat9\apache-tomcat-9.0.118\webapps\manager] has finished in [34] ms
04-Jun-2026 18:03:47.972 INFO [main] org.apache.catalina.startup.HostConfig.deployDirectory Deploying web application directory [D:\evan\yen\hardening_tomcat9\apache-tomcat-9.0.118\webapps\ROOT]
04-Jun-2026 18:03:47.993 INFO [main] org.apache.jasper.servlet.TldScanner.scanJars At least one JAR was scanned for TLDs yet contained no TLDs. Enable debug logging for this logger for a complete list of JARs that were scanned but no TLDs were found in them. Skipping unneeded JARs during scanning can improve startup time and JSP compilation time.
04-Jun-2026 18:03:48.002 INFO [main] org.apache.catalina.startup.HostConfig.deployDirectory Deployment of web application directory [D:\evan\yen\hardening_tomcat9\apache-tomcat-9.0.118\webapps\ROOT] has finished in [29] ms
04-Jun-2026 18:03:48.014 INFO [main] org.apache.coyote.AbstractProtocol.start Starting ProtocolHandler ["http-nio-8080"]
04-Jun-2026 18:03:48.033 INFO [main] org.apache.catalina.startup.Catalina.start Server startup in [555] milliseconds
04-Jun-2026 18:03:56.025 INFO [Thread-2] org.apache.coyote.AbstractProtocol.pause Pausing ProtocolHandler ["http-nio-8080"]
04-Jun-2026 18:03:56.340 INFO [Thread-2] org.apache.catalina.core.StandardService.stopInternal Stopping service [Catalina]
04-Jun-2026 18:03:56.353 INFO [Thread-2] org.apache.coyote.AbstractProtocol.stop Stopping ProtocolHandler ["http-nio-8080"]
04-Jun-2026 18:03:56.365 INFO [Thread-2] org.apache.coyote.AbstractProtocol.destroy Destroying ProtocolHandler ["http-nio-8080"]
04-Jun-2026 18:04:00.963 INFO [main] org.apache.catalina.startup.VersionLoggerListener.log Server version name:   Apache Tomcat/9.0.118
04-Jun-2026 18:04:00.967 INFO [main] org.apache.catalina.startup.VersionLoggerListener.log Server built:          May 1 2026 19:30:30 UTC
04-Jun-2026 18:04:00.967 INFO [main] org.apache.catalina.startup.VersionLoggerListener.log Server version number: 9.0.118.0
04-Jun-2026 18:04:00.967 INFO [main] org.apache.catalina.startup.VersionLoggerListener.log OS Name:               Windows 10
04-Jun-2026 18:04:00.967 INFO [main] org.apache.catalina.startup.VersionLoggerListener.log OS Version:            10.0
04-Jun-2026 18:04:00.967 INFO [main] org.apache.catalina.startup.VersionLoggerListener.log Architecture:          amd64
04-Jun-2026 18:04:00.967 INFO [main] org.apache.catalina.startup.VersionLoggerListener.log Java Home:             C:\Program Files\Java\jdk1.8.0_202\jre
04-Jun-2026 18:04:00.967 INFO [main] org.apache.catalina.startup.VersionLoggerListener.log JVM Version:           1.8.0_202-b08
04-Jun-2026 18:04:00.967 INFO [main] org.apache.catalina.startup.VersionLoggerListener.log JVM Vendor:            Oracle Corporation
04-Jun-2026 18:04:00.967 INFO [main] org.apache.catalina.startup.VersionLoggerListener.log CATALINA_BASE:         D:\evan\yen\hardening_tomcat9\apache-tomcat-9.0.118
04-Jun-2026 18:04:00.967 INFO [main] org.apache.catalina.startup.VersionLoggerListener.log CATALINA_HOME:         D:\evan\yen\hardening_tomcat9\apache-tomcat-9.0.118
04-Jun-2026 18:04:00.967 INFO [main] org.apache.catalina.startup.VersionLoggerListener.log Command line argument: -Djava.util.logging.config.file=D:\evan\yen\hardening_tomcat9\apache-tomcat-9.0.118\conf\logging.properties
04-Jun-2026 18:04:00.967 INFO [main] org.apache.catalina.startup.VersionLoggerListener.log Command line argument: -Djava.util.logging.manager=org.apache.juli.ClassLoaderLogManager
04-Jun-2026 18:04:00.967 INFO [main] org.apache.catalina.startup.VersionLoggerListener.log Command line argument: -Djdk.tls.ephemeralDHKeySize=2048
04-Jun-2026 18:04:00.967 INFO [main] org.apache.catalina.startup.VersionLoggerListener.log Command line argument: -Djava.protocol.handler.pkgs=org.apache.catalina.webresources
04-Jun-2026 18:04:00.967 INFO [main] org.apache.catalina.startup.VersionLoggerListener.log Command line argument: -Dsun.io.useCanonCaches=false
04-Jun-2026 18:04:00.967 INFO [main] org.apache.catalina.startup.VersionLoggerListener.log Command line argument: -Dignore.endorsed.dirs=
04-Jun-2026 18:04:00.967 INFO [main] org.apache.catalina.startup.VersionLoggerListener.log Command line argument: -Dcatalina.base=D:\evan\yen\hardening_tomcat9\apache-tomcat-9.0.118
04-Jun-2026 18:04:00.967 INFO [main] org.apache.catalina.startup.VersionLoggerListener.log Command line argument: -Dcatalina.home=D:\evan\yen\hardening_tomcat9\apache-tomcat-9.0.118
04-Jun-2026 18:04:00.967 INFO [main] org.apache.catalina.startup.VersionLoggerListener.log Command line argument: -Djava.io.tmpdir=D:\evan\yen\hardening_tomcat9\apache-tomcat-9.0.118\temp
04-Jun-2026 18:04:00.974 INFO [main] org.apache.catalina.core.AprLifecycleListener.lifecycleEvent Loaded Apache Tomcat Native library [1.3.7] using APR version [1.7.6].
04-Jun-2026 18:04:00.974 INFO [main] org.apache.catalina.core.AprLifecycleListener.lifecycleEvent APR capabilities: IPv6 [true], sendfile [true], accept filters [false], random [true], UDS [true].
04-Jun-2026 18:04:00.974 INFO [main] org.apache.catalina.core.AprLifecycleListener.lifecycleEvent APR/OpenSSL configuration: useAprConnector [false], useOpenSSL [true]
04-Jun-2026 18:04:00.974 INFO [main] org.apache.catalina.core.AprLifecycleListener.initializeSSL OpenSSL successfully initialized [OpenSSL 3.0.19 27 Jan 2026]
04-Jun-2026 18:04:01.257 INFO [main] org.apache.coyote.AbstractProtocol.init Initializing ProtocolHandler ["http-nio-8080"]
04-Jun-2026 18:04:01.279 INFO [main] org.apache.catalina.startup.Catalina.load Server initialization in [480] milliseconds
04-Jun-2026 18:04:01.303 INFO [main] org.apache.catalina.core.StandardService.startInternal Starting service [Catalina]
04-Jun-2026 18:04:01.303 INFO [main] org.apache.catalina.core.StandardEngine.startInternal Starting Servlet engine: [Apache Tomcat/9.0.118]
04-Jun-2026 18:04:01.315 INFO [main] org.apache.catalina.startup.HostConfig.deployDirectory Deploying web application directory [D:\evan\yen\hardening_tomcat9\apache-tomcat-9.0.118\webapps\host-manager]
04-Jun-2026 18:04:01.513 INFO [main] org.apache.jasper.servlet.TldScanner.scanJars At least one JAR was scanned for TLDs yet contained no TLDs. Enable debug logging for this logger for a complete list of JARs that were scanned but no TLDs were found in them. Skipping unneeded JARs during scanning can improve startup time and JSP compilation time.
04-Jun-2026 18:04:01.713 WARNING [main] org.apache.catalina.util.SessionIdGeneratorBase.createSecureRandom Creation of SecureRandom instance for session ID generation using [SHA1PRNG] took [176] milliseconds.
04-Jun-2026 18:04:01.737 INFO [main] org.apache.catalina.startup.HostConfig.deployDirectory Deployment of web application directory [D:\evan\yen\hardening_tomcat9\apache-tomcat-9.0.118\webapps\host-manager] has finished in [422] ms
04-Jun-2026 18:04:01.737 INFO [main] org.apache.catalina.startup.HostConfig.deployDirectory Deploying web application directory [D:\evan\yen\hardening_tomcat9\apache-tomcat-9.0.118\webapps\manager]
04-Jun-2026 18:04:01.773 INFO [main] org.apache.jasper.servlet.TldScanner.scanJars At least one JAR was scanned for TLDs yet contained no TLDs. Enable debug logging for this logger for a complete list of JARs that were scanned but no TLDs were found in them. Skipping unneeded JARs during scanning can improve startup time and JSP compilation time.
04-Jun-2026 18:04:01.776 INFO [main] org.apache.catalina.startup.HostConfig.deployDirectory Deployment of web application directory [D:\evan\yen\hardening_tomcat9\apache-tomcat-9.0.118\webapps\manager] has finished in [39] ms
04-Jun-2026 18:04:01.776 INFO [main] org.apache.catalina.startup.HostConfig.deployDirectory Deploying web application directory [D:\evan\yen\hardening_tomcat9\apache-tomcat-9.0.118\webapps\ROOT]
04-Jun-2026 18:04:01.795 INFO [main] org.apache.jasper.servlet.TldScanner.scanJars At least one JAR was scanned for TLDs yet contained no TLDs. Enable debug logging for this logger for a complete list of JARs that were scanned but no TLDs were found in them. Skipping unneeded JARs during scanning can improve startup time and JSP compilation time.
04-Jun-2026 18:04:01.805 INFO [main] org.apache.catalina.startup.HostConfig.deployDirectory Deployment of web application directory [D:\evan\yen\hardening_tomcat9\apache-tomcat-9.0.118\webapps\ROOT] has finished in [29] ms
04-Jun-2026 18:04:01.813 INFO [main] org.apache.coyote.AbstractProtocol.start Starting ProtocolHandler ["http-nio-8080"]
04-Jun-2026 18:04:01.833 INFO [main] org.apache.catalina.startup.Catalina.start Server startup in [560] milliseconds
04-Jun-2026 18:04:06.195 INFO [Thread-2] org.apache.coyote.AbstractProtocol.pause Pausing ProtocolHandler ["http-nio-8080"]
04-Jun-2026 18:04:06.507 INFO [Thread-2] org.apache.catalina.core.StandardService.stopInternal Stopping service [Catalina]
04-Jun-2026 18:04:06.523 INFO [Thread-2] org.apache.coyote.AbstractProtocol.stop Stopping ProtocolHandler ["http-nio-8080"]
04-Jun-2026 18:04:06.543 INFO [Thread-2] org.apache.coyote.AbstractProtocol.destroy Destroying ProtocolHandler ["http-nio-8080"]
04-Jun-2026 18:06:04.534 INFO [main] org.apache.catalina.startup.VersionLoggerListener.log Server version name:   Apache Tomcat/9.0.118
04-Jun-2026 18:06:04.543 INFO [main] org.apache.catalina.startup.VersionLoggerListener.log Server built:          May 1 2026 19:30:30 UTC
04-Jun-2026 18:06:04.543 INFO [main] org.apache.catalina.startup.VersionLoggerListener.log Server version number: 9.0.118.0
04-Jun-2026 18:06:04.543 INFO [main] org.apache.catalina.startup.VersionLoggerListener.log OS Name:               Windows 10
04-Jun-2026 18:06:04.543 INFO [main] org.apache.catalina.startup.VersionLoggerListener.log OS Version:            10.0
04-Jun-2026 18:06:04.543 INFO [main] org.apache.catalina.startup.VersionLoggerListener.log Architecture:          amd64
04-Jun-2026 18:06:04.543 INFO [main] org.apache.catalina.startup.VersionLoggerListener.log Java Home:             C:\Program Files\Java\jdk1.8.0_202\jre
04-Jun-2026 18:06:04.543 INFO [main] org.apache.catalina.startup.VersionLoggerListener.log JVM Version:           1.8.0_202-b08
04-Jun-2026 18:06:04.543 INFO [main] org.apache.catalina.startup.VersionLoggerListener.log JVM Vendor:            Oracle Corporation
04-Jun-2026 18:06:04.543 INFO [main] org.apache.catalina.startup.VersionLoggerListener.log CATALINA_BASE:         D:\evan\yen\hardening_tomcat9\apache-tomcat-9.0.118
04-Jun-2026 18:06:04.543 INFO [main] org.apache.catalina.startup.VersionLoggerListener.log CATALINA_HOME:         D:\evan\yen\hardening_tomcat9\apache-tomcat-9.0.118
04-Jun-2026 18:06:04.543 INFO [main] org.apache.catalina.startup.VersionLoggerListener.log Command line argument: -Djava.util.logging.config.file=D:\evan\yen\hardening_tomcat9\apache-tomcat-9.0.118\conf\logging.properties
04-Jun-2026 18:06:04.543 INFO [main] org.apache.catalina.startup.VersionLoggerListener.log Command line argument: -Djava.util.logging.manager=org.apache.juli.ClassLoaderLogManager
04-Jun-2026 18:06:04.543 INFO [main] org.apache.catalina.startup.VersionLoggerListener.log Command line argument: -Djdk.tls.ephemeralDHKeySize=2048
04-Jun-2026 18:06:04.543 INFO [main] org.apache.catalina.startup.VersionLoggerListener.log Command line argument: -Djava.protocol.handler.pkgs=org.apache.catalina.webresources
04-Jun-2026 18:06:04.543 INFO [main] org.apache.catalina.startup.VersionLoggerListener.log Command line argument: -Dsun.io.useCanonCaches=false
04-Jun-2026 18:06:04.543 INFO [main] org.apache.catalina.startup.VersionLoggerListener.log Command line argument: -Dignore.endorsed.dirs=
04-Jun-2026 18:06:04.543 INFO [main] org.apache.catalina.startup.VersionLoggerListener.log Command line argument: -Dcatalina.base=D:\evan\yen\hardening_tomcat9\apache-tomcat-9.0.118
04-Jun-2026 18:06:04.543 INFO [main] org.apache.catalina.startup.VersionLoggerListener.log Command line argument: -Dcatalina.home=D:\evan\yen\hardening_tomcat9\apache-tomcat-9.0.118
04-Jun-2026 18:06:04.543 INFO [main] org.apache.catalina.startup.VersionLoggerListener.log Command line argument: -Djava.io.tmpdir=D:\evan\yen\hardening_tomcat9\apache-tomcat-9.0.118\temp
04-Jun-2026 18:06:04.549 INFO [main] org.apache.catalina.core.AprLifecycleListener.lifecycleEvent Loaded Apache Tomcat Native library [1.3.7] using APR version [1.7.6].
04-Jun-2026 18:06:04.552 INFO [main] org.apache.catalina.core.AprLifecycleListener.lifecycleEvent APR capabilities: IPv6 [true], sendfile [true], accept filters [false], random [true], UDS [true].
04-Jun-2026 18:06:04.552 INFO [main] org.apache.catalina.core.AprLifecycleListener.lifecycleEvent APR/OpenSSL configuration: useAprConnector [false], useOpenSSL [true]
04-Jun-2026 18:06:04.554 INFO [main] org.apache.catalina.core.AprLifecycleListener.initializeSSL OpenSSL successfully initialized [OpenSSL 3.0.19 27 Jan 2026]
04-Jun-2026 18:06:04.853 INFO [main] org.apache.coyote.AbstractProtocol.init Initializing ProtocolHandler ["http-nio-8080"]
04-Jun-2026 18:06:04.875 INFO [main] org.apache.catalina.startup.Catalina.load Server initialization in [505] milliseconds
04-Jun-2026 18:06:04.908 INFO [main] org.apache.catalina.core.StandardService.startInternal Starting service [Catalina]
04-Jun-2026 18:06:04.908 INFO [main] org.apache.catalina.core.StandardEngine.startInternal Starting Servlet engine: [Apache Tomcat/9.0.118]
04-Jun-2026 18:06:04.921 INFO [main] org.apache.catalina.startup.HostConfig.deployDirectory Deploying web application directory [D:\evan\yen\hardening_tomcat9\apache-tomcat-9.0.118\webapps\host-manager]
04-Jun-2026 18:06:05.113 INFO [main] org.apache.jasper.servlet.TldScanner.scanJars At least one JAR was scanned for TLDs yet contained no TLDs. Enable debug logging for this logger for a complete list of JARs that were scanned but no TLDs were found in them. Skipping unneeded JARs during scanning can improve startup time and JSP compilation time.
04-Jun-2026 18:06:05.317 WARNING [main] org.apache.catalina.util.SessionIdGeneratorBase.createSecureRandom Creation of SecureRandom instance for session ID generation using [SHA1PRNG] took [182] milliseconds.
04-Jun-2026 18:06:05.345 INFO [main] org.apache.catalina.startup.HostConfig.deployDirectory Deployment of web application directory [D:\evan\yen\hardening_tomcat9\apache-tomcat-9.0.118\webapps\host-manager] has finished in [424] ms
04-Jun-2026 18:06:05.345 INFO [main] org.apache.catalina.startup.HostConfig.deployDirectory Deploying web application directory [D:\evan\yen\hardening_tomcat9\apache-tomcat-9.0.118\webapps\manager]
04-Jun-2026 18:06:05.376 INFO [main] org.apache.jasper.servlet.TldScanner.scanJars At least one JAR was scanned for TLDs yet contained no TLDs. Enable debug logging for this logger for a complete list of JARs that were scanned but no TLDs were found in them. Skipping unneeded JARs during scanning can improve startup time and JSP compilation time.
04-Jun-2026 18:06:05.387 INFO [main] org.apache.catalina.startup.HostConfig.deployDirectory Deployment of web application directory [D:\evan\yen\hardening_tomcat9\apache-tomcat-9.0.118\webapps\manager] has finished in [42] ms
04-Jun-2026 18:06:05.387 INFO [main] org.apache.catalina.startup.HostConfig.deployDirectory Deploying web application directory [D:\evan\yen\hardening_tomcat9\apache-tomcat-9.0.118\webapps\ROOT]
04-Jun-2026 18:06:05.418 INFO [main] org.apache.jasper.servlet.TldScanner.scanJars At least one JAR was scanned for TLDs yet contained no TLDs. Enable debug logging for this logger for a complete list of JARs that were scanned but no TLDs were found in them. Skipping unneeded JARs during scanning can improve startup time and JSP compilation time.
04-Jun-2026 18:06:05.423 SEVERE [main] org.apache.jasper.EmbeddedServletOptions.<init> The scratchDir you specified: [D:\evan\yen\hardening_tomcat9\apache-tomcat-9.0.118\work\Catalina\localhost\ROOT] is unusable.
04-Jun-2026 18:06:05.423 INFO [main] org.apache.catalina.startup.HostConfig.deployDirectory Deployment of web application directory [D:\evan\yen\hardening_tomcat9\apache-tomcat-9.0.118\webapps\ROOT] has finished in [36] ms
04-Jun-2026 18:06:05.443 INFO [main] org.apache.coyote.AbstractProtocol.start Starting ProtocolHandler ["http-nio-8080"]
04-Jun-2026 18:06:05.454 INFO [main] org.apache.catalina.startup.Catalina.start Server startup in [581] milliseconds
04-Jun-2026 18:12:01.433 INFO [Thread-2] org.apache.coyote.AbstractProtocol.pause Pausing ProtocolHandler ["http-nio-8080"]
04-Jun-2026 18:12:01.753 INFO [Thread-2] org.apache.catalina.core.StandardService.stopInternal Stopping service [Catalina]
04-Jun-2026 18:12:01.768 INFO [Thread-2] org.apache.coyote.AbstractProtocol.stop Stopping ProtocolHandler ["http-nio-8080"]
04-Jun-2026 18:12:01.784 INFO [Thread-2] org.apache.coyote.AbstractProtocol.destroy Destroying ProtocolHandler ["http-nio-8080"]
