05-Jun-2026 09:35:18.281 INFO [main] org.apache.catalina.startup.VersionLoggerListener.log Server version name:   Apache Tomcat/9.0.118
05-Jun-2026 09:35:18.281 INFO [main] org.apache.catalina.startup.VersionLoggerListener.log Server built:          May 1 2026 19:30:30 UTC
05-Jun-2026 09:35:18.281 INFO [main] org.apache.catalina.startup.VersionLoggerListener.log Server version number: 9.0.118.0
05-Jun-2026 09:35:18.281 INFO [main] org.apache.catalina.startup.VersionLoggerListener.log OS Name:               Windows 10
05-Jun-2026 09:35:18.281 INFO [main] org.apache.catalina.startup.VersionLoggerListener.log OS Version:            10.0
05-Jun-2026 09:35:18.281 INFO [main] org.apache.catalina.startup.VersionLoggerListener.log Architecture:          amd64
05-Jun-2026 09:35:18.281 INFO [main] org.apache.catalina.startup.VersionLoggerListener.log Java Home:             C:\Program Files\Java\jdk1.8.0_202\jre
05-Jun-2026 09:35:18.281 INFO [main] org.apache.catalina.startup.VersionLoggerListener.log JVM Version:           1.8.0_202-b08
05-Jun-2026 09:35:18.281 INFO [main] org.apache.catalina.startup.VersionLoggerListener.log JVM Vendor:            Oracle Corporation
05-Jun-2026 09:35:18.281 INFO [main] org.apache.catalina.startup.VersionLoggerListener.log CATALINA_BASE:         D:\evan\yen\hardening_tomcat9\apache-tomcat-9.0.118
05-Jun-2026 09:35:18.281 INFO [main] org.apache.catalina.startup.VersionLoggerListener.log CATALINA_HOME:         D:\evan\yen\hardening_tomcat9\apache-tomcat-9.0.118
05-Jun-2026 09:35:18.281 INFO [main] org.apache.catalina.startup.VersionLoggerListener.log Command line argument: -Djava.util.logging.config.file=d:\evan\yen\hardening_tomcat9\apache-tomcat-9.0.118\conf\logging.properties
05-Jun-2026 09:35:18.281 INFO [main] org.apache.catalina.startup.VersionLoggerListener.log Command line argument: -Djava.util.logging.manager=org.apache.juli.ClassLoaderLogManager
05-Jun-2026 09:35:18.281 INFO [main] org.apache.catalina.startup.VersionLoggerListener.log Command line argument: -Djdk.tls.ephemeralDHKeySize=2048
05-Jun-2026 09:35:18.281 INFO [main] org.apache.catalina.startup.VersionLoggerListener.log Command line argument: -Djava.protocol.handler.pkgs=org.apache.catalina.webresources
05-Jun-2026 09:35:18.281 INFO [main] org.apache.catalina.startup.VersionLoggerListener.log Command line argument: -Dsun.io.useCanonCaches=false
05-Jun-2026 09:35:18.281 INFO [main] org.apache.catalina.startup.VersionLoggerListener.log Command line argument: -Dignore.endorsed.dirs=
05-Jun-2026 09:35:18.294 INFO [main] org.apache.catalina.startup.VersionLoggerListener.log Command line argument: -Dcatalina.base=d:\evan\yen\hardening_tomcat9\apache-tomcat-9.0.118
05-Jun-2026 09:35:18.294 INFO [main] org.apache.catalina.startup.VersionLoggerListener.log Command line argument: -Dcatalina.home=d:\evan\yen\hardening_tomcat9\apache-tomcat-9.0.118
05-Jun-2026 09:35:18.294 INFO [main] org.apache.catalina.startup.VersionLoggerListener.log Command line argument: -Djava.io.tmpdir=d:\evan\yen\hardening_tomcat9\apache-tomcat-9.0.118\temp
05-Jun-2026 09:35:18.350 INFO [main] org.apache.catalina.core.AprLifecycleListener.lifecycleEvent Loaded Apache Tomcat Native library [1.3.7] using APR version [1.7.6].
05-Jun-2026 09:35:18.350 INFO [main] org.apache.catalina.core.AprLifecycleListener.lifecycleEvent APR capabilities: IPv6 [true], sendfile [true], accept filters [false], random [true], UDS [true].
05-Jun-2026 09:35:18.350 INFO [main] org.apache.catalina.core.AprLifecycleListener.lifecycleEvent APR/OpenSSL configuration: useAprConnector [false], useOpenSSL [true]
05-Jun-2026 09:35:18.360 INFO [main] org.apache.catalina.core.AprLifecycleListener.initializeSSL OpenSSL successfully initialized [OpenSSL 3.0.19 27 Jan 2026]
05-Jun-2026 09:35:18.629 INFO [main] org.apache.coyote.AbstractProtocol.init Initializing ProtocolHandler ["http-nio-8080"]
05-Jun-2026 09:35:18.644 INFO [main] org.apache.catalina.startup.Catalina.load Server initialization in [523] milliseconds
05-Jun-2026 09:35:18.676 INFO [main] org.apache.catalina.core.StandardService.startInternal Starting service [Catalina]
05-Jun-2026 09:35:18.676 INFO [main] org.apache.catalina.core.StandardEngine.startInternal Starting Servlet engine: [Apache Tomcat/9.0.118]
05-Jun-2026 09:35:18.676 INFO [main] org.apache.catalina.startup.HostConfig.deployDirectory Deploying web application directory [D:\evan\yen\hardening_tomcat9\apache-tomcat-9.0.118\webapps\host-manager]
05-Jun-2026 09:35:18.889 INFO [main] org.apache.jasper.servlet.TldScanner.scanJars At least one JAR was scanned for TLDs yet contained no TLDs. Enable debug logging for this logger for a complete list of JARs that were scanned but no TLDs were found in them. Skipping unneeded JARs during scanning can improve startup time and JSP compilation time.
05-Jun-2026 09:35:19.078 WARNING [main] org.apache.catalina.util.SessionIdGeneratorBase.createSecureRandom Creation of SecureRandom instance for session ID generation using [SHA1PRNG] took [154] milliseconds.
05-Jun-2026 09:35:19.115 INFO [main] org.apache.catalina.startup.HostConfig.deployDirectory Deployment of web application directory [D:\evan\yen\hardening_tomcat9\apache-tomcat-9.0.118\webapps\host-manager] has finished in [439] ms
05-Jun-2026 09:35:19.115 INFO [main] org.apache.catalina.startup.HostConfig.deployDirectory Deploying web application directory [D:\evan\yen\hardening_tomcat9\apache-tomcat-9.0.118\webapps\manager]
05-Jun-2026 09:35:19.146 INFO [main] org.apache.jasper.servlet.TldScanner.scanJars At least one JAR was scanned for TLDs yet contained no TLDs. Enable debug logging for this logger for a complete list of JARs that were scanned but no TLDs were found in them. Skipping unneeded JARs during scanning can improve startup time and JSP compilation time.
05-Jun-2026 09:35:19.152 INFO [main] org.apache.catalina.startup.HostConfig.deployDirectory Deployment of web application directory [D:\evan\yen\hardening_tomcat9\apache-tomcat-9.0.118\webapps\manager] has finished in [37] ms
05-Jun-2026 09:35:19.152 INFO [main] org.apache.catalina.startup.HostConfig.deployDirectory Deploying web application directory [D:\evan\yen\hardening_tomcat9\apache-tomcat-9.0.118\webapps\ROOT]
05-Jun-2026 09:35:19.180 INFO [main] org.apache.jasper.servlet.TldScanner.scanJars At least one JAR was scanned for TLDs yet contained no TLDs. Enable debug logging for this logger for a complete list of JARs that were scanned but no TLDs were found in them. Skipping unneeded JARs during scanning can improve startup time and JSP compilation time.
05-Jun-2026 09:35:19.184 INFO [main] org.apache.catalina.startup.HostConfig.deployDirectory Deployment of web application directory [D:\evan\yen\hardening_tomcat9\apache-tomcat-9.0.118\webapps\ROOT] has finished in [32] ms
05-Jun-2026 09:35:19.188 INFO [main] org.apache.coyote.AbstractProtocol.start Starting ProtocolHandler ["http-nio-8080"]
05-Jun-2026 09:35:19.225 INFO [main] org.apache.catalina.startup.Catalina.start Server startup in [573] milliseconds
05-Jun-2026 09:35:47.096 INFO [Thread-2] org.apache.coyote.AbstractProtocol.pause Pausing ProtocolHandler ["http-nio-8080"]
05-Jun-2026 09:35:47.349 INFO [Thread-2] org.apache.catalina.core.StandardService.stopInternal Stopping service [Catalina]
05-Jun-2026 09:35:47.366 INFO [Thread-2] org.apache.coyote.AbstractProtocol.stop Stopping ProtocolHandler ["http-nio-8080"]
05-Jun-2026 09:35:47.382 INFO [Thread-2] org.apache.coyote.AbstractProtocol.destroy Destroying ProtocolHandler ["http-nio-8080"]
05-Jun-2026 09:37:02.459 SEVERE [main] org.apache.catalina.startup.Catalina.stopServer No shutdown port configured. Shut down server through OS signal. Server not shut down.
05-Jun-2026 09:37:07.891 INFO [main] org.apache.catalina.startup.VersionLoggerListener.log Server version name:   Apache Tomcat/9.0.118
05-Jun-2026 09:37:07.891 INFO [main] org.apache.catalina.startup.VersionLoggerListener.log Server built:          May 1 2026 19:30:30 UTC
05-Jun-2026 09:37:07.891 INFO [main] org.apache.catalina.startup.VersionLoggerListener.log Server version number: 9.0.118.0
05-Jun-2026 09:37:07.891 INFO [main] org.apache.catalina.startup.VersionLoggerListener.log OS Name:               Windows 10
05-Jun-2026 09:37:07.891 INFO [main] org.apache.catalina.startup.VersionLoggerListener.log OS Version:            10.0
05-Jun-2026 09:37:07.891 INFO [main] org.apache.catalina.startup.VersionLoggerListener.log Architecture:          amd64
05-Jun-2026 09:37:07.891 INFO [main] org.apache.catalina.startup.VersionLoggerListener.log Java Home:             C:\Program Files\Java\jdk1.8.0_202\jre
05-Jun-2026 09:37:07.891 INFO [main] org.apache.catalina.startup.VersionLoggerListener.log JVM Version:           1.8.0_202-b08
05-Jun-2026 09:37:07.891 INFO [main] org.apache.catalina.startup.VersionLoggerListener.log JVM Vendor:            Oracle Corporation
05-Jun-2026 09:37:07.891 INFO [main] org.apache.catalina.startup.VersionLoggerListener.log CATALINA_BASE:         D:\evan\yen\hardening_tomcat9\apache-tomcat-9.0.118
05-Jun-2026 09:37:07.891 INFO [main] org.apache.catalina.startup.VersionLoggerListener.log CATALINA_HOME:         D:\evan\yen\hardening_tomcat9\apache-tomcat-9.0.118
05-Jun-2026 09:37:07.891 INFO [main] org.apache.catalina.startup.VersionLoggerListener.log Command line argument: -Djava.util.logging.config.file=d:\evan\yen\hardening_tomcat9\apache-tomcat-9.0.118\conf\logging.properties
05-Jun-2026 09:37:07.891 INFO [main] org.apache.catalina.startup.VersionLoggerListener.log Command line argument: -Djava.util.logging.manager=org.apache.juli.ClassLoaderLogManager
05-Jun-2026 09:37:07.891 INFO [main] org.apache.catalina.startup.VersionLoggerListener.log Command line argument: -Djdk.tls.ephemeralDHKeySize=2048
05-Jun-2026 09:37:07.891 INFO [main] org.apache.catalina.startup.VersionLoggerListener.log Command line argument: -Djava.protocol.handler.pkgs=org.apache.catalina.webresources
05-Jun-2026 09:37:07.906 INFO [main] org.apache.catalina.startup.VersionLoggerListener.log Command line argument: -Dsun.io.useCanonCaches=false
05-Jun-2026 09:37:07.906 INFO [main] org.apache.catalina.startup.VersionLoggerListener.log Command line argument: -Dignore.endorsed.dirs=
05-Jun-2026 09:37:07.906 INFO [main] org.apache.catalina.startup.VersionLoggerListener.log Command line argument: -Dcatalina.base=d:\evan\yen\hardening_tomcat9\apache-tomcat-9.0.118
05-Jun-2026 09:37:07.906 INFO [main] org.apache.catalina.startup.VersionLoggerListener.log Command line argument: -Dcatalina.home=d:\evan\yen\hardening_tomcat9\apache-tomcat-9.0.118
05-Jun-2026 09:37:07.906 INFO [main] org.apache.catalina.startup.VersionLoggerListener.log Command line argument: -Djava.io.tmpdir=d:\evan\yen\hardening_tomcat9\apache-tomcat-9.0.118\temp
05-Jun-2026 09:37:07.906 INFO [main] org.apache.catalina.core.AprLifecycleListener.lifecycleEvent Loaded Apache Tomcat Native library [1.3.7] using APR version [1.7.6].
05-Jun-2026 09:37:07.906 INFO [main] org.apache.catalina.core.AprLifecycleListener.lifecycleEvent APR capabilities: IPv6 [true], sendfile [true], accept filters [false], random [true], UDS [true].
05-Jun-2026 09:37:07.906 INFO [main] org.apache.catalina.core.AprLifecycleListener.lifecycleEvent APR/OpenSSL configuration: useAprConnector [false], useOpenSSL [true]
05-Jun-2026 09:37:07.914 INFO [main] org.apache.catalina.core.AprLifecycleListener.initializeSSL OpenSSL successfully initialized [OpenSSL 3.0.19 27 Jan 2026]
05-Jun-2026 09:37:08.194 INFO [main] org.apache.coyote.AbstractProtocol.init Initializing ProtocolHandler ["http-nio-8080"]
05-Jun-2026 09:37:08.216 INFO [main] org.apache.catalina.startup.Catalina.load Server initialization in [484] milliseconds
05-Jun-2026 09:37:08.246 INFO [main] org.apache.catalina.core.StandardService.startInternal Starting service [Catalina]
05-Jun-2026 09:37:08.246 INFO [main] org.apache.catalina.core.StandardEngine.startInternal Starting Servlet engine: [Apache Tomcat/9.0.118]
05-Jun-2026 09:37:08.260 INFO [main] org.apache.catalina.startup.HostConfig.deployDirectory Deploying web application directory [D:\evan\yen\hardening_tomcat9\apache-tomcat-9.0.118\webapps\host-manager]
05-Jun-2026 09:37:08.445 INFO [main] org.apache.jasper.servlet.TldScanner.scanJars At least one JAR was scanned for TLDs yet contained no TLDs. Enable debug logging for this logger for a complete list of JARs that were scanned but no TLDs were found in them. Skipping unneeded JARs during scanning can improve startup time and JSP compilation time.
05-Jun-2026 09:37:08.635 WARNING [main] org.apache.catalina.util.SessionIdGeneratorBase.createSecureRandom Creation of SecureRandom instance for session ID generation using [SHA1PRNG] took [175] milliseconds.
05-Jun-2026 09:37:08.667 INFO [main] org.apache.catalina.startup.HostConfig.deployDirectory Deployment of web application directory [D:\evan\yen\hardening_tomcat9\apache-tomcat-9.0.118\webapps\host-manager] has finished in [407] ms
05-Jun-2026 09:37:08.667 INFO [main] org.apache.catalina.startup.HostConfig.deployDirectory Deploying web application directory [D:\evan\yen\hardening_tomcat9\apache-tomcat-9.0.118\webapps\manager]
05-Jun-2026 09:37:08.705 INFO [main] org.apache.jasper.servlet.TldScanner.scanJars At least one JAR was scanned for TLDs yet contained no TLDs. Enable debug logging for this logger for a complete list of JARs that were scanned but no TLDs were found in them. Skipping unneeded JARs during scanning can improve startup time and JSP compilation time.
05-Jun-2026 09:37:08.707 INFO [main] org.apache.catalina.startup.HostConfig.deployDirectory Deployment of web application directory [D:\evan\yen\hardening_tomcat9\apache-tomcat-9.0.118\webapps\manager] has finished in [40] ms
05-Jun-2026 09:37:08.707 INFO [main] org.apache.catalina.startup.HostConfig.deployDirectory Deploying web application directory [D:\evan\yen\hardening_tomcat9\apache-tomcat-9.0.118\webapps\ROOT]
05-Jun-2026 09:37:08.730 INFO [main] org.apache.jasper.servlet.TldScanner.scanJars At least one JAR was scanned for TLDs yet contained no TLDs. Enable debug logging for this logger for a complete list of JARs that were scanned but no TLDs were found in them. Skipping unneeded JARs during scanning can improve startup time and JSP compilation time.
05-Jun-2026 09:37:08.736 INFO [main] org.apache.catalina.startup.HostConfig.deployDirectory Deployment of web application directory [D:\evan\yen\hardening_tomcat9\apache-tomcat-9.0.118\webapps\ROOT] has finished in [29] ms
05-Jun-2026 09:37:08.736 INFO [main] org.apache.coyote.AbstractProtocol.start Starting ProtocolHandler ["http-nio-8080"]
05-Jun-2026 09:37:08.767 INFO [main] org.apache.catalina.startup.Catalina.start Server startup in [551] milliseconds
05-Jun-2026 09:42:26.600 INFO [Thread-2] org.apache.coyote.AbstractProtocol.pause Pausing ProtocolHandler ["http-nio-8080"]
05-Jun-2026 09:42:26.853 INFO [Thread-2] org.apache.catalina.core.StandardService.stopInternal Stopping service [Catalina]
05-Jun-2026 09:42:26.871 INFO [Thread-2] org.apache.coyote.AbstractProtocol.stop Stopping ProtocolHandler ["http-nio-8080"]
05-Jun-2026 09:42:26.887 INFO [Thread-2] org.apache.coyote.AbstractProtocol.destroy Destroying ProtocolHandler ["http-nio-8080"]
05-Jun-2026 09:44:13.398 INFO [main] org.apache.catalina.startup.VersionLoggerListener.log Server version name:   Apache Tomcat/9.0.118
05-Jun-2026 09:44:13.398 INFO [main] org.apache.catalina.startup.VersionLoggerListener.log Server built:          May 1 2026 19:30:30 UTC
05-Jun-2026 09:44:13.398 INFO [main] org.apache.catalina.startup.VersionLoggerListener.log Server version number: 9.0.118.0
05-Jun-2026 09:44:13.398 INFO [main] org.apache.catalina.startup.VersionLoggerListener.log OS Name:               Windows 10
05-Jun-2026 09:44:13.398 INFO [main] org.apache.catalina.startup.VersionLoggerListener.log OS Version:            10.0
05-Jun-2026 09:44:13.398 INFO [main] org.apache.catalina.startup.VersionLoggerListener.log Architecture:          amd64
05-Jun-2026 09:44:13.398 INFO [main] org.apache.catalina.startup.VersionLoggerListener.log Java Home:             C:\Program Files\Java\jdk1.8.0_202\jre
05-Jun-2026 09:44:13.398 INFO [main] org.apache.catalina.startup.VersionLoggerListener.log JVM Version:           1.8.0_202-b08
05-Jun-2026 09:44:13.398 INFO [main] org.apache.catalina.startup.VersionLoggerListener.log JVM Vendor:            Oracle Corporation
05-Jun-2026 09:44:13.398 INFO [main] org.apache.catalina.startup.VersionLoggerListener.log CATALINA_BASE:         D:\evan\yen\hardening_tomcat9\apache-tomcat-9.0.118
05-Jun-2026 09:44:13.398 INFO [main] org.apache.catalina.startup.VersionLoggerListener.log CATALINA_HOME:         D:\evan\yen\hardening_tomcat9\apache-tomcat-9.0.118
05-Jun-2026 09:44:13.398 INFO [main] org.apache.catalina.startup.VersionLoggerListener.log Command line argument: -Djava.util.logging.config.file=d:\evan\yen\hardening_tomcat9\apache-tomcat-9.0.118\conf\logging.properties
05-Jun-2026 09:44:13.398 INFO [main] org.apache.catalina.startup.VersionLoggerListener.log Command line argument: -Djava.util.logging.manager=org.apache.juli.ClassLoaderLogManager
05-Jun-2026 09:44:13.398 INFO [main] org.apache.catalina.startup.VersionLoggerListener.log Command line argument: -Djdk.tls.ephemeralDHKeySize=2048
05-Jun-2026 09:44:13.398 INFO [main] org.apache.catalina.startup.VersionLoggerListener.log Command line argument: -Djava.protocol.handler.pkgs=org.apache.catalina.webresources
05-Jun-2026 09:44:13.398 INFO [main] org.apache.catalina.startup.VersionLoggerListener.log Command line argument: -Dsun.io.useCanonCaches=false
05-Jun-2026 09:44:13.398 INFO [main] org.apache.catalina.startup.VersionLoggerListener.log Command line argument: -Dignore.endorsed.dirs=
05-Jun-2026 09:44:13.398 INFO [main] org.apache.catalina.startup.VersionLoggerListener.log Command line argument: -Dcatalina.base=d:\evan\yen\hardening_tomcat9\apache-tomcat-9.0.118
05-Jun-2026 09:44:13.398 INFO [main] org.apache.catalina.startup.VersionLoggerListener.log Command line argument: -Dcatalina.home=d:\evan\yen\hardening_tomcat9\apache-tomcat-9.0.118
05-Jun-2026 09:44:13.398 INFO [main] org.apache.catalina.startup.VersionLoggerListener.log Command line argument: -Djava.io.tmpdir=d:\evan\yen\hardening_tomcat9\apache-tomcat-9.0.118\temp
05-Jun-2026 09:44:13.414 INFO [main] org.apache.catalina.core.AprLifecycleListener.lifecycleEvent Loaded Apache Tomcat Native library [1.3.7] using APR version [1.7.6].
05-Jun-2026 09:44:13.414 INFO [main] org.apache.catalina.core.AprLifecycleListener.lifecycleEvent APR capabilities: IPv6 [true], sendfile [true], accept filters [false], random [true], UDS [true].
05-Jun-2026 09:44:13.414 INFO [main] org.apache.catalina.core.AprLifecycleListener.lifecycleEvent APR/OpenSSL configuration: useAprConnector [false], useOpenSSL [true]
05-Jun-2026 09:44:13.414 INFO [main] org.apache.catalina.core.AprLifecycleListener.initializeSSL OpenSSL successfully initialized [OpenSSL 3.0.19 27 Jan 2026]
05-Jun-2026 09:44:13.714 INFO [main] org.apache.coyote.AbstractProtocol.init Initializing ProtocolHandler ["http-nio-8080"]
05-Jun-2026 09:44:13.735 INFO [main] org.apache.catalina.startup.Catalina.load Server initialization in [498] milliseconds
05-Jun-2026 09:44:13.766 INFO [main] org.apache.catalina.core.StandardService.startInternal Starting service [Catalina]
05-Jun-2026 09:44:13.766 INFO [main] org.apache.catalina.core.StandardEngine.startInternal Starting Servlet engine: [Apache Tomcat/9.0.118]
05-Jun-2026 09:44:13.780 INFO [main] org.apache.catalina.startup.HostConfig.deployDirectory Deploying web application directory [D:\evan\yen\hardening_tomcat9\apache-tomcat-9.0.118\webapps\host-manager]
05-Jun-2026 09:44:13.995 INFO [main] org.apache.jasper.servlet.TldScanner.scanJars At least one JAR was scanned for TLDs yet contained no TLDs. Enable debug logging for this logger for a complete list of JARs that were scanned but no TLDs were found in them. Skipping unneeded JARs during scanning can improve startup time and JSP compilation time.
05-Jun-2026 09:44:14.174 WARNING [main] org.apache.catalina.util.SessionIdGeneratorBase.createSecureRandom Creation of SecureRandom instance for session ID generation using [SHA1PRNG] took [158] milliseconds.
05-Jun-2026 09:44:14.190 INFO [main] org.apache.catalina.startup.HostConfig.deployDirectory Deployment of web application directory [D:\evan\yen\hardening_tomcat9\apache-tomcat-9.0.118\webapps\host-manager] has finished in [410] ms
05-Jun-2026 09:44:14.190 INFO [main] org.apache.catalina.startup.HostConfig.deployDirectory Deploying web application directory [D:\evan\yen\hardening_tomcat9\apache-tomcat-9.0.118\webapps\manager]
05-Jun-2026 09:44:14.222 INFO [main] org.apache.jasper.servlet.TldScanner.scanJars At least one JAR was scanned for TLDs yet contained no TLDs. Enable debug logging for this logger for a complete list of JARs that were scanned but no TLDs were found in them. Skipping unneeded JARs during scanning can improve startup time and JSP compilation time.
05-Jun-2026 09:44:14.239 INFO [main] org.apache.catalina.startup.HostConfig.deployDirectory Deployment of web application directory [D:\evan\yen\hardening_tomcat9\apache-tomcat-9.0.118\webapps\manager] has finished in [49] ms
05-Jun-2026 09:44:14.239 INFO [main] org.apache.catalina.startup.HostConfig.deployDirectory Deploying web application directory [D:\evan\yen\hardening_tomcat9\apache-tomcat-9.0.118\webapps\ROOT]
05-Jun-2026 09:44:14.254 INFO [main] org.apache.jasper.servlet.TldScanner.scanJars At least one JAR was scanned for TLDs yet contained no TLDs. Enable debug logging for this logger for a complete list of JARs that were scanned but no TLDs were found in them. Skipping unneeded JARs during scanning can improve startup time and JSP compilation time.
05-Jun-2026 09:44:14.272 INFO [main] org.apache.catalina.startup.HostConfig.deployDirectory Deployment of web application directory [D:\evan\yen\hardening_tomcat9\apache-tomcat-9.0.118\webapps\ROOT] has finished in [33] ms
05-Jun-2026 09:44:14.272 INFO [main] org.apache.coyote.AbstractProtocol.start Starting ProtocolHandler ["http-nio-8080"]
05-Jun-2026 09:44:14.302 INFO [main] org.apache.catalina.startup.Catalina.start Server startup in [568] milliseconds
05-Jun-2026 09:48:19.437 INFO [Thread-2] org.apache.coyote.AbstractProtocol.pause Pausing ProtocolHandler ["http-nio-8080"]
05-Jun-2026 09:48:19.708 INFO [Thread-2] org.apache.catalina.core.StandardService.stopInternal Stopping service [Catalina]
05-Jun-2026 09:48:19.728 INFO [Thread-2] org.apache.coyote.AbstractProtocol.stop Stopping ProtocolHandler ["http-nio-8080"]
05-Jun-2026 09:48:19.744 INFO [Thread-2] org.apache.coyote.AbstractProtocol.destroy Destroying ProtocolHandler ["http-nio-8080"]
05-Jun-2026 09:48:22.700 INFO [main] org.apache.catalina.startup.VersionLoggerListener.log Server version name:   Apache Tomcat/9.0.118
05-Jun-2026 09:48:22.707 INFO [main] org.apache.catalina.startup.VersionLoggerListener.log Server built:          May 1 2026 19:30:30 UTC
05-Jun-2026 09:48:22.707 INFO [main] org.apache.catalina.startup.VersionLoggerListener.log Server version number: 9.0.118.0
05-Jun-2026 09:48:22.707 INFO [main] org.apache.catalina.startup.VersionLoggerListener.log OS Name:               Windows 10
05-Jun-2026 09:48:22.707 INFO [main] org.apache.catalina.startup.VersionLoggerListener.log OS Version:            10.0
05-Jun-2026 09:48:22.707 INFO [main] org.apache.catalina.startup.VersionLoggerListener.log Architecture:          amd64
05-Jun-2026 09:48:22.707 INFO [main] org.apache.catalina.startup.VersionLoggerListener.log Java Home:             C:\Program Files\Java\jdk1.8.0_202\jre
05-Jun-2026 09:48:22.707 INFO [main] org.apache.catalina.startup.VersionLoggerListener.log JVM Version:           1.8.0_202-b08
05-Jun-2026 09:48:22.707 INFO [main] org.apache.catalina.startup.VersionLoggerListener.log JVM Vendor:            Oracle Corporation
05-Jun-2026 09:48:22.707 INFO [main] org.apache.catalina.startup.VersionLoggerListener.log CATALINA_BASE:         D:\evan\yen\hardening_tomcat9\apache-tomcat-9.0.118
05-Jun-2026 09:48:22.707 INFO [main] org.apache.catalina.startup.VersionLoggerListener.log CATALINA_HOME:         D:\evan\yen\hardening_tomcat9\apache-tomcat-9.0.118
05-Jun-2026 09:48:22.707 INFO [main] org.apache.catalina.startup.VersionLoggerListener.log Command line argument: -Djava.util.logging.config.file=d:\evan\yen\hardening_tomcat9\apache-tomcat-9.0.118\conf\logging.properties
05-Jun-2026 09:48:22.707 INFO [main] org.apache.catalina.startup.VersionLoggerListener.log Command line argument: -Djava.util.logging.manager=org.apache.juli.ClassLoaderLogManager
05-Jun-2026 09:48:22.707 INFO [main] org.apache.catalina.startup.VersionLoggerListener.log Command line argument: -Djdk.tls.ephemeralDHKeySize=2048
05-Jun-2026 09:48:22.707 INFO [main] org.apache.catalina.startup.VersionLoggerListener.log Command line argument: -Djava.protocol.handler.pkgs=org.apache.catalina.webresources
05-Jun-2026 09:48:22.707 INFO [main] org.apache.catalina.startup.VersionLoggerListener.log Command line argument: -Dsun.io.useCanonCaches=false
05-Jun-2026 09:48:22.707 INFO [main] org.apache.catalina.startup.VersionLoggerListener.log Command line argument: -Dignore.endorsed.dirs=
05-Jun-2026 09:48:22.707 INFO [main] org.apache.catalina.startup.VersionLoggerListener.log Command line argument: -Dcatalina.base=d:\evan\yen\hardening_tomcat9\apache-tomcat-9.0.118
05-Jun-2026 09:48:22.707 INFO [main] org.apache.catalina.startup.VersionLoggerListener.log Command line argument: -Dcatalina.home=d:\evan\yen\hardening_tomcat9\apache-tomcat-9.0.118
05-Jun-2026 09:48:22.707 INFO [main] org.apache.catalina.startup.VersionLoggerListener.log Command line argument: -Djava.io.tmpdir=d:\evan\yen\hardening_tomcat9\apache-tomcat-9.0.118\temp
05-Jun-2026 09:48:22.718 INFO [main] org.apache.catalina.core.AprLifecycleListener.lifecycleEvent Loaded Apache Tomcat Native library [1.3.7] using APR version [1.7.6].
05-Jun-2026 09:48:22.718 INFO [main] org.apache.catalina.core.AprLifecycleListener.lifecycleEvent APR capabilities: IPv6 [true], sendfile [true], accept filters [false], random [true], UDS [true].
05-Jun-2026 09:48:22.718 INFO [main] org.apache.catalina.core.AprLifecycleListener.lifecycleEvent APR/OpenSSL configuration: useAprConnector [false], useOpenSSL [true]
05-Jun-2026 09:48:22.722 INFO [main] org.apache.catalina.core.AprLifecycleListener.initializeSSL OpenSSL successfully initialized [OpenSSL 3.0.19 27 Jan 2026]
05-Jun-2026 09:48:23.000 INFO [main] org.apache.coyote.AbstractProtocol.init Initializing ProtocolHandler ["http-nio-8080"]
05-Jun-2026 09:48:23.032 INFO [main] org.apache.catalina.startup.Catalina.load Server initialization in [491] milliseconds
05-Jun-2026 09:48:23.061 INFO [main] org.apache.catalina.core.StandardService.startInternal Starting service [Catalina]
05-Jun-2026 09:48:23.063 INFO [main] org.apache.catalina.core.StandardEngine.startInternal Starting Servlet engine: [Apache Tomcat/9.0.118]
05-Jun-2026 09:48:23.074 INFO [main] org.apache.catalina.startup.HostConfig.deployDirectory Deploying web application directory [D:\evan\yen\hardening_tomcat9\apache-tomcat-9.0.118\webapps\host-manager]
05-Jun-2026 09:48:23.267 INFO [main] org.apache.jasper.servlet.TldScanner.scanJars At least one JAR was scanned for TLDs yet contained no TLDs. Enable debug logging for this logger for a complete list of JARs that were scanned but no TLDs were found in them. Skipping unneeded JARs during scanning can improve startup time and JSP compilation time.
05-Jun-2026 09:48:23.432 WARNING [main] org.apache.catalina.util.SessionIdGeneratorBase.createSecureRandom Creation of SecureRandom instance for session ID generation using [SHA1PRNG] took [147] milliseconds.
05-Jun-2026 09:48:23.464 INFO [main] org.apache.catalina.startup.HostConfig.deployDirectory Deployment of web application directory [D:\evan\yen\hardening_tomcat9\apache-tomcat-9.0.118\webapps\host-manager] has finished in [390] ms
05-Jun-2026 09:48:23.464 INFO [main] org.apache.catalina.startup.HostConfig.deployDirectory Deploying web application directory [D:\evan\yen\hardening_tomcat9\apache-tomcat-9.0.118\webapps\manager]
05-Jun-2026 09:48:23.506 INFO [main] org.apache.jasper.servlet.TldScanner.scanJars At least one JAR was scanned for TLDs yet contained no TLDs. Enable debug logging for this logger for a complete list of JARs that were scanned but no TLDs were found in them. Skipping unneeded JARs during scanning can improve startup time and JSP compilation time.
05-Jun-2026 09:48:23.508 INFO [main] org.apache.catalina.startup.HostConfig.deployDirectory Deployment of web application directory [D:\evan\yen\hardening_tomcat9\apache-tomcat-9.0.118\webapps\manager] has finished in [44] ms
05-Jun-2026 09:48:23.508 INFO [main] org.apache.catalina.startup.HostConfig.deployDirectory Deploying web application directory [D:\evan\yen\hardening_tomcat9\apache-tomcat-9.0.118\webapps\ROOT]
05-Jun-2026 09:48:23.527 INFO [main] org.apache.jasper.servlet.TldScanner.scanJars At least one JAR was scanned for TLDs yet contained no TLDs. Enable debug logging for this logger for a complete list of JARs that were scanned but no TLDs were found in them. Skipping unneeded JARs during scanning can improve startup time and JSP compilation time.
05-Jun-2026 09:48:23.537 INFO [main] org.apache.catalina.startup.HostConfig.deployDirectory Deployment of web application directory [D:\evan\yen\hardening_tomcat9\apache-tomcat-9.0.118\webapps\ROOT] has finished in [29] ms
05-Jun-2026 09:48:23.541 INFO [main] org.apache.coyote.AbstractProtocol.start Starting ProtocolHandler ["http-nio-8080"]
05-Jun-2026 09:48:23.559 INFO [main] org.apache.catalina.startup.Catalina.start Server startup in [537] milliseconds
05-Jun-2026 09:50:24.290 INFO [Thread-2] org.apache.coyote.AbstractProtocol.pause Pausing ProtocolHandler ["http-nio-8080"]
05-Jun-2026 09:50:24.533 INFO [Thread-2] org.apache.catalina.core.StandardService.stopInternal Stopping service [Catalina]
05-Jun-2026 09:50:24.556 INFO [Thread-2] org.apache.coyote.AbstractProtocol.stop Stopping ProtocolHandler ["http-nio-8080"]
05-Jun-2026 09:50:24.577 INFO [Thread-2] org.apache.coyote.AbstractProtocol.destroy Destroying ProtocolHandler ["http-nio-8080"]
05-Jun-2026 09:51:27.486 INFO [main] org.apache.catalina.startup.VersionLoggerListener.log Server version name:   Apache Tomcat/9.0.118
05-Jun-2026 09:51:27.486 INFO [main] org.apache.catalina.startup.VersionLoggerListener.log Server built:          May 1 2026 19:30:30 UTC
05-Jun-2026 09:51:27.486 INFO [main] org.apache.catalina.startup.VersionLoggerListener.log Server version number: 9.0.118.0
05-Jun-2026 09:51:27.486 INFO [main] org.apache.catalina.startup.VersionLoggerListener.log OS Name:               Windows 10
05-Jun-2026 09:51:27.486 INFO [main] org.apache.catalina.startup.VersionLoggerListener.log OS Version:            10.0
05-Jun-2026 09:51:27.486 INFO [main] org.apache.catalina.startup.VersionLoggerListener.log Architecture:          amd64
05-Jun-2026 09:51:27.486 INFO [main] org.apache.catalina.startup.VersionLoggerListener.log Java Home:             C:\Program Files\Java\jdk1.8.0_202\jre
05-Jun-2026 09:51:27.486 INFO [main] org.apache.catalina.startup.VersionLoggerListener.log JVM Version:           1.8.0_202-b08
05-Jun-2026 09:51:27.486 INFO [main] org.apache.catalina.startup.VersionLoggerListener.log JVM Vendor:            Oracle Corporation
05-Jun-2026 09:51:27.486 INFO [main] org.apache.catalina.startup.VersionLoggerListener.log CATALINA_BASE:         D:\evan\yen\hardening_tomcat9\apache-tomcat-9.0.118
05-Jun-2026 09:51:27.486 INFO [main] org.apache.catalina.startup.VersionLoggerListener.log CATALINA_HOME:         D:\evan\yen\hardening_tomcat9\apache-tomcat-9.0.118
05-Jun-2026 09:51:27.502 INFO [main] org.apache.catalina.startup.VersionLoggerListener.log Command line argument: -Djava.util.logging.config.file=d:\evan\yen\hardening_tomcat9\apache-tomcat-9.0.118\conf\logging.properties
05-Jun-2026 09:51:27.502 INFO [main] org.apache.catalina.startup.VersionLoggerListener.log Command line argument: -Djava.util.logging.manager=org.apache.juli.ClassLoaderLogManager
05-Jun-2026 09:51:27.502 INFO [main] org.apache.catalina.startup.VersionLoggerListener.log Command line argument: -Djdk.tls.ephemeralDHKeySize=2048
05-Jun-2026 09:51:27.502 INFO [main] org.apache.catalina.startup.VersionLoggerListener.log Command line argument: -Djava.protocol.handler.pkgs=org.apache.catalina.webresources
05-Jun-2026 09:51:27.502 INFO [main] org.apache.catalina.startup.VersionLoggerListener.log Command line argument: -Dsun.io.useCanonCaches=false
05-Jun-2026 09:51:27.502 INFO [main] org.apache.catalina.startup.VersionLoggerListener.log Command line argument: -Dignore.endorsed.dirs=
05-Jun-2026 09:51:27.502 INFO [main] org.apache.catalina.startup.VersionLoggerListener.log Command line argument: -Dcatalina.base=d:\evan\yen\hardening_tomcat9\apache-tomcat-9.0.118
05-Jun-2026 09:51:27.502 INFO [main] org.apache.catalina.startup.VersionLoggerListener.log Command line argument: -Dcatalina.home=d:\evan\yen\hardening_tomcat9\apache-tomcat-9.0.118
05-Jun-2026 09:51:27.502 INFO [main] org.apache.catalina.startup.VersionLoggerListener.log Command line argument: -Djava.io.tmpdir=d:\evan\yen\hardening_tomcat9\apache-tomcat-9.0.118\temp
05-Jun-2026 09:51:27.502 INFO [main] org.apache.catalina.core.AprLifecycleListener.lifecycleEvent Loaded Apache Tomcat Native library [1.3.7] using APR version [1.7.6].
05-Jun-2026 09:51:27.502 INFO [main] org.apache.catalina.core.AprLifecycleListener.lifecycleEvent APR capabilities: IPv6 [true], sendfile [true], accept filters [false], random [true], UDS [true].
05-Jun-2026 09:51:27.502 INFO [main] org.apache.catalina.core.AprLifecycleListener.lifecycleEvent APR/OpenSSL configuration: useAprConnector [false], useOpenSSL [true]
05-Jun-2026 09:51:27.502 INFO [main] org.apache.catalina.core.AprLifecycleListener.initializeSSL OpenSSL successfully initialized [OpenSSL 3.0.19 27 Jan 2026]
05-Jun-2026 09:51:27.789 INFO [main] org.apache.coyote.AbstractProtocol.init Initializing ProtocolHandler ["http-nio-8080"]
05-Jun-2026 09:51:27.805 INFO [main] org.apache.catalina.startup.Catalina.load Server initialization in [484] milliseconds
05-Jun-2026 09:51:27.837 INFO [main] org.apache.catalina.core.StandardService.startInternal Starting service [Catalina]
05-Jun-2026 09:51:27.837 INFO [main] org.apache.catalina.core.StandardEngine.startInternal Starting Servlet engine: [Apache Tomcat/9.0.118]
05-Jun-2026 09:51:27.852 INFO [main] org.apache.catalina.startup.HostConfig.deployDirectory Deploying web application directory [D:\evan\yen\hardening_tomcat9\apache-tomcat-9.0.118\webapps\host-manager]
05-Jun-2026 09:51:28.043 INFO [main] org.apache.jasper.servlet.TldScanner.scanJars At least one JAR was scanned for TLDs yet contained no TLDs. Enable debug logging for this logger for a complete list of JARs that were scanned but no TLDs were found in them. Skipping unneeded JARs during scanning can improve startup time and JSP compilation time.
05-Jun-2026 09:51:28.240 WARNING [main] org.apache.catalina.util.SessionIdGeneratorBase.createSecureRandom Creation of SecureRandom instance for session ID generation using [SHA1PRNG] took [150] milliseconds.
05-Jun-2026 09:51:28.258 INFO [main] org.apache.catalina.startup.HostConfig.deployDirectory Deployment of web application directory [D:\evan\yen\hardening_tomcat9\apache-tomcat-9.0.118\webapps\host-manager] has finished in [406] ms
05-Jun-2026 09:51:28.258 INFO [main] org.apache.catalina.startup.HostConfig.deployDirectory Deploying web application directory [D:\evan\yen\hardening_tomcat9\apache-tomcat-9.0.118\webapps\manager]
05-Jun-2026 09:51:28.292 INFO [main] org.apache.jasper.servlet.TldScanner.scanJars At least one JAR was scanned for TLDs yet contained no TLDs. Enable debug logging for this logger for a complete list of JARs that were scanned but no TLDs were found in them. Skipping unneeded JARs during scanning can improve startup time and JSP compilation time.
05-Jun-2026 09:51:28.292 INFO [main] org.apache.catalina.startup.HostConfig.deployDirectory Deployment of web application directory [D:\evan\yen\hardening_tomcat9\apache-tomcat-9.0.118\webapps\manager] has finished in [34] ms
05-Jun-2026 09:51:28.292 INFO [main] org.apache.catalina.startup.HostConfig.deployDirectory Deploying web application directory [D:\evan\yen\hardening_tomcat9\apache-tomcat-9.0.118\webapps\ROOT]
05-Jun-2026 09:51:28.323 INFO [main] org.apache.jasper.servlet.TldScanner.scanJars At least one JAR was scanned for TLDs yet contained no TLDs. Enable debug logging for this logger for a complete list of JARs that were scanned but no TLDs were found in them. Skipping unneeded JARs during scanning can improve startup time and JSP compilation time.
05-Jun-2026 09:51:28.327 INFO [main] org.apache.catalina.startup.HostConfig.deployDirectory Deployment of web application directory [D:\evan\yen\hardening_tomcat9\apache-tomcat-9.0.118\webapps\ROOT] has finished in [35] ms
05-Jun-2026 09:51:28.327 INFO [main] org.apache.coyote.AbstractProtocol.start Starting ProtocolHandler ["http-nio-8080"]
05-Jun-2026 09:51:28.359 INFO [main] org.apache.catalina.startup.Catalina.start Server startup in [548] milliseconds
05-Jun-2026 09:52:14.406 INFO [Thread-2] org.apache.coyote.AbstractProtocol.pause Pausing ProtocolHandler ["http-nio-8080"]
05-Jun-2026 09:52:14.677 INFO [Thread-2] org.apache.catalina.core.StandardService.stopInternal Stopping service [Catalina]
05-Jun-2026 09:52:14.692 INFO [Thread-2] org.apache.coyote.AbstractProtocol.stop Stopping ProtocolHandler ["http-nio-8080"]
05-Jun-2026 09:52:14.709 INFO [Thread-2] org.apache.coyote.AbstractProtocol.destroy Destroying ProtocolHandler ["http-nio-8080"]
05-Jun-2026 09:52:18.300 INFO [main] org.apache.catalina.startup.VersionLoggerListener.log Server version name:   Apache Tomcat/9.0.118
05-Jun-2026 09:52:18.311 INFO [main] org.apache.catalina.startup.VersionLoggerListener.log Server built:          May 1 2026 19:30:30 UTC
05-Jun-2026 09:52:18.311 INFO [main] org.apache.catalina.startup.VersionLoggerListener.log Server version number: 9.0.118.0
05-Jun-2026 09:52:18.311 INFO [main] org.apache.catalina.startup.VersionLoggerListener.log OS Name:               Windows 10
05-Jun-2026 09:52:18.311 INFO [main] org.apache.catalina.startup.VersionLoggerListener.log OS Version:            10.0
05-Jun-2026 09:52:18.311 INFO [main] org.apache.catalina.startup.VersionLoggerListener.log Architecture:          amd64
05-Jun-2026 09:52:18.311 INFO [main] org.apache.catalina.startup.VersionLoggerListener.log Java Home:             C:\Program Files\Java\jdk1.8.0_202\jre
05-Jun-2026 09:52:18.311 INFO [main] org.apache.catalina.startup.VersionLoggerListener.log JVM Version:           1.8.0_202-b08
05-Jun-2026 09:52:18.311 INFO [main] org.apache.catalina.startup.VersionLoggerListener.log JVM Vendor:            Oracle Corporation
05-Jun-2026 09:52:18.311 INFO [main] org.apache.catalina.startup.VersionLoggerListener.log CATALINA_BASE:         D:\evan\yen\hardening_tomcat9\apache-tomcat-9.0.118
05-Jun-2026 09:52:18.311 INFO [main] org.apache.catalina.startup.VersionLoggerListener.log CATALINA_HOME:         D:\evan\yen\hardening_tomcat9\apache-tomcat-9.0.118
05-Jun-2026 09:52:18.311 INFO [main] org.apache.catalina.startup.VersionLoggerListener.log Command line argument: -Djava.util.logging.config.file=d:\evan\yen\hardening_tomcat9\apache-tomcat-9.0.118\conf\logging.properties
05-Jun-2026 09:52:18.311 INFO [main] org.apache.catalina.startup.VersionLoggerListener.log Command line argument: -Djava.util.logging.manager=org.apache.juli.ClassLoaderLogManager
05-Jun-2026 09:52:18.311 INFO [main] org.apache.catalina.startup.VersionLoggerListener.log Command line argument: -Djdk.tls.ephemeralDHKeySize=2048
05-Jun-2026 09:52:18.311 INFO [main] org.apache.catalina.startup.VersionLoggerListener.log Command line argument: -Djava.protocol.handler.pkgs=org.apache.catalina.webresources
05-Jun-2026 09:52:18.311 INFO [main] org.apache.catalina.startup.VersionLoggerListener.log Command line argument: -Dsun.io.useCanonCaches=false
05-Jun-2026 09:52:18.311 INFO [main] org.apache.catalina.startup.VersionLoggerListener.log Command line argument: -Dignore.endorsed.dirs=
05-Jun-2026 09:52:18.311 INFO [main] org.apache.catalina.startup.VersionLoggerListener.log Command line argument: -Dcatalina.base=d:\evan\yen\hardening_tomcat9\apache-tomcat-9.0.118
05-Jun-2026 09:52:18.311 INFO [main] org.apache.catalina.startup.VersionLoggerListener.log Command line argument: -Dcatalina.home=d:\evan\yen\hardening_tomcat9\apache-tomcat-9.0.118
05-Jun-2026 09:52:18.311 INFO [main] org.apache.catalina.startup.VersionLoggerListener.log Command line argument: -Djava.io.tmpdir=d:\evan\yen\hardening_tomcat9\apache-tomcat-9.0.118\temp
05-Jun-2026 09:52:18.320 INFO [main] org.apache.catalina.core.AprLifecycleListener.lifecycleEvent Loaded Apache Tomcat Native library [1.3.7] using APR version [1.7.6].
05-Jun-2026 09:52:18.320 INFO [main] org.apache.catalina.core.AprLifecycleListener.lifecycleEvent APR capabilities: IPv6 [true], sendfile [true], accept filters [false], random [true], UDS [true].
05-Jun-2026 09:52:18.320 INFO [main] org.apache.catalina.core.AprLifecycleListener.lifecycleEvent APR/OpenSSL configuration: useAprConnector [false], useOpenSSL [true]
05-Jun-2026 09:52:18.320 INFO [main] org.apache.catalina.core.AprLifecycleListener.initializeSSL OpenSSL successfully initialized [OpenSSL 3.0.19 27 Jan 2026]
05-Jun-2026 09:52:18.598 INFO [main] org.apache.coyote.AbstractProtocol.init Initializing ProtocolHandler ["http-nio-8080"]
05-Jun-2026 09:52:18.619 INFO [main] org.apache.catalina.startup.Catalina.load Server initialization in [476] milliseconds
05-Jun-2026 09:52:18.645 INFO [main] org.apache.catalina.core.StandardService.startInternal Starting service [Catalina]
05-Jun-2026 09:52:18.645 INFO [main] org.apache.catalina.core.StandardEngine.startInternal Starting Servlet engine: [Apache Tomcat/9.0.118]
05-Jun-2026 09:52:18.661 INFO [main] org.apache.catalina.startup.HostConfig.deployDirectory Deploying web application directory [D:\evan\yen\hardening_tomcat9\apache-tomcat-9.0.118\webapps\host-manager]
05-Jun-2026 09:52:18.851 INFO [main] org.apache.jasper.servlet.TldScanner.scanJars At least one JAR was scanned for TLDs yet contained no TLDs. Enable debug logging for this logger for a complete list of JARs that were scanned but no TLDs were found in them. Skipping unneeded JARs during scanning can improve startup time and JSP compilation time.
05-Jun-2026 09:52:19.037 WARNING [main] org.apache.catalina.util.SessionIdGeneratorBase.createSecureRandom Creation of SecureRandom instance for session ID generation using [SHA1PRNG] took [170] milliseconds.
05-Jun-2026 09:52:19.057 INFO [main] org.apache.catalina.startup.HostConfig.deployDirectory Deployment of web application directory [D:\evan\yen\hardening_tomcat9\apache-tomcat-9.0.118\webapps\host-manager] has finished in [396] ms
05-Jun-2026 09:52:19.057 INFO [main] org.apache.catalina.startup.HostConfig.deployDirectory Deploying web application directory [D:\evan\yen\hardening_tomcat9\apache-tomcat-9.0.118\webapps\manager]
05-Jun-2026 09:52:19.089 INFO [main] org.apache.jasper.servlet.TldScanner.scanJars At least one JAR was scanned for TLDs yet contained no TLDs. Enable debug logging for this logger for a complete list of JARs that were scanned but no TLDs were found in them. Skipping unneeded JARs during scanning can improve startup time and JSP compilation time.
05-Jun-2026 09:52:19.100 INFO [main] org.apache.catalina.startup.HostConfig.deployDirectory Deployment of web application directory [D:\evan\yen\hardening_tomcat9\apache-tomcat-9.0.118\webapps\manager] has finished in [43] ms
05-Jun-2026 09:52:19.100 INFO [main] org.apache.catalina.startup.HostConfig.deployDirectory Deploying web application directory [D:\evan\yen\hardening_tomcat9\apache-tomcat-9.0.118\webapps\ROOT]
05-Jun-2026 09:52:19.120 INFO [main] org.apache.jasper.servlet.TldScanner.scanJars At least one JAR was scanned for TLDs yet contained no TLDs. Enable debug logging for this logger for a complete list of JARs that were scanned but no TLDs were found in them. Skipping unneeded JARs during scanning can improve startup time and JSP compilation time.
05-Jun-2026 09:52:19.120 INFO [main] org.apache.catalina.startup.HostConfig.deployDirectory Deployment of web application directory [D:\evan\yen\hardening_tomcat9\apache-tomcat-9.0.118\webapps\ROOT] has finished in [20] ms
05-Jun-2026 09:52:19.120 INFO [main] org.apache.coyote.AbstractProtocol.start Starting ProtocolHandler ["http-nio-8080"]
05-Jun-2026 09:52:19.152 INFO [main] org.apache.catalina.startup.Catalina.start Server startup in [534] milliseconds
05-Jun-2026 09:53:23.102 INFO [Thread-2] org.apache.coyote.AbstractProtocol.pause Pausing ProtocolHandler ["http-nio-8080"]
05-Jun-2026 09:53:23.369 INFO [Thread-2] org.apache.catalina.core.StandardService.stopInternal Stopping service [Catalina]
05-Jun-2026 09:53:23.385 INFO [Thread-2] org.apache.coyote.AbstractProtocol.stop Stopping ProtocolHandler ["http-nio-8080"]
05-Jun-2026 09:53:23.400 INFO [Thread-2] org.apache.coyote.AbstractProtocol.destroy Destroying ProtocolHandler ["http-nio-8080"]
05-Jun-2026 09:55:53.482 INFO [main] org.apache.catalina.startup.VersionLoggerListener.log Server version name:   Apache Tomcat/9.0.118
05-Jun-2026 09:55:53.482 INFO [main] org.apache.catalina.startup.VersionLoggerListener.log Server built:          May 1 2026 19:30:30 UTC
05-Jun-2026 09:55:53.482 INFO [main] org.apache.catalina.startup.VersionLoggerListener.log Server version number: 9.0.118.0
05-Jun-2026 09:55:53.497 INFO [main] org.apache.catalina.startup.VersionLoggerListener.log OS Name:               Windows 10
05-Jun-2026 09:55:53.497 INFO [main] org.apache.catalina.startup.VersionLoggerListener.log OS Version:            10.0
05-Jun-2026 09:55:53.497 INFO [main] org.apache.catalina.startup.VersionLoggerListener.log Architecture:          amd64
05-Jun-2026 09:55:53.497 INFO [main] org.apache.catalina.startup.VersionLoggerListener.log Java Home:             C:\Program Files\Java\jdk1.8.0_202\jre
05-Jun-2026 09:55:53.497 INFO [main] org.apache.catalina.startup.VersionLoggerListener.log JVM Version:           1.8.0_202-b08
05-Jun-2026 09:55:53.497 INFO [main] org.apache.catalina.startup.VersionLoggerListener.log JVM Vendor:            Oracle Corporation
05-Jun-2026 09:55:53.497 INFO [main] org.apache.catalina.startup.VersionLoggerListener.log CATALINA_BASE:         D:\evan\yen\hardening_tomcat9\apache-tomcat-9.0.118
05-Jun-2026 09:55:53.497 INFO [main] org.apache.catalina.startup.VersionLoggerListener.log CATALINA_HOME:         D:\evan\yen\hardening_tomcat9\apache-tomcat-9.0.118
05-Jun-2026 09:55:53.497 INFO [main] org.apache.catalina.startup.VersionLoggerListener.log Command line argument: -Djava.util.logging.config.file=d:\evan\yen\hardening_tomcat9\apache-tomcat-9.0.118\conf\logging.properties
05-Jun-2026 09:55:53.497 INFO [main] org.apache.catalina.startup.VersionLoggerListener.log Command line argument: -Djava.util.logging.manager=org.apache.juli.ClassLoaderLogManager
05-Jun-2026 09:55:53.497 INFO [main] org.apache.catalina.startup.VersionLoggerListener.log Command line argument: -Djdk.tls.ephemeralDHKeySize=2048
05-Jun-2026 09:55:53.497 INFO [main] org.apache.catalina.startup.VersionLoggerListener.log Command line argument: -Djava.protocol.handler.pkgs=org.apache.catalina.webresources
05-Jun-2026 09:55:53.497 INFO [main] org.apache.catalina.startup.VersionLoggerListener.log Command line argument: -Dsun.io.useCanonCaches=false
05-Jun-2026 09:55:53.497 INFO [main] org.apache.catalina.startup.VersionLoggerListener.log Command line argument: -Dignore.endorsed.dirs=
05-Jun-2026 09:55:53.497 INFO [main] org.apache.catalina.startup.VersionLoggerListener.log Command line argument: -Dcatalina.base=d:\evan\yen\hardening_tomcat9\apache-tomcat-9.0.118
05-Jun-2026 09:55:53.497 INFO [main] org.apache.catalina.startup.VersionLoggerListener.log Command line argument: -Dcatalina.home=d:\evan\yen\hardening_tomcat9\apache-tomcat-9.0.118
05-Jun-2026 09:55:53.497 INFO [main] org.apache.catalina.startup.VersionLoggerListener.log Command line argument: -Djava.io.tmpdir=d:\evan\yen\hardening_tomcat9\apache-tomcat-9.0.118\temp
05-Jun-2026 09:55:53.503 INFO [main] org.apache.catalina.core.AprLifecycleListener.lifecycleEvent Loaded Apache Tomcat Native library [1.3.7] using APR version [1.7.6].
05-Jun-2026 09:55:53.503 INFO [main] org.apache.catalina.core.AprLifecycleListener.lifecycleEvent APR capabilities: IPv6 [true], sendfile [true], accept filters [false], random [true], UDS [true].
05-Jun-2026 09:55:53.503 INFO [main] org.apache.catalina.core.AprLifecycleListener.lifecycleEvent APR/OpenSSL configuration: useAprConnector [false], useOpenSSL [true]
05-Jun-2026 09:55:53.503 INFO [main] org.apache.catalina.core.AprLifecycleListener.initializeSSL OpenSSL successfully initialized [OpenSSL 3.0.19 27 Jan 2026]
05-Jun-2026 09:55:53.783 INFO [main] org.apache.coyote.AbstractProtocol.init Initializing ProtocolHandler ["http-nio-8080"]
05-Jun-2026 09:55:53.803 INFO [main] org.apache.catalina.startup.Catalina.load Server initialization in [472] milliseconds
05-Jun-2026 09:55:53.830 INFO [main] org.apache.catalina.core.StandardService.startInternal Starting service [Catalina]
05-Jun-2026 09:55:53.830 INFO [main] org.apache.catalina.core.StandardEngine.startInternal Starting Servlet engine: [Apache Tomcat/9.0.118]
05-Jun-2026 09:55:53.830 INFO [main] org.apache.catalina.startup.HostConfig.deployDirectory Deploying web application directory [D:\evan\yen\hardening_tomcat9\apache-tomcat-9.0.118\webapps\host-manager]
05-Jun-2026 09:55:54.022 INFO [main] org.apache.jasper.servlet.TldScanner.scanJars At least one JAR was scanned for TLDs yet contained no TLDs. Enable debug logging for this logger for a complete list of JARs that were scanned but no TLDs were found in them. Skipping unneeded JARs during scanning can improve startup time and JSP compilation time.
05-Jun-2026 09:55:54.203 WARNING [main] org.apache.catalina.util.SessionIdGeneratorBase.createSecureRandom Creation of SecureRandom instance for session ID generation using [SHA1PRNG] took [151] milliseconds.
05-Jun-2026 09:55:54.212 SEVERE [main] org.apache.jasper.EmbeddedServletOptions.<init> The scratchDir you specified: [D:\evan\yen\hardening_tomcat9\apache-tomcat-9.0.118\work\Catalina\localhost\host-manager] is unusable.
05-Jun-2026 09:55:54.228 INFO [main] org.apache.catalina.startup.HostConfig.deployDirectory Deployment of web application directory [D:\evan\yen\hardening_tomcat9\apache-tomcat-9.0.118\webapps\host-manager] has finished in [398] ms
05-Jun-2026 09:55:54.228 INFO [main] org.apache.catalina.startup.HostConfig.deployDirectory Deploying web application directory [D:\evan\yen\hardening_tomcat9\apache-tomcat-9.0.118\webapps\manager]
05-Jun-2026 09:55:54.260 INFO [main] org.apache.jasper.servlet.TldScanner.scanJars At least one JAR was scanned for TLDs yet contained no TLDs. Enable debug logging for this logger for a complete list of JARs that were scanned but no TLDs were found in them. Skipping unneeded JARs during scanning can improve startup time and JSP compilation time.
05-Jun-2026 09:55:54.260 INFO [main] org.apache.catalina.startup.HostConfig.deployDirectory Deployment of web application directory [D:\evan\yen\hardening_tomcat9\apache-tomcat-9.0.118\webapps\manager] has finished in [32] ms
05-Jun-2026 09:55:54.260 INFO [main] org.apache.catalina.startup.HostConfig.deployDirectory Deploying web application directory [D:\evan\yen\hardening_tomcat9\apache-tomcat-9.0.118\webapps\ROOT]
05-Jun-2026 09:55:54.307 INFO [main] org.apache.jasper.servlet.TldScanner.scanJars At least one JAR was scanned for TLDs yet contained no TLDs. Enable debug logging for this logger for a complete list of JARs that were scanned but no TLDs were found in them. Skipping unneeded JARs during scanning can improve startup time and JSP compilation time.
05-Jun-2026 09:55:54.307 INFO [main] org.apache.catalina.startup.HostConfig.deployDirectory Deployment of web application directory [D:\evan\yen\hardening_tomcat9\apache-tomcat-9.0.118\webapps\ROOT] has finished in [47] ms
05-Jun-2026 09:55:54.307 INFO [main] org.apache.coyote.AbstractProtocol.start Starting ProtocolHandler ["http-nio-8080"]
05-Jun-2026 09:55:54.323 INFO [main] org.apache.catalina.startup.Catalina.start Server startup in [528] milliseconds
05-Jun-2026 09:58:20.585 INFO [Thread-2] org.apache.coyote.AbstractProtocol.pause Pausing ProtocolHandler ["http-nio-8080"]
05-Jun-2026 09:58:20.859 INFO [Thread-2] org.apache.catalina.core.StandardService.stopInternal Stopping service [Catalina]
05-Jun-2026 09:58:20.870 INFO [Thread-2] org.apache.coyote.AbstractProtocol.stop Stopping ProtocolHandler ["http-nio-8080"]
05-Jun-2026 09:58:20.889 INFO [Thread-2] org.apache.coyote.AbstractProtocol.destroy Destroying ProtocolHandler ["http-nio-8080"]
05-Jun-2026 10:00:06.045 INFO [main] org.apache.catalina.startup.VersionLoggerListener.log Server version name:   Apache Tomcat/9.0.118
05-Jun-2026 10:00:06.054 INFO [main] org.apache.catalina.startup.VersionLoggerListener.log Server built:          May 1 2026 19:30:30 UTC
05-Jun-2026 10:00:06.054 INFO [main] org.apache.catalina.startup.VersionLoggerListener.log Server version number: 9.0.118.0
05-Jun-2026 10:00:06.054 INFO [main] org.apache.catalina.startup.VersionLoggerListener.log OS Name:               Windows 10
05-Jun-2026 10:00:06.054 INFO [main] org.apache.catalina.startup.VersionLoggerListener.log OS Version:            10.0
05-Jun-2026 10:00:06.054 INFO [main] org.apache.catalina.startup.VersionLoggerListener.log Architecture:          amd64
05-Jun-2026 10:00:06.054 INFO [main] org.apache.catalina.startup.VersionLoggerListener.log Java Home:             C:\Program Files\Java\jdk1.8.0_202\jre
05-Jun-2026 10:00:06.054 INFO [main] org.apache.catalina.startup.VersionLoggerListener.log JVM Version:           1.8.0_202-b08
05-Jun-2026 10:00:06.054 INFO [main] org.apache.catalina.startup.VersionLoggerListener.log JVM Vendor:            Oracle Corporation
05-Jun-2026 10:00:06.054 INFO [main] org.apache.catalina.startup.VersionLoggerListener.log CATALINA_BASE:         D:\evan\yen\hardening_tomcat9\apache-tomcat-9.0.118
05-Jun-2026 10:00:06.054 INFO [main] org.apache.catalina.startup.VersionLoggerListener.log CATALINA_HOME:         D:\evan\yen\hardening_tomcat9\apache-tomcat-9.0.118
05-Jun-2026 10:00:06.054 INFO [main] org.apache.catalina.startup.VersionLoggerListener.log Command line argument: -Djava.util.logging.config.file=d:\evan\yen\hardening_tomcat9\apache-tomcat-9.0.118\conf\logging.properties
05-Jun-2026 10:00:06.054 INFO [main] org.apache.catalina.startup.VersionLoggerListener.log Command line argument: -Djava.util.logging.manager=org.apache.juli.ClassLoaderLogManager
05-Jun-2026 10:00:06.054 INFO [main] org.apache.catalina.startup.VersionLoggerListener.log Command line argument: -Djdk.tls.ephemeralDHKeySize=2048
05-Jun-2026 10:00:06.054 INFO [main] org.apache.catalina.startup.VersionLoggerListener.log Command line argument: -Djava.protocol.handler.pkgs=org.apache.catalina.webresources
05-Jun-2026 10:00:06.054 INFO [main] org.apache.catalina.startup.VersionLoggerListener.log Command line argument: -Dsun.io.useCanonCaches=false
05-Jun-2026 10:00:06.054 INFO [main] org.apache.catalina.startup.VersionLoggerListener.log Command line argument: -Dignore.endorsed.dirs=
05-Jun-2026 10:00:06.054 INFO [main] org.apache.catalina.startup.VersionLoggerListener.log Command line argument: -Dcatalina.base=d:\evan\yen\hardening_tomcat9\apache-tomcat-9.0.118
05-Jun-2026 10:00:06.054 INFO [main] org.apache.catalina.startup.VersionLoggerListener.log Command line argument: -Dcatalina.home=d:\evan\yen\hardening_tomcat9\apache-tomcat-9.0.118
05-Jun-2026 10:00:06.054 INFO [main] org.apache.catalina.startup.VersionLoggerListener.log Command line argument: -Djava.io.tmpdir=d:\evan\yen\hardening_tomcat9\apache-tomcat-9.0.118\temp
05-Jun-2026 10:00:06.060 INFO [main] org.apache.catalina.core.AprLifecycleListener.lifecycleEvent Loaded Apache Tomcat Native library [1.3.7] using APR version [1.7.6].
05-Jun-2026 10:00:06.060 INFO [main] org.apache.catalina.core.AprLifecycleListener.lifecycleEvent APR capabilities: IPv6 [true], sendfile [true], accept filters [false], random [true], UDS [true].
05-Jun-2026 10:00:06.060 INFO [main] org.apache.catalina.core.AprLifecycleListener.lifecycleEvent APR/OpenSSL configuration: useAprConnector [false], useOpenSSL [true]
05-Jun-2026 10:00:06.060 INFO [main] org.apache.catalina.core.AprLifecycleListener.initializeSSL OpenSSL successfully initialized [OpenSSL 3.0.19 27 Jan 2026]
05-Jun-2026 10:00:06.347 INFO [main] org.apache.coyote.AbstractProtocol.init Initializing ProtocolHandler ["http-nio-8080"]
05-Jun-2026 10:00:06.366 INFO [main] org.apache.catalina.startup.Catalina.load Server initialization in [496] milliseconds
05-Jun-2026 10:00:06.396 INFO [main] org.apache.catalina.core.StandardService.startInternal Starting service [Catalina]
05-Jun-2026 10:00:06.396 INFO [main] org.apache.catalina.core.StandardEngine.startInternal Starting Servlet engine: [Apache Tomcat/9.0.118]
05-Jun-2026 10:00:06.410 INFO [main] org.apache.catalina.startup.HostConfig.deployDirectory Deploying web application directory [D:\evan\yen\hardening_tomcat9\apache-tomcat-9.0.118\webapps\host-manager]
05-Jun-2026 10:00:06.598 INFO [main] org.apache.jasper.servlet.TldScanner.scanJars At least one JAR was scanned for TLDs yet contained no TLDs. Enable debug logging for this logger for a complete list of JARs that were scanned but no TLDs were found in them. Skipping unneeded JARs during scanning can improve startup time and JSP compilation time.
05-Jun-2026 10:00:06.803 WARNING [main] org.apache.catalina.util.SessionIdGeneratorBase.createSecureRandom Creation of SecureRandom instance for session ID generation using [SHA1PRNG] took [174] milliseconds.
05-Jun-2026 10:00:06.835 INFO [main] org.apache.catalina.startup.HostConfig.deployDirectory Deployment of web application directory [D:\evan\yen\hardening_tomcat9\apache-tomcat-9.0.118\webapps\host-manager] has finished in [425] ms
05-Jun-2026 10:00:06.835 INFO [main] org.apache.catalina.startup.HostConfig.deployDirectory Deploying web application directory [D:\evan\yen\hardening_tomcat9\apache-tomcat-9.0.118\webapps\manager]
05-Jun-2026 10:00:06.882 INFO [main] org.apache.jasper.servlet.TldScanner.scanJars At least one JAR was scanned for TLDs yet contained no TLDs. Enable debug logging for this logger for a complete list of JARs that were scanned but no TLDs were found in them. Skipping unneeded JARs during scanning can improve startup time and JSP compilation time.
05-Jun-2026 10:00:06.882 INFO [main] org.apache.catalina.startup.HostConfig.deployDirectory Deployment of web application directory [D:\evan\yen\hardening_tomcat9\apache-tomcat-9.0.118\webapps\manager] has finished in [47] ms
05-Jun-2026 10:00:06.882 INFO [main] org.apache.catalina.startup.HostConfig.deployDirectory Deploying web application directory [D:\evan\yen\hardening_tomcat9\apache-tomcat-9.0.118\webapps\ROOT]
05-Jun-2026 10:00:06.914 INFO [main] org.apache.jasper.servlet.TldScanner.scanJars At least one JAR was scanned for TLDs yet contained no TLDs. Enable debug logging for this logger for a complete list of JARs that were scanned but no TLDs were found in them. Skipping unneeded JARs during scanning can improve startup time and JSP compilation time.
05-Jun-2026 10:00:06.930 INFO [main] org.apache.catalina.startup.HostConfig.deployDirectory Deployment of web application directory [D:\evan\yen\hardening_tomcat9\apache-tomcat-9.0.118\webapps\ROOT] has finished in [48] ms
05-Jun-2026 10:00:06.930 INFO [main] org.apache.coyote.AbstractProtocol.start Starting ProtocolHandler ["http-nio-8080"]
05-Jun-2026 10:00:06.946 INFO [main] org.apache.catalina.startup.Catalina.start Server startup in [585] milliseconds
05-Jun-2026 10:02:52.763 INFO [Thread-2] org.apache.coyote.AbstractProtocol.pause Pausing ProtocolHandler ["http-nio-8080"]
05-Jun-2026 10:02:53.012 INFO [Thread-2] org.apache.catalina.core.StandardService.stopInternal Stopping service [Catalina]
05-Jun-2026 10:02:53.034 INFO [Thread-2] org.apache.coyote.AbstractProtocol.stop Stopping ProtocolHandler ["http-nio-8080"]
05-Jun-2026 10:02:53.050 INFO [Thread-2] org.apache.coyote.AbstractProtocol.destroy Destroying ProtocolHandler ["http-nio-8080"]
05-Jun-2026 13:50:23.404 INFO [main] org.apache.catalina.startup.VersionLoggerListener.log Server version name:   Apache Tomcat/9.0.118
05-Jun-2026 13:50:23.409 INFO [main] org.apache.catalina.startup.VersionLoggerListener.log Server built:          May 1 2026 19:30:30 UTC
05-Jun-2026 13:50:23.409 INFO [main] org.apache.catalina.startup.VersionLoggerListener.log Server version number: 9.0.118.0
05-Jun-2026 13:50:23.409 INFO [main] org.apache.catalina.startup.VersionLoggerListener.log OS Name:               Windows 10
05-Jun-2026 13:50:23.409 INFO [main] org.apache.catalina.startup.VersionLoggerListener.log OS Version:            10.0
05-Jun-2026 13:50:23.409 INFO [main] org.apache.catalina.startup.VersionLoggerListener.log Architecture:          amd64
05-Jun-2026 13:50:23.409 INFO [main] org.apache.catalina.startup.VersionLoggerListener.log Java Home:             C:\Program Files\Java\jdk1.8.0_202\jre
05-Jun-2026 13:50:23.409 INFO [main] org.apache.catalina.startup.VersionLoggerListener.log JVM Version:           1.8.0_202-b08
05-Jun-2026 13:50:23.409 INFO [main] org.apache.catalina.startup.VersionLoggerListener.log JVM Vendor:            Oracle Corporation
05-Jun-2026 13:50:23.409 INFO [main] org.apache.catalina.startup.VersionLoggerListener.log CATALINA_BASE:         D:\evan\yen\hardening_tomcat9\apache-tomcat-9.0.118
05-Jun-2026 13:50:23.409 INFO [main] org.apache.catalina.startup.VersionLoggerListener.log CATALINA_HOME:         D:\evan\yen\hardening_tomcat9\apache-tomcat-9.0.118
05-Jun-2026 13:50:23.412 INFO [main] org.apache.catalina.startup.VersionLoggerListener.log Command line argument: -Djava.util.logging.config.file=D:\evan\yen\hardening_tomcat9\apache-tomcat-9.0.118\conf\logging.properties
05-Jun-2026 13:50:23.412 INFO [main] org.apache.catalina.startup.VersionLoggerListener.log Command line argument: -Djava.util.logging.manager=org.apache.juli.ClassLoaderLogManager
05-Jun-2026 13:50:23.412 INFO [main] org.apache.catalina.startup.VersionLoggerListener.log Command line argument: -Djdk.tls.ephemeralDHKeySize=2048
05-Jun-2026 13:50:23.412 INFO [main] org.apache.catalina.startup.VersionLoggerListener.log Command line argument: -Djava.protocol.handler.pkgs=org.apache.catalina.webresources
05-Jun-2026 13:50:23.413 INFO [main] org.apache.catalina.startup.VersionLoggerListener.log Command line argument: -Dsun.io.useCanonCaches=false
05-Jun-2026 13:50:23.413 INFO [main] org.apache.catalina.startup.VersionLoggerListener.log Command line argument: -Dignore.endorsed.dirs=
05-Jun-2026 13:50:23.413 INFO [main] org.apache.catalina.startup.VersionLoggerListener.log Command line argument: -Dcatalina.base=D:\evan\yen\hardening_tomcat9\apache-tomcat-9.0.118
05-Jun-2026 13:50:23.413 INFO [main] org.apache.catalina.startup.VersionLoggerListener.log Command line argument: -Dcatalina.home=D:\evan\yen\hardening_tomcat9\apache-tomcat-9.0.118
05-Jun-2026 13:50:23.413 INFO [main] org.apache.catalina.startup.VersionLoggerListener.log Command line argument: -Djava.io.tmpdir=D:\evan\yen\hardening_tomcat9\apache-tomcat-9.0.118\temp
05-Jun-2026 13:50:23.480 INFO [main] org.apache.catalina.core.AprLifecycleListener.lifecycleEvent Loaded Apache Tomcat Native library [1.3.7] using APR version [1.7.6].
05-Jun-2026 13:50:23.480 INFO [main] org.apache.catalina.core.AprLifecycleListener.lifecycleEvent APR capabilities: IPv6 [true], sendfile [true], accept filters [false], random [true], UDS [true].
05-Jun-2026 13:50:23.480 INFO [main] org.apache.catalina.core.AprLifecycleListener.lifecycleEvent APR/OpenSSL configuration: useAprConnector [false], useOpenSSL [true]
05-Jun-2026 13:50:23.488 INFO [main] org.apache.catalina.core.AprLifecycleListener.initializeSSL OpenSSL successfully initialized [OpenSSL 3.0.19 27 Jan 2026]
05-Jun-2026 13:50:23.799 INFO [main] org.apache.coyote.AbstractProtocol.init Initializing ProtocolHandler ["http-nio-8080"]
05-Jun-2026 13:50:23.823 INFO [main] org.apache.catalina.startup.Catalina.load Server initialization in [583] milliseconds
05-Jun-2026 13:50:23.863 INFO [main] org.apache.catalina.core.StandardService.startInternal Starting service [Catalina]
05-Jun-2026 13:50:23.863 INFO [main] org.apache.catalina.core.StandardEngine.startInternal Starting Servlet engine: [Apache Tomcat/9.0.118]
05-Jun-2026 13:50:23.880 INFO [main] org.apache.catalina.startup.HostConfig.deployDirectory Deploying web application directory [D:\evan\yen\hardening_tomcat9\apache-tomcat-9.0.118\webapps\host-manager]
05-Jun-2026 13:50:24.085 INFO [main] org.apache.jasper.servlet.TldScanner.scanJars At least one JAR was scanned for TLDs yet contained no TLDs. Enable debug logging for this logger for a complete list of JARs that were scanned but no TLDs were found in them. Skipping unneeded JARs during scanning can improve startup time and JSP compilation time.
05-Jun-2026 13:50:24.328 WARNING [main] org.apache.catalina.util.SessionIdGeneratorBase.createSecureRandom Creation of SecureRandom instance for session ID generation using [SHA1PRNG] took [208] milliseconds.
05-Jun-2026 13:50:24.362 INFO [main] org.apache.catalina.startup.HostConfig.deployDirectory Deployment of web application directory [D:\evan\yen\hardening_tomcat9\apache-tomcat-9.0.118\webapps\host-manager] has finished in [482] ms
05-Jun-2026 13:50:24.362 INFO [main] org.apache.catalina.startup.HostConfig.deployDirectory Deploying web application directory [D:\evan\yen\hardening_tomcat9\apache-tomcat-9.0.118\webapps\manager]
05-Jun-2026 13:50:24.398 INFO [main] org.apache.jasper.servlet.TldScanner.scanJars At least one JAR was scanned for TLDs yet contained no TLDs. Enable debug logging for this logger for a complete list of JARs that were scanned but no TLDs were found in them. Skipping unneeded JARs during scanning can improve startup time and JSP compilation time.
05-Jun-2026 13:50:24.402 INFO [main] org.apache.catalina.startup.HostConfig.deployDirectory Deployment of web application directory [D:\evan\yen\hardening_tomcat9\apache-tomcat-9.0.118\webapps\manager] has finished in [40] ms
05-Jun-2026 13:50:24.402 INFO [main] org.apache.catalina.startup.HostConfig.deployDirectory Deploying web application directory [D:\evan\yen\hardening_tomcat9\apache-tomcat-9.0.118\webapps\ROOT]
05-Jun-2026 13:50:24.439 INFO [main] org.apache.jasper.servlet.TldScanner.scanJars At least one JAR was scanned for TLDs yet contained no TLDs. Enable debug logging for this logger for a complete list of JARs that were scanned but no TLDs were found in them. Skipping unneeded JARs during scanning can improve startup time and JSP compilation time.
05-Jun-2026 13:50:24.454 INFO [main] org.apache.catalina.startup.HostConfig.deployDirectory Deployment of web application directory [D:\evan\yen\hardening_tomcat9\apache-tomcat-9.0.118\webapps\ROOT] has finished in [52] ms
05-Jun-2026 13:50:24.458 INFO [main] org.apache.coyote.AbstractProtocol.start Starting ProtocolHandler ["http-nio-8080"]
05-Jun-2026 13:50:24.483 INFO [main] org.apache.catalina.startup.Catalina.start Server startup in [656] milliseconds
05-Jun-2026 13:52:57.171 INFO [Thread-2] org.apache.coyote.AbstractProtocol.pause Pausing ProtocolHandler ["http-nio-8080"]
05-Jun-2026 13:52:57.493 INFO [Thread-2] org.apache.catalina.core.StandardService.stopInternal Stopping service [Catalina]
05-Jun-2026 13:52:57.517 INFO [Thread-2] org.apache.coyote.AbstractProtocol.stop Stopping ProtocolHandler ["http-nio-8080"]
05-Jun-2026 13:52:57.538 INFO [Thread-2] org.apache.coyote.AbstractProtocol.destroy Destroying ProtocolHandler ["http-nio-8080"]
05-Jun-2026 13:53:11.390 INFO [main] org.apache.catalina.startup.VersionLoggerListener.log Server version name:   Apache Tomcat/9.0.118
05-Jun-2026 13:53:11.398 INFO [main] org.apache.catalina.startup.VersionLoggerListener.log Server built:          May 1 2026 19:30:30 UTC
05-Jun-2026 13:53:11.398 INFO [main] org.apache.catalina.startup.VersionLoggerListener.log Server version number: 9.0.118.0
05-Jun-2026 13:53:11.398 INFO [main] org.apache.catalina.startup.VersionLoggerListener.log OS Name:               Windows 10
05-Jun-2026 13:53:11.398 INFO [main] org.apache.catalina.startup.VersionLoggerListener.log OS Version:            10.0
05-Jun-2026 13:53:11.398 INFO [main] org.apache.catalina.startup.VersionLoggerListener.log Architecture:          amd64
05-Jun-2026 13:53:11.398 INFO [main] org.apache.catalina.startup.VersionLoggerListener.log Java Home:             C:\Program Files\Java\jdk1.8.0_202\jre
05-Jun-2026 13:53:11.398 INFO [main] org.apache.catalina.startup.VersionLoggerListener.log JVM Version:           1.8.0_202-b08
05-Jun-2026 13:53:11.402 INFO [main] org.apache.catalina.startup.VersionLoggerListener.log JVM Vendor:            Oracle Corporation
05-Jun-2026 13:53:11.402 INFO [main] org.apache.catalina.startup.VersionLoggerListener.log CATALINA_BASE:         D:\evan\yen\hardening_tomcat9\apache-tomcat-9.0.118
05-Jun-2026 13:53:11.402 INFO [main] org.apache.catalina.startup.VersionLoggerListener.log CATALINA_HOME:         D:\evan\yen\hardening_tomcat9\apache-tomcat-9.0.118
05-Jun-2026 13:53:11.402 INFO [main] org.apache.catalina.startup.VersionLoggerListener.log Command line argument: -Djava.util.logging.config.file=D:\evan\yen\hardening_tomcat9\apache-tomcat-9.0.118\conf\logging.properties
05-Jun-2026 13:53:11.402 INFO [main] org.apache.catalina.startup.VersionLoggerListener.log Command line argument: -Djava.util.logging.manager=org.apache.juli.ClassLoaderLogManager
05-Jun-2026 13:53:11.402 INFO [main] org.apache.catalina.startup.VersionLoggerListener.log Command line argument: -Djdk.tls.ephemeralDHKeySize=2048
05-Jun-2026 13:53:11.402 INFO [main] org.apache.catalina.startup.VersionLoggerListener.log Command line argument: -Djava.protocol.handler.pkgs=org.apache.catalina.webresources
05-Jun-2026 13:53:11.402 INFO [main] org.apache.catalina.startup.VersionLoggerListener.log Command line argument: -Dsun.io.useCanonCaches=false
05-Jun-2026 13:53:11.402 INFO [main] org.apache.catalina.startup.VersionLoggerListener.log Command line argument: -Dignore.endorsed.dirs=
05-Jun-2026 13:53:11.402 INFO [main] org.apache.catalina.startup.VersionLoggerListener.log Command line argument: -Dcatalina.base=D:\evan\yen\hardening_tomcat9\apache-tomcat-9.0.118
05-Jun-2026 13:53:11.402 INFO [main] org.apache.catalina.startup.VersionLoggerListener.log Command line argument: -Dcatalina.home=D:\evan\yen\hardening_tomcat9\apache-tomcat-9.0.118
05-Jun-2026 13:53:11.402 INFO [main] org.apache.catalina.startup.VersionLoggerListener.log Command line argument: -Djava.io.tmpdir=D:\evan\yen\hardening_tomcat9\apache-tomcat-9.0.118\temp
05-Jun-2026 13:53:11.408 INFO [main] org.apache.catalina.core.AprLifecycleListener.lifecycleEvent Loaded Apache Tomcat Native library [1.3.7] using APR version [1.7.6].
05-Jun-2026 13:53:11.408 INFO [main] org.apache.catalina.core.AprLifecycleListener.lifecycleEvent APR capabilities: IPv6 [true], sendfile [true], accept filters [false], random [true], UDS [true].
05-Jun-2026 13:53:11.409 INFO [main] org.apache.catalina.core.AprLifecycleListener.lifecycleEvent APR/OpenSSL configuration: useAprConnector [false], useOpenSSL [true]
05-Jun-2026 13:53:11.410 INFO [main] org.apache.catalina.core.AprLifecycleListener.initializeSSL OpenSSL successfully initialized [OpenSSL 3.0.19 27 Jan 2026]
05-Jun-2026 13:53:11.688 INFO [main] org.apache.coyote.AbstractProtocol.init Initializing ProtocolHandler ["http-nio-8080"]
05-Jun-2026 13:53:11.710 INFO [main] org.apache.coyote.AbstractProtocol.init Initializing ProtocolHandler ["ajp-nio-0:0:0:0:0:0:0:1-8009"]
05-Jun-2026 13:53:11.710 INFO [main] org.apache.catalina.startup.Catalina.load Server initialization in [490] milliseconds
05-Jun-2026 13:53:11.740 INFO [main] org.apache.catalina.core.StandardService.startInternal Starting service [Catalina]
05-Jun-2026 13:53:11.740 INFO [main] org.apache.catalina.core.StandardEngine.startInternal Starting Servlet engine: [Apache Tomcat/9.0.118]
05-Jun-2026 13:53:11.759 INFO [main] org.apache.catalina.startup.HostConfig.deployDirectory Deploying web application directory [D:\evan\yen\hardening_tomcat9\apache-tomcat-9.0.118\webapps\host-manager]
05-Jun-2026 13:53:11.962 INFO [main] org.apache.jasper.servlet.TldScanner.scanJars At least one JAR was scanned for TLDs yet contained no TLDs. Enable debug logging for this logger for a complete list of JARs that were scanned but no TLDs were found in them. Skipping unneeded JARs during scanning can improve startup time and JSP compilation time.
05-Jun-2026 13:53:12.171 WARNING [main] org.apache.catalina.util.SessionIdGeneratorBase.createSecureRandom Creation of SecureRandom instance for session ID generation using [SHA1PRNG] took [180] milliseconds.
05-Jun-2026 13:53:12.200 INFO [main] org.apache.catalina.startup.HostConfig.deployDirectory Deployment of web application directory [D:\evan\yen\hardening_tomcat9\apache-tomcat-9.0.118\webapps\host-manager] has finished in [441] ms
05-Jun-2026 13:53:12.200 INFO [main] org.apache.catalina.startup.HostConfig.deployDirectory Deploying web application directory [D:\evan\yen\hardening_tomcat9\apache-tomcat-9.0.118\webapps\manager]
05-Jun-2026 13:53:12.238 INFO [main] org.apache.jasper.servlet.TldScanner.scanJars At least one JAR was scanned for TLDs yet contained no TLDs. Enable debug logging for this logger for a complete list of JARs that were scanned but no TLDs were found in them. Skipping unneeded JARs during scanning can improve startup time and JSP compilation time.
05-Jun-2026 13:53:12.238 INFO [main] org.apache.catalina.startup.HostConfig.deployDirectory Deployment of web application directory [D:\evan\yen\hardening_tomcat9\apache-tomcat-9.0.118\webapps\manager] has finished in [38] ms
05-Jun-2026 13:53:12.238 INFO [main] org.apache.catalina.startup.HostConfig.deployDirectory Deploying web application directory [D:\evan\yen\hardening_tomcat9\apache-tomcat-9.0.118\webapps\ROOT]
05-Jun-2026 13:53:12.282 INFO [main] org.apache.jasper.servlet.TldScanner.scanJars At least one JAR was scanned for TLDs yet contained no TLDs. Enable debug logging for this logger for a complete list of JARs that were scanned but no TLDs were found in them. Skipping unneeded JARs during scanning can improve startup time and JSP compilation time.
05-Jun-2026 13:53:12.288 INFO [main] org.apache.catalina.startup.HostConfig.deployDirectory Deployment of web application directory [D:\evan\yen\hardening_tomcat9\apache-tomcat-9.0.118\webapps\ROOT] has finished in [50] ms
05-Jun-2026 13:53:12.290 INFO [main] org.apache.coyote.AbstractProtocol.start Starting ProtocolHandler ["http-nio-8080"]
05-Jun-2026 13:53:12.308 SEVERE [main] org.apache.catalina.util.LifecycleBase.handleSubClassException Failed to start component [Connector["ajp-nio-0:0:0:0:0:0:0:1-8009"]]
	org.apache.catalina.LifecycleException: Protocol handler start failed
		at org.apache.catalina.connector.Connector.startInternal(Connector.java:1115)
		at org.apache.catalina.util.LifecycleBase.start(LifecycleBase.java:164)
		at org.apache.catalina.core.StandardService.startInternal(StandardService.java:423)
		at org.apache.catalina.util.LifecycleBase.start(LifecycleBase.java:164)
		at org.apache.catalina.core.StandardServer.startInternal(StandardServer.java:872)
		at org.apache.catalina.util.LifecycleBase.start(LifecycleBase.java:164)
		at org.apache.catalina.startup.Catalina.start(Catalina.java:736)
		at sun.reflect.NativeMethodAccessorImpl.invoke0(Native Method)
		at sun.reflect.NativeMethodAccessorImpl.invoke(NativeMethodAccessorImpl.java:62)
		at sun.reflect.DelegatingMethodAccessorImpl.invoke(DelegatingMethodAccessorImpl.java:43)
		at java.lang.reflect.Method.invoke(Method.java:498)
		at org.apache.catalina.startup.Bootstrap.start(Bootstrap.java:342)
		at org.apache.catalina.startup.Bootstrap.main(Bootstrap.java:473)
	Caused by: java.lang.IllegalArgumentException: The AJP Connector is configured with secretRequired="true" but the secret attribute is either null or "". This combination is not valid.
		at org.apache.coyote.ajp.AbstractAjpProtocol.start(AbstractAjpProtocol.java:388)
		at org.apache.catalina.connector.Connector.startInternal(Connector.java:1112)
		... 12 more
05-Jun-2026 13:53:12.310 INFO [main] org.apache.catalina.startup.Catalina.start Server startup in [597] milliseconds
05-Jun-2026 13:54:19.079 INFO [Thread-2] org.apache.coyote.AbstractProtocol.pause Pausing ProtocolHandler ["http-nio-8080"]
05-Jun-2026 13:54:19.390 INFO [Thread-2] org.apache.coyote.AbstractProtocol.pause Pausing ProtocolHandler ["ajp-nio-0:0:0:0:0:0:0:1-8009"]
05-Jun-2026 13:54:19.390 INFO [Thread-2] org.apache.catalina.core.StandardService.stopInternal Stopping service [Catalina]
05-Jun-2026 13:54:19.407 INFO [Thread-2] org.apache.coyote.AbstractProtocol.stop Stopping ProtocolHandler ["http-nio-8080"]
05-Jun-2026 13:54:19.421 INFO [Thread-2] org.apache.coyote.AbstractProtocol.destroy Destroying ProtocolHandler ["http-nio-8080"]
05-Jun-2026 13:54:19.421 INFO [Thread-2] org.apache.coyote.AbstractProtocol.stop Stopping ProtocolHandler ["ajp-nio-0:0:0:0:0:0:0:1-8009"]
05-Jun-2026 13:54:19.421 INFO [Thread-2] org.apache.coyote.AbstractProtocol.destroy Destroying ProtocolHandler ["ajp-nio-0:0:0:0:0:0:0:1-8009"]
05-Jun-2026 13:55:15.228 INFO [main] org.apache.catalina.startup.VersionLoggerListener.log Server version name:   Apache Tomcat/9.0.118
05-Jun-2026 13:55:15.229 INFO [main] org.apache.catalina.startup.VersionLoggerListener.log Server built:          May 1 2026 19:30:30 UTC
05-Jun-2026 13:55:15.229 INFO [main] org.apache.catalina.startup.VersionLoggerListener.log Server version number: 9.0.118.0
05-Jun-2026 13:55:15.229 INFO [main] org.apache.catalina.startup.VersionLoggerListener.log OS Name:               Windows 10
05-Jun-2026 13:55:15.229 INFO [main] org.apache.catalina.startup.VersionLoggerListener.log OS Version:            10.0
05-Jun-2026 13:55:15.234 INFO [main] org.apache.catalina.startup.VersionLoggerListener.log Architecture:          amd64
05-Jun-2026 13:55:15.234 INFO [main] org.apache.catalina.startup.VersionLoggerListener.log Java Home:             C:\Program Files\Java\jdk1.8.0_202\jre
05-Jun-2026 13:55:15.234 INFO [main] org.apache.catalina.startup.VersionLoggerListener.log JVM Version:           1.8.0_202-b08
05-Jun-2026 13:55:15.234 INFO [main] org.apache.catalina.startup.VersionLoggerListener.log JVM Vendor:            Oracle Corporation
05-Jun-2026 13:55:15.234 INFO [main] org.apache.catalina.startup.VersionLoggerListener.log CATALINA_BASE:         D:\evan\yen\hardening_tomcat9\apache-tomcat-9.0.118
05-Jun-2026 13:55:15.234 INFO [main] org.apache.catalina.startup.VersionLoggerListener.log CATALINA_HOME:         D:\evan\yen\hardening_tomcat9\apache-tomcat-9.0.118
05-Jun-2026 13:55:15.234 INFO [main] org.apache.catalina.startup.VersionLoggerListener.log Command line argument: -Djava.util.logging.config.file=D:\evan\yen\hardening_tomcat9\apache-tomcat-9.0.118\conf\logging.properties
05-Jun-2026 13:55:15.234 INFO [main] org.apache.catalina.startup.VersionLoggerListener.log Command line argument: -Djava.util.logging.manager=org.apache.juli.ClassLoaderLogManager
05-Jun-2026 13:55:15.234 INFO [main] org.apache.catalina.startup.VersionLoggerListener.log Command line argument: -Djdk.tls.ephemeralDHKeySize=2048
05-Jun-2026 13:55:15.234 INFO [main] org.apache.catalina.startup.VersionLoggerListener.log Command line argument: -Djava.protocol.handler.pkgs=org.apache.catalina.webresources
05-Jun-2026 13:55:15.234 INFO [main] org.apache.catalina.startup.VersionLoggerListener.log Command line argument: -Dsun.io.useCanonCaches=false
05-Jun-2026 13:55:15.234 INFO [main] org.apache.catalina.startup.VersionLoggerListener.log Command line argument: -Dignore.endorsed.dirs=
05-Jun-2026 13:55:15.234 INFO [main] org.apache.catalina.startup.VersionLoggerListener.log Command line argument: -Dcatalina.base=D:\evan\yen\hardening_tomcat9\apache-tomcat-9.0.118
05-Jun-2026 13:55:15.234 INFO [main] org.apache.catalina.startup.VersionLoggerListener.log Command line argument: -Dcatalina.home=D:\evan\yen\hardening_tomcat9\apache-tomcat-9.0.118
05-Jun-2026 13:55:15.234 INFO [main] org.apache.catalina.startup.VersionLoggerListener.log Command line argument: -Djava.io.tmpdir=D:\evan\yen\hardening_tomcat9\apache-tomcat-9.0.118\temp
05-Jun-2026 13:55:15.238 INFO [main] org.apache.catalina.core.AprLifecycleListener.lifecycleEvent Loaded Apache Tomcat Native library [1.3.7] using APR version [1.7.6].
05-Jun-2026 13:55:15.238 INFO [main] org.apache.catalina.core.AprLifecycleListener.lifecycleEvent APR capabilities: IPv6 [true], sendfile [true], accept filters [false], random [true], UDS [true].
05-Jun-2026 13:55:15.238 INFO [main] org.apache.catalina.core.AprLifecycleListener.lifecycleEvent APR/OpenSSL configuration: useAprConnector [false], useOpenSSL [true]
05-Jun-2026 13:55:15.247 INFO [main] org.apache.catalina.core.AprLifecycleListener.initializeSSL OpenSSL successfully initialized [OpenSSL 3.0.19 27 Jan 2026]
05-Jun-2026 13:55:15.518 INFO [main] org.apache.coyote.AbstractProtocol.init Initializing ProtocolHandler ["http-nio-8080"]
05-Jun-2026 13:55:15.543 INFO [main] org.apache.coyote.AbstractProtocol.init Initializing ProtocolHandler ["ajp-nio-127.0.0.1-8009"]
05-Jun-2026 13:55:15.546 INFO [main] org.apache.catalina.startup.Catalina.load Server initialization in [485] milliseconds
05-Jun-2026 13:55:15.578 INFO [main] org.apache.catalina.core.StandardService.startInternal Starting service [Catalina]
05-Jun-2026 13:55:15.578 INFO [main] org.apache.catalina.core.StandardEngine.startInternal Starting Servlet engine: [Apache Tomcat/9.0.118]
05-Jun-2026 13:55:15.588 INFO [main] org.apache.catalina.startup.HostConfig.deployDirectory Deploying web application directory [D:\evan\yen\hardening_tomcat9\apache-tomcat-9.0.118\webapps\host-manager]
05-Jun-2026 13:55:15.789 INFO [main] org.apache.jasper.servlet.TldScanner.scanJars At least one JAR was scanned for TLDs yet contained no TLDs. Enable debug logging for this logger for a complete list of JARs that were scanned but no TLDs were found in them. Skipping unneeded JARs during scanning can improve startup time and JSP compilation time.
05-Jun-2026 13:55:15.988 WARNING [main] org.apache.catalina.util.SessionIdGeneratorBase.createSecureRandom Creation of SecureRandom instance for session ID generation using [SHA1PRNG] took [170] milliseconds.
05-Jun-2026 13:55:16.009 INFO [main] org.apache.catalina.startup.HostConfig.deployDirectory Deployment of web application directory [D:\evan\yen\hardening_tomcat9\apache-tomcat-9.0.118\webapps\host-manager] has finished in [421] ms
05-Jun-2026 13:55:16.009 INFO [main] org.apache.catalina.startup.HostConfig.deployDirectory Deploying web application directory [D:\evan\yen\hardening_tomcat9\apache-tomcat-9.0.118\webapps\manager]
05-Jun-2026 13:55:16.048 INFO [main] org.apache.jasper.servlet.TldScanner.scanJars At least one JAR was scanned for TLDs yet contained no TLDs. Enable debug logging for this logger for a complete list of JARs that were scanned but no TLDs were found in them. Skipping unneeded JARs during scanning can improve startup time and JSP compilation time.
05-Jun-2026 13:55:16.048 INFO [main] org.apache.catalina.startup.HostConfig.deployDirectory Deployment of web application directory [D:\evan\yen\hardening_tomcat9\apache-tomcat-9.0.118\webapps\manager] has finished in [39] ms
05-Jun-2026 13:55:16.048 INFO [main] org.apache.catalina.startup.HostConfig.deployDirectory Deploying web application directory [D:\evan\yen\hardening_tomcat9\apache-tomcat-9.0.118\webapps\ROOT]
05-Jun-2026 13:55:16.094 INFO [main] org.apache.jasper.servlet.TldScanner.scanJars At least one JAR was scanned for TLDs yet contained no TLDs. Enable debug logging for this logger for a complete list of JARs that were scanned but no TLDs were found in them. Skipping unneeded JARs during scanning can improve startup time and JSP compilation time.
05-Jun-2026 13:55:16.098 INFO [main] org.apache.catalina.startup.HostConfig.deployDirectory Deployment of web application directory [D:\evan\yen\hardening_tomcat9\apache-tomcat-9.0.118\webapps\ROOT] has finished in [50] ms
05-Jun-2026 13:55:16.098 INFO [main] org.apache.coyote.AbstractProtocol.start Starting ProtocolHandler ["http-nio-8080"]
05-Jun-2026 13:55:16.118 INFO [main] org.apache.coyote.AbstractProtocol.start Starting ProtocolHandler ["ajp-nio-127.0.0.1-8009"]
05-Jun-2026 13:55:16.118 INFO [main] org.apache.catalina.startup.Catalina.start Server startup in [575] milliseconds
05-Jun-2026 13:56:48.278 INFO [Thread-2] org.apache.coyote.AbstractProtocol.pause Pausing ProtocolHandler ["http-nio-8080"]
05-Jun-2026 13:56:48.598 INFO [Thread-2] org.apache.coyote.AbstractProtocol.pause Pausing ProtocolHandler ["ajp-nio-127.0.0.1-8009"]
05-Jun-2026 13:56:48.599 INFO [Thread-2] org.apache.catalina.core.StandardService.stopInternal Stopping service [Catalina]
05-Jun-2026 13:56:48.615 INFO [Thread-2] org.apache.coyote.AbstractProtocol.stop Stopping ProtocolHandler ["http-nio-8080"]
05-Jun-2026 13:56:48.621 INFO [Thread-2] org.apache.coyote.AbstractProtocol.stop Stopping ProtocolHandler ["ajp-nio-127.0.0.1-8009"]
05-Jun-2026 13:56:48.627 INFO [Thread-2] org.apache.coyote.AbstractProtocol.destroy Destroying ProtocolHandler ["http-nio-8080"]
05-Jun-2026 13:56:48.627 INFO [Thread-2] org.apache.coyote.AbstractProtocol.destroy Destroying ProtocolHandler ["ajp-nio-127.0.0.1-8009"]
05-Jun-2026 13:56:54.309 INFO [main] org.apache.catalina.startup.VersionLoggerListener.log Server version name:   Apache Tomcat/9.0.118
05-Jun-2026 13:56:54.311 INFO [main] org.apache.catalina.startup.VersionLoggerListener.log Server built:          May 1 2026 19:30:30 UTC
05-Jun-2026 13:56:54.311 INFO [main] org.apache.catalina.startup.VersionLoggerListener.log Server version number: 9.0.118.0
05-Jun-2026 13:56:54.311 INFO [main] org.apache.catalina.startup.VersionLoggerListener.log OS Name:               Windows 10
05-Jun-2026 13:56:54.311 INFO [main] org.apache.catalina.startup.VersionLoggerListener.log OS Version:            10.0
05-Jun-2026 13:56:54.311 INFO [main] org.apache.catalina.startup.VersionLoggerListener.log Architecture:          amd64
05-Jun-2026 13:56:54.311 INFO [main] org.apache.catalina.startup.VersionLoggerListener.log Java Home:             C:\Program Files\Java\jdk1.8.0_202\jre
05-Jun-2026 13:56:54.311 INFO [main] org.apache.catalina.startup.VersionLoggerListener.log JVM Version:           1.8.0_202-b08
05-Jun-2026 13:56:54.311 INFO [main] org.apache.catalina.startup.VersionLoggerListener.log JVM Vendor:            Oracle Corporation
05-Jun-2026 13:56:54.311 INFO [main] org.apache.catalina.startup.VersionLoggerListener.log CATALINA_BASE:         D:\evan\yen\hardening_tomcat9\apache-tomcat-9.0.118
05-Jun-2026 13:56:54.311 INFO [main] org.apache.catalina.startup.VersionLoggerListener.log CATALINA_HOME:         D:\evan\yen\hardening_tomcat9\apache-tomcat-9.0.118
05-Jun-2026 13:56:54.311 INFO [main] org.apache.catalina.startup.VersionLoggerListener.log Command line argument: -Djava.util.logging.config.file=D:\evan\yen\hardening_tomcat9\apache-tomcat-9.0.118\conf\logging.properties
05-Jun-2026 13:56:54.311 INFO [main] org.apache.catalina.startup.VersionLoggerListener.log Command line argument: -Djava.util.logging.manager=org.apache.juli.ClassLoaderLogManager
05-Jun-2026 13:56:54.311 INFO [main] org.apache.catalina.startup.VersionLoggerListener.log Command line argument: -Djdk.tls.ephemeralDHKeySize=2048
05-Jun-2026 13:56:54.311 INFO [main] org.apache.catalina.startup.VersionLoggerListener.log Command line argument: -Djava.protocol.handler.pkgs=org.apache.catalina.webresources
05-Jun-2026 13:56:54.311 INFO [main] org.apache.catalina.startup.VersionLoggerListener.log Command line argument: -Dsun.io.useCanonCaches=false
05-Jun-2026 13:56:54.311 INFO [main] org.apache.catalina.startup.VersionLoggerListener.log Command line argument: -Dignore.endorsed.dirs=
05-Jun-2026 13:56:54.311 INFO [main] org.apache.catalina.startup.VersionLoggerListener.log Command line argument: -Dcatalina.base=D:\evan\yen\hardening_tomcat9\apache-tomcat-9.0.118
05-Jun-2026 13:56:54.311 INFO [main] org.apache.catalina.startup.VersionLoggerListener.log Command line argument: -Dcatalina.home=D:\evan\yen\hardening_tomcat9\apache-tomcat-9.0.118
05-Jun-2026 13:56:54.317 INFO [main] org.apache.catalina.startup.VersionLoggerListener.log Command line argument: -Djava.io.tmpdir=D:\evan\yen\hardening_tomcat9\apache-tomcat-9.0.118\temp
05-Jun-2026 13:56:54.322 INFO [main] org.apache.catalina.core.AprLifecycleListener.lifecycleEvent Loaded Apache Tomcat Native library [1.3.7] using APR version [1.7.6].
05-Jun-2026 13:56:54.322 INFO [main] org.apache.catalina.core.AprLifecycleListener.lifecycleEvent APR capabilities: IPv6 [true], sendfile [true], accept filters [false], random [true], UDS [true].
05-Jun-2026 13:56:54.322 INFO [main] org.apache.catalina.core.AprLifecycleListener.lifecycleEvent APR/OpenSSL configuration: useAprConnector [false], useOpenSSL [true]
05-Jun-2026 13:56:54.329 INFO [main] org.apache.catalina.core.AprLifecycleListener.initializeSSL OpenSSL successfully initialized [OpenSSL 3.0.19 27 Jan 2026]
05-Jun-2026 13:56:54.599 INFO [main] org.apache.coyote.AbstractProtocol.init Initializing ProtocolHandler ["http-nio-8080"]
05-Jun-2026 13:56:54.628 INFO [main] org.apache.coyote.AbstractProtocol.init Initializing ProtocolHandler ["ajp-nio-127.0.0.1-8009"]
05-Jun-2026 13:56:54.629 INFO [main] org.apache.catalina.startup.Catalina.load Server initialization in [488] milliseconds
05-Jun-2026 13:56:54.658 INFO [main] org.apache.catalina.core.StandardService.startInternal Starting service [Catalina]
05-Jun-2026 13:56:54.658 INFO [main] org.apache.catalina.core.StandardEngine.startInternal Starting Servlet engine: [Apache Tomcat/9.0.118]
05-Jun-2026 13:56:54.671 INFO [main] org.apache.catalina.startup.HostConfig.deployDirectory Deploying web application directory [D:\evan\yen\hardening_tomcat9\apache-tomcat-9.0.118\webapps\host-manager]
05-Jun-2026 13:56:54.884 INFO [main] org.apache.jasper.servlet.TldScanner.scanJars At least one JAR was scanned for TLDs yet contained no TLDs. Enable debug logging for this logger for a complete list of JARs that were scanned but no TLDs were found in them. Skipping unneeded JARs during scanning can improve startup time and JSP compilation time.
05-Jun-2026 13:56:55.089 WARNING [main] org.apache.catalina.util.SessionIdGeneratorBase.createSecureRandom Creation of SecureRandom instance for session ID generation using [SHA1PRNG] took [181] milliseconds.
05-Jun-2026 13:56:55.108 INFO [main] org.apache.catalina.startup.HostConfig.deployDirectory Deployment of web application directory [D:\evan\yen\hardening_tomcat9\apache-tomcat-9.0.118\webapps\host-manager] has finished in [437] ms
05-Jun-2026 13:56:55.108 INFO [main] org.apache.catalina.startup.HostConfig.deployDirectory Deploying web application directory [D:\evan\yen\hardening_tomcat9\apache-tomcat-9.0.118\webapps\manager]
05-Jun-2026 13:56:55.150 INFO [main] org.apache.jasper.servlet.TldScanner.scanJars At least one JAR was scanned for TLDs yet contained no TLDs. Enable debug logging for this logger for a complete list of JARs that were scanned but no TLDs were found in them. Skipping unneeded JARs during scanning can improve startup time and JSP compilation time.
05-Jun-2026 13:56:55.161 INFO [main] org.apache.catalina.startup.HostConfig.deployDirectory Deployment of web application directory [D:\evan\yen\hardening_tomcat9\apache-tomcat-9.0.118\webapps\manager] has finished in [52] ms
05-Jun-2026 13:56:55.161 INFO [main] org.apache.catalina.startup.HostConfig.deployDirectory Deploying web application directory [D:\evan\yen\hardening_tomcat9\apache-tomcat-9.0.118\webapps\ROOT]
05-Jun-2026 13:56:55.188 INFO [main] org.apache.jasper.servlet.TldScanner.scanJars At least one JAR was scanned for TLDs yet contained no TLDs. Enable debug logging for this logger for a complete list of JARs that were scanned but no TLDs were found in them. Skipping unneeded JARs during scanning can improve startup time and JSP compilation time.
05-Jun-2026 13:56:55.202 INFO [main] org.apache.catalina.startup.HostConfig.deployDirectory Deployment of web application directory [D:\evan\yen\hardening_tomcat9\apache-tomcat-9.0.118\webapps\ROOT] has finished in [41] ms
05-Jun-2026 13:56:55.202 INFO [main] org.apache.coyote.AbstractProtocol.start Starting ProtocolHandler ["http-nio-8080"]
05-Jun-2026 13:56:55.220 INFO [main] org.apache.coyote.AbstractProtocol.start Starting ProtocolHandler ["ajp-nio-127.0.0.1-8009"]
05-Jun-2026 13:56:55.220 INFO [main] org.apache.catalina.startup.Catalina.start Server startup in [596] milliseconds
05-Jun-2026 14:05:16.502 INFO [Thread-2] org.apache.coyote.AbstractProtocol.pause Pausing ProtocolHandler ["http-nio-8080"]
05-Jun-2026 14:05:16.828 INFO [Thread-2] org.apache.coyote.AbstractProtocol.pause Pausing ProtocolHandler ["ajp-nio-127.0.0.1-8009"]
05-Jun-2026 14:05:16.830 INFO [Thread-2] org.apache.catalina.core.StandardService.stopInternal Stopping service [Catalina]
05-Jun-2026 14:05:16.848 INFO [Thread-2] org.apache.coyote.AbstractProtocol.stop Stopping ProtocolHandler ["http-nio-8080"]
05-Jun-2026 14:05:16.862 INFO [Thread-2] org.apache.coyote.AbstractProtocol.stop Stopping ProtocolHandler ["ajp-nio-127.0.0.1-8009"]
05-Jun-2026 14:05:16.883 INFO [Thread-2] org.apache.coyote.AbstractProtocol.destroy Destroying ProtocolHandler ["http-nio-8080"]
05-Jun-2026 14:05:16.883 INFO [Thread-2] org.apache.coyote.AbstractProtocol.destroy Destroying ProtocolHandler ["ajp-nio-127.0.0.1-8009"]
05-Jun-2026 14:07:35.970 INFO [main] org.apache.catalina.startup.VersionLoggerListener.log Server version name:   Apache Tomcat/9.0.118
05-Jun-2026 14:07:35.970 INFO [main] org.apache.catalina.startup.VersionLoggerListener.log Server built:          May 1 2026 19:30:30 UTC
05-Jun-2026 14:07:35.977 INFO [main] org.apache.catalina.startup.VersionLoggerListener.log Server version number: 9.0.118.0
05-Jun-2026 14:07:35.978 INFO [main] org.apache.catalina.startup.VersionLoggerListener.log OS Name:               Windows 10
05-Jun-2026 14:07:35.978 INFO [main] org.apache.catalina.startup.VersionLoggerListener.log OS Version:            10.0
05-Jun-2026 14:07:35.978 INFO [main] org.apache.catalina.startup.VersionLoggerListener.log Architecture:          amd64
05-Jun-2026 14:07:35.978 INFO [main] org.apache.catalina.startup.VersionLoggerListener.log Java Home:             C:\Program Files\Java\jdk1.8.0_202\jre
05-Jun-2026 14:07:35.978 INFO [main] org.apache.catalina.startup.VersionLoggerListener.log JVM Version:           1.8.0_202-b08
05-Jun-2026 14:07:35.978 INFO [main] org.apache.catalina.startup.VersionLoggerListener.log JVM Vendor:            Oracle Corporation
05-Jun-2026 14:07:35.978 INFO [main] org.apache.catalina.startup.VersionLoggerListener.log CATALINA_BASE:         D:\evan\yen\hardening_tomcat9\apache-tomcat-9.0.118
05-Jun-2026 14:07:35.978 INFO [main] org.apache.catalina.startup.VersionLoggerListener.log CATALINA_HOME:         D:\evan\yen\hardening_tomcat9\apache-tomcat-9.0.118
05-Jun-2026 14:07:35.978 INFO [main] org.apache.catalina.startup.VersionLoggerListener.log Command line argument: -Djava.util.logging.config.file=D:\evan\yen\hardening_tomcat9\apache-tomcat-9.0.118\conf\logging.properties
05-Jun-2026 14:07:35.978 INFO [main] org.apache.catalina.startup.VersionLoggerListener.log Command line argument: -Djava.util.logging.manager=org.apache.juli.ClassLoaderLogManager
05-Jun-2026 14:07:35.978 INFO [main] org.apache.catalina.startup.VersionLoggerListener.log Command line argument: -Djdk.tls.ephemeralDHKeySize=2048
05-Jun-2026 14:07:35.978 INFO [main] org.apache.catalina.startup.VersionLoggerListener.log Command line argument: -Djava.protocol.handler.pkgs=org.apache.catalina.webresources
05-Jun-2026 14:07:35.978 INFO [main] org.apache.catalina.startup.VersionLoggerListener.log Command line argument: -Dsun.io.useCanonCaches=false
05-Jun-2026 14:07:35.978 INFO [main] org.apache.catalina.startup.VersionLoggerListener.log Command line argument: -Dignore.endorsed.dirs=
05-Jun-2026 14:07:35.978 INFO [main] org.apache.catalina.startup.VersionLoggerListener.log Command line argument: -Dcatalina.base=D:\evan\yen\hardening_tomcat9\apache-tomcat-9.0.118
05-Jun-2026 14:07:35.978 INFO [main] org.apache.catalina.startup.VersionLoggerListener.log Command line argument: -Dcatalina.home=D:\evan\yen\hardening_tomcat9\apache-tomcat-9.0.118
05-Jun-2026 14:07:35.978 INFO [main] org.apache.catalina.startup.VersionLoggerListener.log Command line argument: -Djava.io.tmpdir=D:\evan\yen\hardening_tomcat9\apache-tomcat-9.0.118\temp
05-Jun-2026 14:07:35.985 INFO [main] org.apache.catalina.core.AprLifecycleListener.lifecycleEvent Loaded Apache Tomcat Native library [1.3.7] using APR version [1.7.6].
05-Jun-2026 14:07:35.990 INFO [main] org.apache.catalina.core.AprLifecycleListener.lifecycleEvent APR capabilities: IPv6 [true], sendfile [true], accept filters [false], random [true], UDS [true].
05-Jun-2026 14:07:35.990 INFO [main] org.apache.catalina.core.AprLifecycleListener.lifecycleEvent APR/OpenSSL configuration: useAprConnector [false], useOpenSSL [true]
05-Jun-2026 14:07:35.998 INFO [main] org.apache.catalina.core.AprLifecycleListener.initializeSSL OpenSSL successfully initialized [OpenSSL 3.0.19 27 Jan 2026]
05-Jun-2026 14:07:36.298 INFO [main] org.apache.coyote.AbstractProtocol.init Initializing ProtocolHandler ["http-nio-8080"]
05-Jun-2026 14:07:36.323 INFO [main] org.apache.coyote.AbstractProtocol.init Initializing ProtocolHandler ["ajp-nio-127.0.0.1-8009"]
05-Jun-2026 14:07:36.323 INFO [main] org.apache.catalina.startup.Catalina.load Server initialization in [538] milliseconds
05-Jun-2026 14:07:36.358 INFO [main] org.apache.catalina.core.StandardService.startInternal Starting service [Catalina]
05-Jun-2026 14:07:36.358 INFO [main] org.apache.catalina.core.StandardEngine.startInternal Starting Servlet engine: [Apache Tomcat/9.0.118]
05-Jun-2026 14:07:36.371 INFO [main] org.apache.catalina.startup.HostConfig.deployDirectory Deploying web application directory [D:\evan\yen\hardening_tomcat9\apache-tomcat-9.0.118\webapps\host-manager]
05-Jun-2026 14:07:36.589 INFO [main] org.apache.jasper.servlet.TldScanner.scanJars At least one JAR was scanned for TLDs yet contained no TLDs. Enable debug logging for this logger for a complete list of JARs that were scanned but no TLDs were found in them. Skipping unneeded JARs during scanning can improve startup time and JSP compilation time.
05-Jun-2026 14:07:36.799 WARNING [main] org.apache.catalina.util.SessionIdGeneratorBase.createSecureRandom Creation of SecureRandom instance for session ID generation using [SHA1PRNG] took [180] milliseconds.
05-Jun-2026 14:07:36.821 INFO [main] org.apache.catalina.startup.HostConfig.deployDirectory Deployment of web application directory [D:\evan\yen\hardening_tomcat9\apache-tomcat-9.0.118\webapps\host-manager] has finished in [450] ms
05-Jun-2026 14:07:36.827 INFO [main] org.apache.catalina.startup.HostConfig.deployDirectory Deploying web application directory [D:\evan\yen\hardening_tomcat9\apache-tomcat-9.0.118\webapps\manager]
05-Jun-2026 14:07:36.859 INFO [main] org.apache.jasper.servlet.TldScanner.scanJars At least one JAR was scanned for TLDs yet contained no TLDs. Enable debug logging for this logger for a complete list of JARs that were scanned but no TLDs were found in them. Skipping unneeded JARs during scanning can improve startup time and JSP compilation time.
05-Jun-2026 14:07:36.871 INFO [main] org.apache.catalina.startup.HostConfig.deployDirectory Deployment of web application directory [D:\evan\yen\hardening_tomcat9\apache-tomcat-9.0.118\webapps\manager] has finished in [44] ms
05-Jun-2026 14:07:36.871 INFO [main] org.apache.catalina.startup.HostConfig.deployDirectory Deploying web application directory [D:\evan\yen\hardening_tomcat9\apache-tomcat-9.0.118\webapps\ROOT]
05-Jun-2026 14:07:36.909 INFO [main] org.apache.jasper.servlet.TldScanner.scanJars At least one JAR was scanned for TLDs yet contained no TLDs. Enable debug logging for this logger for a complete list of JARs that were scanned but no TLDs were found in them. Skipping unneeded JARs during scanning can improve startup time and JSP compilation time.
05-Jun-2026 14:07:36.920 INFO [main] org.apache.catalina.startup.HostConfig.deployDirectory Deployment of web application directory [D:\evan\yen\hardening_tomcat9\apache-tomcat-9.0.118\webapps\ROOT] has finished in [49] ms
05-Jun-2026 14:07:36.927 INFO [main] org.apache.coyote.AbstractProtocol.start Starting ProtocolHandler ["http-nio-8080"]
05-Jun-2026 14:07:36.938 INFO [main] org.apache.coyote.AbstractProtocol.start Starting ProtocolHandler ["ajp-nio-127.0.0.1-8009"]
05-Jun-2026 14:07:36.948 INFO [main] org.apache.catalina.startup.Catalina.start Server startup in [621] milliseconds
05-Jun-2026 14:09:20.128 INFO [Thread-2] org.apache.coyote.AbstractProtocol.pause Pausing ProtocolHandler ["http-nio-8080"]
05-Jun-2026 14:09:20.459 INFO [Thread-2] org.apache.coyote.AbstractProtocol.pause Pausing ProtocolHandler ["ajp-nio-127.0.0.1-8009"]
05-Jun-2026 14:09:20.462 INFO [Thread-2] org.apache.catalina.core.StandardService.stopInternal Stopping service [Catalina]
05-Jun-2026 14:09:20.479 INFO [Thread-2] org.apache.coyote.AbstractProtocol.stop Stopping ProtocolHandler ["http-nio-8080"]
05-Jun-2026 14:09:20.489 INFO [Thread-2] org.apache.coyote.AbstractProtocol.stop Stopping ProtocolHandler ["ajp-nio-127.0.0.1-8009"]
05-Jun-2026 14:09:20.508 INFO [Thread-2] org.apache.coyote.AbstractProtocol.destroy Destroying ProtocolHandler ["http-nio-8080"]
05-Jun-2026 14:09:20.508 INFO [Thread-2] org.apache.coyote.AbstractProtocol.destroy Destroying ProtocolHandler ["ajp-nio-127.0.0.1-8009"]
05-Jun-2026 14:09:36.060 INFO [main] org.apache.catalina.startup.VersionLoggerListener.log Server version name:   Apache Tomcat/9.0.118
05-Jun-2026 14:09:36.060 INFO [main] org.apache.catalina.startup.VersionLoggerListener.log Server built:          May 1 2026 19:30:30 UTC
05-Jun-2026 14:09:36.060 INFO [main] org.apache.catalina.startup.VersionLoggerListener.log Server version number: 9.0.118.0
05-Jun-2026 14:09:36.067 INFO [main] org.apache.catalina.startup.VersionLoggerListener.log OS Name:               Windows 10
05-Jun-2026 14:09:36.068 INFO [main] org.apache.catalina.startup.VersionLoggerListener.log OS Version:            10.0
05-Jun-2026 14:09:36.068 INFO [main] org.apache.catalina.startup.VersionLoggerListener.log Architecture:          amd64
05-Jun-2026 14:09:36.068 INFO [main] org.apache.catalina.startup.VersionLoggerListener.log Java Home:             C:\Program Files\Java\jdk1.8.0_202\jre
05-Jun-2026 14:09:36.068 INFO [main] org.apache.catalina.startup.VersionLoggerListener.log JVM Version:           1.8.0_202-b08
05-Jun-2026 14:09:36.068 INFO [main] org.apache.catalina.startup.VersionLoggerListener.log JVM Vendor:            Oracle Corporation
05-Jun-2026 14:09:36.068 INFO [main] org.apache.catalina.startup.VersionLoggerListener.log CATALINA_BASE:         D:\evan\yen\hardening_tomcat9\apache-tomcat-9.0.118
05-Jun-2026 14:09:36.068 INFO [main] org.apache.catalina.startup.VersionLoggerListener.log CATALINA_HOME:         D:\evan\yen\hardening_tomcat9\apache-tomcat-9.0.118
05-Jun-2026 14:09:36.069 INFO [main] org.apache.catalina.startup.VersionLoggerListener.log Command line argument: -Djava.util.logging.config.file=D:\evan\yen\hardening_tomcat9\apache-tomcat-9.0.118\conf\logging.properties
05-Jun-2026 14:09:36.069 INFO [main] org.apache.catalina.startup.VersionLoggerListener.log Command line argument: -Djava.util.logging.manager=org.apache.juli.ClassLoaderLogManager
05-Jun-2026 14:09:36.069 INFO [main] org.apache.catalina.startup.VersionLoggerListener.log Command line argument: -Djdk.tls.ephemeralDHKeySize=2048
05-Jun-2026 14:09:36.069 INFO [main] org.apache.catalina.startup.VersionLoggerListener.log Command line argument: -Djava.protocol.handler.pkgs=org.apache.catalina.webresources
05-Jun-2026 14:09:36.069 INFO [main] org.apache.catalina.startup.VersionLoggerListener.log Command line argument: -Dsun.io.useCanonCaches=false
05-Jun-2026 14:09:36.069 INFO [main] org.apache.catalina.startup.VersionLoggerListener.log Command line argument: -Dignore.endorsed.dirs=
05-Jun-2026 14:09:36.069 INFO [main] org.apache.catalina.startup.VersionLoggerListener.log Command line argument: -Dcatalina.base=D:\evan\yen\hardening_tomcat9\apache-tomcat-9.0.118
05-Jun-2026 14:09:36.069 INFO [main] org.apache.catalina.startup.VersionLoggerListener.log Command line argument: -Dcatalina.home=D:\evan\yen\hardening_tomcat9\apache-tomcat-9.0.118
05-Jun-2026 14:09:36.069 INFO [main] org.apache.catalina.startup.VersionLoggerListener.log Command line argument: -Djava.io.tmpdir=D:\evan\yen\hardening_tomcat9\apache-tomcat-9.0.118\temp
05-Jun-2026 14:09:36.069 INFO [main] org.apache.catalina.core.AprLifecycleListener.lifecycleEvent Loaded Apache Tomcat Native library [1.3.7] using APR version [1.7.6].
05-Jun-2026 14:09:36.075 INFO [main] org.apache.catalina.core.AprLifecycleListener.lifecycleEvent APR capabilities: IPv6 [true], sendfile [true], accept filters [false], random [true], UDS [true].
05-Jun-2026 14:09:36.075 INFO [main] org.apache.catalina.core.AprLifecycleListener.lifecycleEvent APR/OpenSSL configuration: useAprConnector [false], useOpenSSL [true]
05-Jun-2026 14:09:36.080 INFO [main] org.apache.catalina.core.AprLifecycleListener.initializeSSL OpenSSL successfully initialized [OpenSSL 3.0.19 27 Jan 2026]
05-Jun-2026 14:09:36.378 INFO [main] org.apache.coyote.AbstractProtocol.init Initializing ProtocolHandler ["http-nio-8080"]
05-Jun-2026 14:09:36.410 INFO [main] org.apache.catalina.startup.Catalina.load Server initialization in [529] milliseconds
05-Jun-2026 14:09:36.443 INFO [main] org.apache.catalina.core.StandardService.startInternal Starting service [Catalina]
05-Jun-2026 14:09:36.443 INFO [main] org.apache.catalina.core.StandardEngine.startInternal Starting Servlet engine: [Apache Tomcat/9.0.118]
05-Jun-2026 14:09:36.457 INFO [main] org.apache.catalina.startup.HostConfig.deployDirectory Deploying web application directory [D:\evan\yen\hardening_tomcat9\apache-tomcat-9.0.118\webapps\host-manager]
05-Jun-2026 14:09:36.678 INFO [main] org.apache.jasper.servlet.TldScanner.scanJars At least one JAR was scanned for TLDs yet contained no TLDs. Enable debug logging for this logger for a complete list of JARs that were scanned but no TLDs were found in them. Skipping unneeded JARs during scanning can improve startup time and JSP compilation time.
05-Jun-2026 14:09:36.878 WARNING [main] org.apache.catalina.util.SessionIdGeneratorBase.createSecureRandom Creation of SecureRandom instance for session ID generation using [SHA1PRNG] took [176] milliseconds.
05-Jun-2026 14:09:36.910 INFO [main] org.apache.catalina.startup.HostConfig.deployDirectory Deployment of web application directory [D:\evan\yen\hardening_tomcat9\apache-tomcat-9.0.118\webapps\host-manager] has finished in [453] ms
05-Jun-2026 14:09:36.910 INFO [main] org.apache.catalina.startup.HostConfig.deployDirectory Deploying web application directory [D:\evan\yen\hardening_tomcat9\apache-tomcat-9.0.118\webapps\manager]
05-Jun-2026 14:09:36.951 INFO [main] org.apache.jasper.servlet.TldScanner.scanJars At least one JAR was scanned for TLDs yet contained no TLDs. Enable debug logging for this logger for a complete list of JARs that were scanned but no TLDs were found in them. Skipping unneeded JARs during scanning can improve startup time and JSP compilation time.
05-Jun-2026 14:09:36.959 INFO [main] org.apache.catalina.startup.HostConfig.deployDirectory Deployment of web application directory [D:\evan\yen\hardening_tomcat9\apache-tomcat-9.0.118\webapps\manager] has finished in [49] ms
05-Jun-2026 14:09:36.959 INFO [main] org.apache.catalina.startup.HostConfig.deployDirectory Deploying web application directory [D:\evan\yen\hardening_tomcat9\apache-tomcat-9.0.118\webapps\ROOT]
05-Jun-2026 14:09:36.998 INFO [main] org.apache.jasper.servlet.TldScanner.scanJars At least one JAR was scanned for TLDs yet contained no TLDs. Enable debug logging for this logger for a complete list of JARs that were scanned but no TLDs were found in them. Skipping unneeded JARs during scanning can improve startup time and JSP compilation time.
05-Jun-2026 14:09:37.008 INFO [main] org.apache.catalina.startup.HostConfig.deployDirectory Deployment of web application directory [D:\evan\yen\hardening_tomcat9\apache-tomcat-9.0.118\webapps\ROOT] has finished in [49] ms
05-Jun-2026 14:09:37.010 INFO [main] org.apache.coyote.AbstractProtocol.start Starting ProtocolHandler ["http-nio-8080"]
05-Jun-2026 14:09:37.028 INFO [main] org.apache.catalina.startup.Catalina.start Server startup in [617] milliseconds
05-Jun-2026 14:10:15.038 INFO [Thread-2] org.apache.coyote.AbstractProtocol.pause Pausing ProtocolHandler ["http-nio-8080"]
05-Jun-2026 14:10:15.356 INFO [Thread-2] org.apache.catalina.core.StandardService.stopInternal Stopping service [Catalina]
05-Jun-2026 14:10:15.369 INFO [Thread-2] org.apache.coyote.AbstractProtocol.stop Stopping ProtocolHandler ["http-nio-8080"]
05-Jun-2026 14:10:15.381 INFO [Thread-2] org.apache.coyote.AbstractProtocol.destroy Destroying ProtocolHandler ["http-nio-8080"]
05-Jun-2026 14:10:22.267 INFO [main] org.apache.catalina.startup.VersionLoggerListener.log Server version name:   Apache Tomcat/9.0.118
05-Jun-2026 14:10:22.268 INFO [main] org.apache.catalina.startup.VersionLoggerListener.log Server built:          May 1 2026 19:30:30 UTC
05-Jun-2026 14:10:22.272 INFO [main] org.apache.catalina.startup.VersionLoggerListener.log Server version number: 9.0.118.0
05-Jun-2026 14:10:22.273 INFO [main] org.apache.catalina.startup.VersionLoggerListener.log OS Name:               Windows 10
05-Jun-2026 14:10:22.273 INFO [main] org.apache.catalina.startup.VersionLoggerListener.log OS Version:            10.0
05-Jun-2026 14:10:22.273 INFO [main] org.apache.catalina.startup.VersionLoggerListener.log Architecture:          amd64
05-Jun-2026 14:10:22.273 INFO [main] org.apache.catalina.startup.VersionLoggerListener.log Java Home:             C:\Program Files\Java\jdk1.8.0_202\jre
05-Jun-2026 14:10:22.273 INFO [main] org.apache.catalina.startup.VersionLoggerListener.log JVM Version:           1.8.0_202-b08
05-Jun-2026 14:10:22.273 INFO [main] org.apache.catalina.startup.VersionLoggerListener.log JVM Vendor:            Oracle Corporation
05-Jun-2026 14:10:22.274 INFO [main] org.apache.catalina.startup.VersionLoggerListener.log CATALINA_BASE:         D:\evan\yen\hardening_tomcat9\apache-tomcat-9.0.118
05-Jun-2026 14:10:22.274 INFO [main] org.apache.catalina.startup.VersionLoggerListener.log CATALINA_HOME:         D:\evan\yen\hardening_tomcat9\apache-tomcat-9.0.118
05-Jun-2026 14:10:22.275 INFO [main] org.apache.catalina.startup.VersionLoggerListener.log Command line argument: -Djava.util.logging.config.file=D:\evan\yen\hardening_tomcat9\apache-tomcat-9.0.118\conf\logging.properties
05-Jun-2026 14:10:22.275 INFO [main] org.apache.catalina.startup.VersionLoggerListener.log Command line argument: -Djava.util.logging.manager=org.apache.juli.ClassLoaderLogManager
05-Jun-2026 14:10:22.275 INFO [main] org.apache.catalina.startup.VersionLoggerListener.log Command line argument: -Djdk.tls.ephemeralDHKeySize=2048
05-Jun-2026 14:10:22.275 INFO [main] org.apache.catalina.startup.VersionLoggerListener.log Command line argument: -Djava.protocol.handler.pkgs=org.apache.catalina.webresources
05-Jun-2026 14:10:22.275 INFO [main] org.apache.catalina.startup.VersionLoggerListener.log Command line argument: -Dsun.io.useCanonCaches=false
05-Jun-2026 14:10:22.275 INFO [main] org.apache.catalina.startup.VersionLoggerListener.log Command line argument: -Dignore.endorsed.dirs=
05-Jun-2026 14:10:22.275 INFO [main] org.apache.catalina.startup.VersionLoggerListener.log Command line argument: -Dcatalina.base=D:\evan\yen\hardening_tomcat9\apache-tomcat-9.0.118
05-Jun-2026 14:10:22.275 INFO [main] org.apache.catalina.startup.VersionLoggerListener.log Command line argument: -Dcatalina.home=D:\evan\yen\hardening_tomcat9\apache-tomcat-9.0.118
05-Jun-2026 14:10:22.277 INFO [main] org.apache.catalina.startup.VersionLoggerListener.log Command line argument: -Djava.io.tmpdir=D:\evan\yen\hardening_tomcat9\apache-tomcat-9.0.118\temp
05-Jun-2026 14:10:22.279 INFO [main] org.apache.catalina.core.AprLifecycleListener.lifecycleEvent Loaded Apache Tomcat Native library [1.3.7] using APR version [1.7.6].
05-Jun-2026 14:10:22.279 INFO [main] org.apache.catalina.core.AprLifecycleListener.lifecycleEvent APR capabilities: IPv6 [true], sendfile [true], accept filters [false], random [true], UDS [true].
05-Jun-2026 14:10:22.279 INFO [main] org.apache.catalina.core.AprLifecycleListener.lifecycleEvent APR/OpenSSL configuration: useAprConnector [false], useOpenSSL [true]
05-Jun-2026 14:10:22.291 INFO [main] org.apache.catalina.core.AprLifecycleListener.initializeSSL OpenSSL successfully initialized [OpenSSL 3.0.19 27 Jan 2026]
05-Jun-2026 14:10:22.610 INFO [main] org.apache.coyote.AbstractProtocol.init Initializing ProtocolHandler ["http-nio-8080"]
05-Jun-2026 14:10:22.637 INFO [main] org.apache.catalina.startup.Catalina.load Server initialization in [554] milliseconds
05-Jun-2026 14:10:22.669 INFO [main] org.apache.catalina.core.StandardService.startInternal Starting service [Catalina]
05-Jun-2026 14:10:22.673 INFO [main] org.apache.catalina.core.StandardEngine.startInternal Starting Servlet engine: [Apache Tomcat/9.0.118]
05-Jun-2026 14:10:22.687 INFO [main] org.apache.catalina.startup.HostConfig.deployDirectory Deploying web application directory [D:\evan\yen\hardening_tomcat9\apache-tomcat-9.0.118\webapps\host-manager]
05-Jun-2026 14:10:22.905 INFO [main] org.apache.jasper.servlet.TldScanner.scanJars At least one JAR was scanned for TLDs yet contained no TLDs. Enable debug logging for this logger for a complete list of JARs that were scanned but no TLDs were found in them. Skipping unneeded JARs during scanning can improve startup time and JSP compilation time.
05-Jun-2026 14:10:23.120 WARNING [main] org.apache.catalina.util.SessionIdGeneratorBase.createSecureRandom Creation of SecureRandom instance for session ID generation using [SHA1PRNG] took [192] milliseconds.
05-Jun-2026 14:10:23.147 INFO [main] org.apache.catalina.startup.HostConfig.deployDirectory Deployment of web application directory [D:\evan\yen\hardening_tomcat9\apache-tomcat-9.0.118\webapps\host-manager] has finished in [460] ms
05-Jun-2026 14:10:23.148 INFO [main] org.apache.catalina.startup.HostConfig.deployDirectory Deploying web application directory [D:\evan\yen\hardening_tomcat9\apache-tomcat-9.0.118\webapps\manager]
05-Jun-2026 14:10:23.179 INFO [main] org.apache.jasper.servlet.TldScanner.scanJars At least one JAR was scanned for TLDs yet contained no TLDs. Enable debug logging for this logger for a complete list of JARs that were scanned but no TLDs were found in them. Skipping unneeded JARs during scanning can improve startup time and JSP compilation time.
05-Jun-2026 14:10:23.192 INFO [main] org.apache.catalina.startup.HostConfig.deployDirectory Deployment of web application directory [D:\evan\yen\hardening_tomcat9\apache-tomcat-9.0.118\webapps\manager] has finished in [44] ms
05-Jun-2026 14:10:23.192 INFO [main] org.apache.catalina.startup.HostConfig.deployDirectory Deploying web application directory [D:\evan\yen\hardening_tomcat9\apache-tomcat-9.0.118\webapps\ROOT]
05-Jun-2026 14:10:23.232 INFO [main] org.apache.jasper.servlet.TldScanner.scanJars At least one JAR was scanned for TLDs yet contained no TLDs. Enable debug logging for this logger for a complete list of JARs that were scanned but no TLDs were found in them. Skipping unneeded JARs during scanning can improve startup time and JSP compilation time.
05-Jun-2026 14:10:23.241 INFO [main] org.apache.catalina.startup.HostConfig.deployDirectory Deployment of web application directory [D:\evan\yen\hardening_tomcat9\apache-tomcat-9.0.118\webapps\ROOT] has finished in [49] ms
05-Jun-2026 14:10:23.241 INFO [main] org.apache.coyote.AbstractProtocol.start Starting ProtocolHandler ["http-nio-8080"]
05-Jun-2026 14:10:23.259 INFO [main] org.apache.catalina.startup.Catalina.start Server startup in [624] milliseconds
05-Jun-2026 14:10:49.547 INFO [Thread-2] org.apache.coyote.AbstractProtocol.pause Pausing ProtocolHandler ["http-nio-8080"]
05-Jun-2026 14:10:49.869 INFO [Thread-2] org.apache.catalina.core.StandardService.stopInternal Stopping service [Catalina]
05-Jun-2026 14:10:49.890 INFO [Thread-2] org.apache.coyote.AbstractProtocol.stop Stopping ProtocolHandler ["http-nio-8080"]
05-Jun-2026 14:10:49.907 INFO [Thread-2] org.apache.coyote.AbstractProtocol.destroy Destroying ProtocolHandler ["http-nio-8080"]
05-Jun-2026 14:11:02.318 INFO [main] org.apache.catalina.startup.VersionLoggerListener.log Server version name:   Apache Tomcat/9.0.118
05-Jun-2026 14:11:02.328 INFO [main] org.apache.catalina.startup.VersionLoggerListener.log Server built:          May 1 2026 19:30:30 UTC
05-Jun-2026 14:11:02.329 INFO [main] org.apache.catalina.startup.VersionLoggerListener.log Server version number: 9.0.118.0
05-Jun-2026 14:11:02.329 INFO [main] org.apache.catalina.startup.VersionLoggerListener.log OS Name:               Windows 10
05-Jun-2026 14:11:02.329 INFO [main] org.apache.catalina.startup.VersionLoggerListener.log OS Version:            10.0
05-Jun-2026 14:11:02.329 INFO [main] org.apache.catalina.startup.VersionLoggerListener.log Architecture:          amd64
05-Jun-2026 14:11:02.329 INFO [main] org.apache.catalina.startup.VersionLoggerListener.log Java Home:             C:\Program Files\Java\jdk1.8.0_202\jre
05-Jun-2026 14:11:02.329 INFO [main] org.apache.catalina.startup.VersionLoggerListener.log JVM Version:           1.8.0_202-b08
05-Jun-2026 14:11:02.329 INFO [main] org.apache.catalina.startup.VersionLoggerListener.log JVM Vendor:            Oracle Corporation
05-Jun-2026 14:11:02.329 INFO [main] org.apache.catalina.startup.VersionLoggerListener.log CATALINA_BASE:         D:\evan\yen\hardening_tomcat9\apache-tomcat-9.0.118
05-Jun-2026 14:11:02.329 INFO [main] org.apache.catalina.startup.VersionLoggerListener.log CATALINA_HOME:         D:\evan\yen\hardening_tomcat9\apache-tomcat-9.0.118
05-Jun-2026 14:11:02.329 INFO [main] org.apache.catalina.startup.VersionLoggerListener.log Command line argument: -Djava.util.logging.config.file=D:\evan\yen\hardening_tomcat9\apache-tomcat-9.0.118\conf\logging.properties
05-Jun-2026 14:11:02.329 INFO [main] org.apache.catalina.startup.VersionLoggerListener.log Command line argument: -Djava.util.logging.manager=org.apache.juli.ClassLoaderLogManager
05-Jun-2026 14:11:02.329 INFO [main] org.apache.catalina.startup.VersionLoggerListener.log Command line argument: -Djdk.tls.ephemeralDHKeySize=2048
05-Jun-2026 14:11:02.329 INFO [main] org.apache.catalina.startup.VersionLoggerListener.log Command line argument: -Djava.protocol.handler.pkgs=org.apache.catalina.webresources
05-Jun-2026 14:11:02.329 INFO [main] org.apache.catalina.startup.VersionLoggerListener.log Command line argument: -Dsun.io.useCanonCaches=false
05-Jun-2026 14:11:02.329 INFO [main] org.apache.catalina.startup.VersionLoggerListener.log Command line argument: -Dignore.endorsed.dirs=
05-Jun-2026 14:11:02.329 INFO [main] org.apache.catalina.startup.VersionLoggerListener.log Command line argument: -Dcatalina.base=D:\evan\yen\hardening_tomcat9\apache-tomcat-9.0.118
05-Jun-2026 14:11:02.329 INFO [main] org.apache.catalina.startup.VersionLoggerListener.log Command line argument: -Dcatalina.home=D:\evan\yen\hardening_tomcat9\apache-tomcat-9.0.118
05-Jun-2026 14:11:02.329 INFO [main] org.apache.catalina.startup.VersionLoggerListener.log Command line argument: -Djava.io.tmpdir=D:\evan\yen\hardening_tomcat9\apache-tomcat-9.0.118\temp
05-Jun-2026 14:11:02.329 INFO [main] org.apache.catalina.core.AprLifecycleListener.lifecycleEvent Loaded Apache Tomcat Native library [1.3.7] using APR version [1.7.6].
05-Jun-2026 14:11:02.337 INFO [main] org.apache.catalina.core.AprLifecycleListener.lifecycleEvent APR capabilities: IPv6 [true], sendfile [true], accept filters [false], random [true], UDS [true].
05-Jun-2026 14:11:02.337 INFO [main] org.apache.catalina.core.AprLifecycleListener.lifecycleEvent APR/OpenSSL configuration: useAprConnector [false], useOpenSSL [true]
05-Jun-2026 14:11:02.344 INFO [main] org.apache.catalina.core.AprLifecycleListener.initializeSSL OpenSSL successfully initialized [OpenSSL 3.0.19 27 Jan 2026]
05-Jun-2026 14:11:02.643 INFO [main] org.apache.coyote.AbstractProtocol.init Initializing ProtocolHandler ["http-nio-8080"]
05-Jun-2026 14:11:02.669 INFO [main] org.apache.coyote.AbstractProtocol.init Initializing ProtocolHandler ["ajp-nio-127.0.0.1-8009"]
05-Jun-2026 14:11:02.669 INFO [main] org.apache.catalina.startup.Catalina.load Server initialization in [539] milliseconds
05-Jun-2026 14:11:02.709 INFO [main] org.apache.catalina.core.StandardService.startInternal Starting service [Catalina]
05-Jun-2026 14:11:02.709 INFO [main] org.apache.catalina.core.StandardEngine.startInternal Starting Servlet engine: [Apache Tomcat/9.0.118]
05-Jun-2026 14:11:02.727 INFO [main] org.apache.catalina.startup.HostConfig.deployDirectory Deploying web application directory [D:\evan\yen\hardening_tomcat9\apache-tomcat-9.0.118\webapps\host-manager]
05-Jun-2026 14:11:02.948 INFO [main] org.apache.jasper.servlet.TldScanner.scanJars At least one JAR was scanned for TLDs yet contained no TLDs. Enable debug logging for this logger for a complete list of JARs that were scanned but no TLDs were found in them. Skipping unneeded JARs during scanning can improve startup time and JSP compilation time.
05-Jun-2026 14:11:03.158 WARNING [main] org.apache.catalina.util.SessionIdGeneratorBase.createSecureRandom Creation of SecureRandom instance for session ID generation using [SHA1PRNG] took [183] milliseconds.
05-Jun-2026 14:11:03.180 INFO [main] org.apache.catalina.startup.HostConfig.deployDirectory Deployment of web application directory [D:\evan\yen\hardening_tomcat9\apache-tomcat-9.0.118\webapps\host-manager] has finished in [453] ms
05-Jun-2026 14:11:03.180 INFO [main] org.apache.catalina.startup.HostConfig.deployDirectory Deploying web application directory [D:\evan\yen\hardening_tomcat9\apache-tomcat-9.0.118\webapps\manager]
05-Jun-2026 14:11:03.226 INFO [main] org.apache.jasper.servlet.TldScanner.scanJars At least one JAR was scanned for TLDs yet contained no TLDs. Enable debug logging for this logger for a complete list of JARs that were scanned but no TLDs were found in them. Skipping unneeded JARs during scanning can improve startup time and JSP compilation time.
05-Jun-2026 14:11:03.232 INFO [main] org.apache.catalina.startup.HostConfig.deployDirectory Deployment of web application directory [D:\evan\yen\hardening_tomcat9\apache-tomcat-9.0.118\webapps\manager] has finished in [52] ms
05-Jun-2026 14:11:03.232 INFO [main] org.apache.catalina.startup.HostConfig.deployDirectory Deploying web application directory [D:\evan\yen\hardening_tomcat9\apache-tomcat-9.0.118\webapps\ROOT]
05-Jun-2026 14:11:03.271 INFO [main] org.apache.jasper.servlet.TldScanner.scanJars At least one JAR was scanned for TLDs yet contained no TLDs. Enable debug logging for this logger for a complete list of JARs that were scanned but no TLDs were found in them. Skipping unneeded JARs during scanning can improve startup time and JSP compilation time.
05-Jun-2026 14:11:03.278 INFO [main] org.apache.catalina.startup.HostConfig.deployDirectory Deployment of web application directory [D:\evan\yen\hardening_tomcat9\apache-tomcat-9.0.118\webapps\ROOT] has finished in [46] ms
05-Jun-2026 14:11:03.280 INFO [main] org.apache.coyote.AbstractProtocol.start Starting ProtocolHandler ["http-nio-8080"]
05-Jun-2026 14:11:03.298 INFO [main] org.apache.coyote.AbstractProtocol.start Starting ProtocolHandler ["ajp-nio-127.0.0.1-8009"]
05-Jun-2026 14:11:03.298 INFO [main] org.apache.catalina.startup.Catalina.start Server startup in [630] milliseconds
05-Jun-2026 14:25:23.727 INFO [Thread-2] org.apache.coyote.AbstractProtocol.pause Pausing ProtocolHandler ["http-nio-8080"]
05-Jun-2026 14:25:24.074 INFO [Thread-2] org.apache.coyote.AbstractProtocol.pause Pausing ProtocolHandler ["ajp-nio-127.0.0.1-8009"]
05-Jun-2026 14:25:24.076 INFO [Thread-2] org.apache.catalina.core.StandardService.stopInternal Stopping service [Catalina]
05-Jun-2026 14:25:24.096 INFO [Thread-2] org.apache.coyote.AbstractProtocol.stop Stopping ProtocolHandler ["http-nio-8080"]
05-Jun-2026 14:25:24.109 INFO [Thread-2] org.apache.coyote.AbstractProtocol.stop Stopping ProtocolHandler ["ajp-nio-127.0.0.1-8009"]
05-Jun-2026 14:25:24.125 INFO [Thread-2] org.apache.coyote.AbstractProtocol.destroy Destroying ProtocolHandler ["http-nio-8080"]
05-Jun-2026 14:25:24.125 INFO [Thread-2] org.apache.coyote.AbstractProtocol.destroy Destroying ProtocolHandler ["ajp-nio-127.0.0.1-8009"]
05-Jun-2026 14:25:29.188 INFO [main] org.apache.catalina.startup.VersionLoggerListener.log Server version name:   Apache Tomcat/9.0.118
05-Jun-2026 14:25:29.188 INFO [main] org.apache.catalina.startup.VersionLoggerListener.log Server built:          May 1 2026 19:30:30 UTC
05-Jun-2026 14:25:29.188 INFO [main] org.apache.catalina.startup.VersionLoggerListener.log Server version number: 9.0.118.0
05-Jun-2026 14:25:29.188 INFO [main] org.apache.catalina.startup.VersionLoggerListener.log OS Name:               Windows 10
05-Jun-2026 14:25:29.188 INFO [main] org.apache.catalina.startup.VersionLoggerListener.log OS Version:            10.0
05-Jun-2026 14:25:29.188 INFO [main] org.apache.catalina.startup.VersionLoggerListener.log Architecture:          amd64
05-Jun-2026 14:25:29.188 INFO [main] org.apache.catalina.startup.VersionLoggerListener.log Java Home:             C:\Program Files\Java\jdk1.8.0_202\jre
05-Jun-2026 14:25:29.188 INFO [main] org.apache.catalina.startup.VersionLoggerListener.log JVM Version:           1.8.0_202-b08
05-Jun-2026 14:25:29.188 INFO [main] org.apache.catalina.startup.VersionLoggerListener.log JVM Vendor:            Oracle Corporation
05-Jun-2026 14:25:29.188 INFO [main] org.apache.catalina.startup.VersionLoggerListener.log CATALINA_BASE:         D:\evan\yen\hardening_tomcat9\apache-tomcat-9.0.118
05-Jun-2026 14:25:29.188 INFO [main] org.apache.catalina.startup.VersionLoggerListener.log CATALINA_HOME:         D:\evan\yen\hardening_tomcat9\apache-tomcat-9.0.118
05-Jun-2026 14:25:29.188 INFO [main] org.apache.catalina.startup.VersionLoggerListener.log Command line argument: -Djava.util.logging.config.file=D:\evan\yen\hardening_tomcat9\apache-tomcat-9.0.118\conf\logging.properties
05-Jun-2026 14:25:29.188 INFO [main] org.apache.catalina.startup.VersionLoggerListener.log Command line argument: -Djava.util.logging.manager=org.apache.juli.ClassLoaderLogManager
05-Jun-2026 14:25:29.188 INFO [main] org.apache.catalina.startup.VersionLoggerListener.log Command line argument: -Djdk.tls.ephemeralDHKeySize=2048
05-Jun-2026 14:25:29.188 INFO [main] org.apache.catalina.startup.VersionLoggerListener.log Command line argument: -Djava.protocol.handler.pkgs=org.apache.catalina.webresources
05-Jun-2026 14:25:29.188 INFO [main] org.apache.catalina.startup.VersionLoggerListener.log Command line argument: -Dsun.io.useCanonCaches=false
05-Jun-2026 14:25:29.188 INFO [main] org.apache.catalina.startup.VersionLoggerListener.log Command line argument: -Dignore.endorsed.dirs=
05-Jun-2026 14:25:29.197 INFO [main] org.apache.catalina.startup.VersionLoggerListener.log Command line argument: -Dcatalina.base=D:\evan\yen\hardening_tomcat9\apache-tomcat-9.0.118
05-Jun-2026 14:25:29.197 INFO [main] org.apache.catalina.startup.VersionLoggerListener.log Command line argument: -Dcatalina.home=D:\evan\yen\hardening_tomcat9\apache-tomcat-9.0.118
05-Jun-2026 14:25:29.197 INFO [main] org.apache.catalina.startup.VersionLoggerListener.log Command line argument: -Djava.io.tmpdir=D:\evan\yen\hardening_tomcat9\apache-tomcat-9.0.118\temp
05-Jun-2026 14:25:29.202 INFO [main] org.apache.catalina.core.AprLifecycleListener.lifecycleEvent Loaded Apache Tomcat Native library [1.3.7] using APR version [1.7.6].
05-Jun-2026 14:25:29.207 INFO [main] org.apache.catalina.core.AprLifecycleListener.lifecycleEvent APR capabilities: IPv6 [true], sendfile [true], accept filters [false], random [true], UDS [true].
05-Jun-2026 14:25:29.208 INFO [main] org.apache.catalina.core.AprLifecycleListener.lifecycleEvent APR/OpenSSL configuration: useAprConnector [false], useOpenSSL [true]
05-Jun-2026 14:25:29.211 INFO [main] org.apache.catalina.core.AprLifecycleListener.initializeSSL OpenSSL successfully initialized [OpenSSL 3.0.19 27 Jan 2026]
05-Jun-2026 14:25:29.552 INFO [main] org.apache.coyote.AbstractProtocol.init Initializing ProtocolHandler ["http-nio-8080"]
05-Jun-2026 14:25:29.570 INFO [main] org.apache.catalina.startup.Catalina.load Server initialization in [571] milliseconds
05-Jun-2026 14:25:29.614 INFO [main] org.apache.catalina.core.StandardService.startInternal Starting service [Catalina]
05-Jun-2026 14:25:29.614 INFO [main] org.apache.catalina.core.StandardEngine.startInternal Starting Servlet engine: [Apache Tomcat/9.0.118]
05-Jun-2026 14:25:29.630 INFO [main] org.apache.catalina.startup.HostConfig.deployDirectory Deploying web application directory [D:\evan\yen\hardening_tomcat9\apache-tomcat-9.0.118\webapps\host-manager]
05-Jun-2026 14:25:29.858 INFO [main] org.apache.jasper.servlet.TldScanner.scanJars At least one JAR was scanned for TLDs yet contained no TLDs. Enable debug logging for this logger for a complete list of JARs that were scanned but no TLDs were found in them. Skipping unneeded JARs during scanning can improve startup time and JSP compilation time.
05-Jun-2026 14:25:30.100 WARNING [main] org.apache.catalina.util.SessionIdGeneratorBase.createSecureRandom Creation of SecureRandom instance for session ID generation using [SHA1PRNG] took [211] milliseconds.
05-Jun-2026 14:25:30.129 INFO [main] org.apache.catalina.startup.HostConfig.deployDirectory Deployment of web application directory [D:\evan\yen\hardening_tomcat9\apache-tomcat-9.0.118\webapps\host-manager] has finished in [499] ms
05-Jun-2026 14:25:30.129 INFO [main] org.apache.catalina.startup.HostConfig.deployDirectory Deploying web application directory [D:\evan\yen\hardening_tomcat9\apache-tomcat-9.0.118\webapps\manager]
05-Jun-2026 14:25:30.167 INFO [main] org.apache.jasper.servlet.TldScanner.scanJars At least one JAR was scanned for TLDs yet contained no TLDs. Enable debug logging for this logger for a complete list of JARs that were scanned but no TLDs were found in them. Skipping unneeded JARs during scanning can improve startup time and JSP compilation time.
05-Jun-2026 14:25:30.175 INFO [main] org.apache.catalina.startup.HostConfig.deployDirectory Deployment of web application directory [D:\evan\yen\hardening_tomcat9\apache-tomcat-9.0.118\webapps\manager] has finished in [46] ms
05-Jun-2026 14:25:30.175 INFO [main] org.apache.catalina.startup.HostConfig.deployDirectory Deploying web application directory [D:\evan\yen\hardening_tomcat9\apache-tomcat-9.0.118\webapps\ROOT]
05-Jun-2026 14:25:30.213 INFO [main] org.apache.jasper.servlet.TldScanner.scanJars At least one JAR was scanned for TLDs yet contained no TLDs. Enable debug logging for this logger for a complete list of JARs that were scanned but no TLDs were found in them. Skipping unneeded JARs during scanning can improve startup time and JSP compilation time.
05-Jun-2026 14:25:30.220 INFO [main] org.apache.catalina.startup.HostConfig.deployDirectory Deployment of web application directory [D:\evan\yen\hardening_tomcat9\apache-tomcat-9.0.118\webapps\ROOT] has finished in [45] ms
05-Jun-2026 14:25:30.223 INFO [main] org.apache.coyote.AbstractProtocol.start Starting ProtocolHandler ["http-nio-8080"]
05-Jun-2026 14:25:30.240 INFO [main] org.apache.catalina.startup.Catalina.start Server startup in [663] milliseconds
05-Jun-2026 14:36:05.648 INFO [Thread-2] org.apache.coyote.AbstractProtocol.pause Pausing ProtocolHandler ["http-nio-8080"]
05-Jun-2026 14:36:05.959 INFO [Thread-2] org.apache.catalina.core.StandardService.stopInternal Stopping service [Catalina]
05-Jun-2026 14:36:05.978 INFO [Thread-2] org.apache.coyote.AbstractProtocol.stop Stopping ProtocolHandler ["http-nio-8080"]
05-Jun-2026 14:36:05.988 INFO [Thread-2] org.apache.coyote.AbstractProtocol.destroy Destroying ProtocolHandler ["http-nio-8080"]
05-Jun-2026 14:37:17.469 INFO [main] org.apache.catalina.startup.VersionLoggerListener.log Server version name:   Apache Tomcat/9.0.118
05-Jun-2026 14:37:17.473 INFO [main] org.apache.catalina.startup.VersionLoggerListener.log Server built:          May 1 2026 19:30:30 UTC
05-Jun-2026 14:37:17.473 INFO [main] org.apache.catalina.startup.VersionLoggerListener.log Server version number: 9.0.118.0
05-Jun-2026 14:37:17.473 INFO [main] org.apache.catalina.startup.VersionLoggerListener.log OS Name:               Windows 10
05-Jun-2026 14:37:17.473 INFO [main] org.apache.catalina.startup.VersionLoggerListener.log OS Version:            10.0
05-Jun-2026 14:37:17.473 INFO [main] org.apache.catalina.startup.VersionLoggerListener.log Architecture:          amd64
05-Jun-2026 14:37:17.473 INFO [main] org.apache.catalina.startup.VersionLoggerListener.log Java Home:             C:\Program Files\Java\jdk1.8.0_202\jre
05-Jun-2026 14:37:17.473 INFO [main] org.apache.catalina.startup.VersionLoggerListener.log JVM Version:           1.8.0_202-b08
05-Jun-2026 14:37:17.473 INFO [main] org.apache.catalina.startup.VersionLoggerListener.log JVM Vendor:            Oracle Corporation
05-Jun-2026 14:37:17.473 INFO [main] org.apache.catalina.startup.VersionLoggerListener.log CATALINA_BASE:         D:\evan\yen\hardening_tomcat9\apache-tomcat-9.0.118
05-Jun-2026 14:37:17.473 INFO [main] org.apache.catalina.startup.VersionLoggerListener.log CATALINA_HOME:         D:\evan\yen\hardening_tomcat9\apache-tomcat-9.0.118
05-Jun-2026 14:37:17.477 INFO [main] org.apache.catalina.startup.VersionLoggerListener.log Command line argument: -Djava.util.logging.config.file=D:\evan\yen\hardening_tomcat9\apache-tomcat-9.0.118\conf\logging.properties
05-Jun-2026 14:37:17.477 INFO [main] org.apache.catalina.startup.VersionLoggerListener.log Command line argument: -Djava.util.logging.manager=org.apache.juli.ClassLoaderLogManager
05-Jun-2026 14:37:17.477 INFO [main] org.apache.catalina.startup.VersionLoggerListener.log Command line argument: -Djdk.tls.ephemeralDHKeySize=2048
05-Jun-2026 14:37:17.477 INFO [main] org.apache.catalina.startup.VersionLoggerListener.log Command line argument: -Djava.protocol.handler.pkgs=org.apache.catalina.webresources
05-Jun-2026 14:37:17.478 INFO [main] org.apache.catalina.startup.VersionLoggerListener.log Command line argument: -Dsun.io.useCanonCaches=false
05-Jun-2026 14:37:17.478 INFO [main] org.apache.catalina.startup.VersionLoggerListener.log Command line argument: -Dignore.endorsed.dirs=
05-Jun-2026 14:37:17.478 INFO [main] org.apache.catalina.startup.VersionLoggerListener.log Command line argument: -Dcatalina.base=D:\evan\yen\hardening_tomcat9\apache-tomcat-9.0.118
05-Jun-2026 14:37:17.478 INFO [main] org.apache.catalina.startup.VersionLoggerListener.log Command line argument: -Dcatalina.home=D:\evan\yen\hardening_tomcat9\apache-tomcat-9.0.118
05-Jun-2026 14:37:17.478 INFO [main] org.apache.catalina.startup.VersionLoggerListener.log Command line argument: -Djava.io.tmpdir=D:\evan\yen\hardening_tomcat9\apache-tomcat-9.0.118\temp
05-Jun-2026 14:37:17.478 INFO [main] org.apache.catalina.core.AprLifecycleListener.lifecycleEvent Loaded Apache Tomcat Native library [1.3.7] using APR version [1.7.6].
05-Jun-2026 14:37:17.478 INFO [main] org.apache.catalina.core.AprLifecycleListener.lifecycleEvent APR capabilities: IPv6 [true], sendfile [true], accept filters [false], random [true], UDS [true].
05-Jun-2026 14:37:17.478 INFO [main] org.apache.catalina.core.AprLifecycleListener.lifecycleEvent APR/OpenSSL configuration: useAprConnector [false], useOpenSSL [true]
05-Jun-2026 14:37:17.490 INFO [main] org.apache.catalina.core.AprLifecycleListener.initializeSSL OpenSSL successfully initialized [OpenSSL 3.0.19 27 Jan 2026]
05-Jun-2026 14:37:17.769 INFO [main] org.apache.coyote.AbstractProtocol.init Initializing ProtocolHandler ["http-nio-8080"]
05-Jun-2026 14:37:17.789 INFO [main] org.apache.coyote.AbstractProtocol.init Initializing ProtocolHandler ["ajp-nio-127.0.0.1-8009"]
05-Jun-2026 14:37:17.789 INFO [main] org.apache.catalina.startup.Catalina.load Server initialization in [490] milliseconds
05-Jun-2026 14:37:17.819 INFO [main] org.apache.catalina.core.StandardService.startInternal Starting service [Catalina]
05-Jun-2026 14:37:17.819 INFO [main] org.apache.catalina.core.StandardEngine.startInternal Starting Servlet engine: [Apache Tomcat/9.0.118]
05-Jun-2026 14:37:17.835 INFO [main] org.apache.catalina.startup.HostConfig.deployDirectory Deploying web application directory [D:\evan\yen\hardening_tomcat9\apache-tomcat-9.0.118\webapps\host-manager]
05-Jun-2026 14:37:18.038 INFO [main] org.apache.jasper.servlet.TldScanner.scanJars At least one JAR was scanned for TLDs yet contained no TLDs. Enable debug logging for this logger for a complete list of JARs that were scanned but no TLDs were found in them. Skipping unneeded JARs during scanning can improve startup time and JSP compilation time.
05-Jun-2026 14:37:18.231 WARNING [main] org.apache.catalina.util.SessionIdGeneratorBase.createSecureRandom Creation of SecureRandom instance for session ID generation using [SHA1PRNG] took [169] milliseconds.
05-Jun-2026 14:37:18.258 INFO [main] org.apache.catalina.startup.HostConfig.deployDirectory Deployment of web application directory [D:\evan\yen\hardening_tomcat9\apache-tomcat-9.0.118\webapps\host-manager] has finished in [423] ms
05-Jun-2026 14:37:18.259 INFO [main] org.apache.catalina.startup.HostConfig.deployDirectory Deploying web application directory [D:\evan\yen\hardening_tomcat9\apache-tomcat-9.0.118\webapps\manager]
05-Jun-2026 14:37:18.293 INFO [main] org.apache.jasper.servlet.TldScanner.scanJars At least one JAR was scanned for TLDs yet contained no TLDs. Enable debug logging for this logger for a complete list of JARs that were scanned but no TLDs were found in them. Skipping unneeded JARs during scanning can improve startup time and JSP compilation time.
05-Jun-2026 14:37:18.299 INFO [main] org.apache.catalina.startup.HostConfig.deployDirectory Deployment of web application directory [D:\evan\yen\hardening_tomcat9\apache-tomcat-9.0.118\webapps\manager] has finished in [40] ms
05-Jun-2026 14:37:18.300 INFO [main] org.apache.catalina.startup.HostConfig.deployDirectory Deploying web application directory [D:\evan\yen\hardening_tomcat9\apache-tomcat-9.0.118\webapps\ROOT]
05-Jun-2026 14:37:18.334 INFO [main] org.apache.jasper.servlet.TldScanner.scanJars At least one JAR was scanned for TLDs yet contained no TLDs. Enable debug logging for this logger for a complete list of JARs that were scanned but no TLDs were found in them. Skipping unneeded JARs during scanning can improve startup time and JSP compilation time.
05-Jun-2026 14:37:18.341 INFO [main] org.apache.catalina.startup.HostConfig.deployDirectory Deployment of web application directory [D:\evan\yen\hardening_tomcat9\apache-tomcat-9.0.118\webapps\ROOT] has finished in [41] ms
05-Jun-2026 14:37:18.344 INFO [main] org.apache.coyote.AbstractProtocol.start Starting ProtocolHandler ["http-nio-8080"]
05-Jun-2026 14:37:18.360 INFO [main] org.apache.coyote.AbstractProtocol.start Starting ProtocolHandler ["ajp-nio-127.0.0.1-8009"]
05-Jun-2026 14:37:18.364 INFO [main] org.apache.catalina.startup.Catalina.start Server startup in [571] milliseconds
05-Jun-2026 14:39:21.119 SEVERE [ajp-nio-127.0.0.1-8009-exec-1] org.apache.coyote.ajp.AjpMessage.processHeader Invalid message received with signature [18245]
05-Jun-2026 14:39:21.129 SEVERE [ajp-nio-127.0.0.1-8009-exec-2] org.apache.coyote.ajp.AjpMessage.processHeader Invalid message received with signature [5635]
05-Jun-2026 14:39:21.133 SEVERE [ajp-nio-127.0.0.1-8009-exec-3] org.apache.coyote.ajp.AjpMessage.processHeader Invalid message received with signature [32926]
05-Jun-2026 14:39:21.136 SEVERE [ajp-nio-127.0.0.1-8009-exec-5] org.apache.coyote.ajp.AjpMessage.processHeader Invalid message received with signature [18245]
05-Jun-2026 14:40:39.412 SEVERE [ajp-nio-127.0.0.1-8009-exec-7] org.apache.coyote.ajp.AjpMessage.processHeader Invalid message received with signature [18245]
05-Jun-2026 14:40:39.412 SEVERE [ajp-nio-127.0.0.1-8009-exec-8] org.apache.coyote.ajp.AjpMessage.processHeader Invalid message received with signature [5635]
05-Jun-2026 14:40:39.418 SEVERE [ajp-nio-127.0.0.1-8009-exec-9] org.apache.coyote.ajp.AjpMessage.processHeader Invalid message received with signature [32926]
05-Jun-2026 14:40:39.418 SEVERE [ajp-nio-127.0.0.1-8009-exec-10] org.apache.coyote.ajp.AjpMessage.processHeader Invalid message received with signature [18245]
05-Jun-2026 14:41:56.632 SEVERE [ajp-nio-127.0.0.1-8009-exec-3] org.apache.coyote.ajp.AjpMessage.processHeader Invalid message received with signature [18245]
05-Jun-2026 14:41:56.635 SEVERE [ajp-nio-127.0.0.1-8009-exec-5] org.apache.coyote.ajp.AjpMessage.processHeader Invalid message received with signature [5635]
05-Jun-2026 14:41:56.648 SEVERE [ajp-nio-127.0.0.1-8009-exec-4] org.apache.coyote.ajp.AjpMessage.processHeader Invalid message received with signature [32926]
05-Jun-2026 14:41:56.664 SEVERE [ajp-nio-127.0.0.1-8009-exec-6] org.apache.coyote.ajp.AjpMessage.processHeader Invalid message received with signature [18245]
05-Jun-2026 14:49:08.027 INFO [Thread-2] org.apache.coyote.AbstractProtocol.pause Pausing ProtocolHandler ["http-nio-8080"]
05-Jun-2026 14:49:08.332 INFO [Thread-2] org.apache.coyote.AbstractProtocol.pause Pausing ProtocolHandler ["ajp-nio-127.0.0.1-8009"]
05-Jun-2026 14:49:08.335 INFO [Thread-2] org.apache.catalina.core.StandardService.stopInternal Stopping service [Catalina]
05-Jun-2026 14:49:08.352 INFO [Thread-2] org.apache.coyote.AbstractProtocol.stop Stopping ProtocolHandler ["http-nio-8080"]
05-Jun-2026 14:49:08.362 INFO [Thread-2] org.apache.coyote.AbstractProtocol.stop Stopping ProtocolHandler ["ajp-nio-127.0.0.1-8009"]
05-Jun-2026 14:49:08.378 INFO [Thread-2] org.apache.coyote.AbstractProtocol.destroy Destroying ProtocolHandler ["http-nio-8080"]
05-Jun-2026 14:49:08.379 INFO [Thread-2] org.apache.coyote.AbstractProtocol.destroy Destroying ProtocolHandler ["ajp-nio-127.0.0.1-8009"]
05-Jun-2026 14:49:25.670 INFO [main] org.apache.catalina.startup.VersionLoggerListener.log Server version name:   Apache Tomcat/9.0.118
05-Jun-2026 14:49:25.671 INFO [main] org.apache.catalina.startup.VersionLoggerListener.log Server built:          May 1 2026 19:30:30 UTC
05-Jun-2026 14:49:25.671 INFO [main] org.apache.catalina.startup.VersionLoggerListener.log Server version number: 9.0.118.0
05-Jun-2026 14:49:25.671 INFO [main] org.apache.catalina.startup.VersionLoggerListener.log OS Name:               Windows 10
05-Jun-2026 14:49:25.671 INFO [main] org.apache.catalina.startup.VersionLoggerListener.log OS Version:            10.0
05-Jun-2026 14:49:25.671 INFO [main] org.apache.catalina.startup.VersionLoggerListener.log Architecture:          amd64
05-Jun-2026 14:49:25.671 INFO [main] org.apache.catalina.startup.VersionLoggerListener.log Java Home:             C:\Program Files\Java\jdk1.8.0_202\jre
05-Jun-2026 14:49:25.671 INFO [main] org.apache.catalina.startup.VersionLoggerListener.log JVM Version:           1.8.0_202-b08
05-Jun-2026 14:49:25.671 INFO [main] org.apache.catalina.startup.VersionLoggerListener.log JVM Vendor:            Oracle Corporation
05-Jun-2026 14:49:25.671 INFO [main] org.apache.catalina.startup.VersionLoggerListener.log CATALINA_BASE:         D:\evan\yen\hardening_tomcat9\apache-tomcat-9.0.118
05-Jun-2026 14:49:25.671 INFO [main] org.apache.catalina.startup.VersionLoggerListener.log CATALINA_HOME:         D:\evan\yen\hardening_tomcat9\apache-tomcat-9.0.118
05-Jun-2026 14:49:25.671 INFO [main] org.apache.catalina.startup.VersionLoggerListener.log Command line argument: -Djava.util.logging.config.file=D:\evan\yen\hardening_tomcat9\apache-tomcat-9.0.118\conf\logging.properties
05-Jun-2026 14:49:25.671 INFO [main] org.apache.catalina.startup.VersionLoggerListener.log Command line argument: -Djava.util.logging.manager=org.apache.juli.ClassLoaderLogManager
05-Jun-2026 14:49:25.677 INFO [main] org.apache.catalina.startup.VersionLoggerListener.log Command line argument: -Djdk.tls.ephemeralDHKeySize=2048
05-Jun-2026 14:49:25.677 INFO [main] org.apache.catalina.startup.VersionLoggerListener.log Command line argument: -Djava.protocol.handler.pkgs=org.apache.catalina.webresources
05-Jun-2026 14:49:25.677 INFO [main] org.apache.catalina.startup.VersionLoggerListener.log Command line argument: -Dsun.io.useCanonCaches=false
05-Jun-2026 14:49:25.677 INFO [main] org.apache.catalina.startup.VersionLoggerListener.log Command line argument: -Dignore.endorsed.dirs=
05-Jun-2026 14:49:25.677 INFO [main] org.apache.catalina.startup.VersionLoggerListener.log Command line argument: -Dcatalina.base=D:\evan\yen\hardening_tomcat9\apache-tomcat-9.0.118
05-Jun-2026 14:49:25.677 INFO [main] org.apache.catalina.startup.VersionLoggerListener.log Command line argument: -Dcatalina.home=D:\evan\yen\hardening_tomcat9\apache-tomcat-9.0.118
05-Jun-2026 14:49:25.678 INFO [main] org.apache.catalina.startup.VersionLoggerListener.log Command line argument: -Djava.io.tmpdir=D:\evan\yen\hardening_tomcat9\apache-tomcat-9.0.118\temp
05-Jun-2026 14:49:25.683 INFO [main] org.apache.catalina.core.AprLifecycleListener.lifecycleEvent Loaded Apache Tomcat Native library [1.3.7] using APR version [1.7.6].
05-Jun-2026 14:49:25.683 INFO [main] org.apache.catalina.core.AprLifecycleListener.lifecycleEvent APR capabilities: IPv6 [true], sendfile [true], accept filters [false], random [true], UDS [true].
05-Jun-2026 14:49:25.683 INFO [main] org.apache.catalina.core.AprLifecycleListener.lifecycleEvent APR/OpenSSL configuration: useAprConnector [false], useOpenSSL [true]
05-Jun-2026 14:49:25.690 INFO [main] org.apache.catalina.core.AprLifecycleListener.initializeSSL OpenSSL successfully initialized [OpenSSL 3.0.19 27 Jan 2026]
05-Jun-2026 14:49:25.979 INFO [main] org.apache.coyote.AbstractProtocol.init Initializing ProtocolHandler ["http-nio-8080"]
05-Jun-2026 14:49:25.999 INFO [main] org.apache.catalina.startup.Catalina.load Server initialization in [498] milliseconds
05-Jun-2026 14:49:26.033 INFO [main] org.apache.catalina.core.StandardService.startInternal Starting service [Catalina]
05-Jun-2026 14:49:26.033 INFO [main] org.apache.catalina.core.StandardEngine.startInternal Starting Servlet engine: [Apache Tomcat/9.0.118]
05-Jun-2026 14:49:26.049 INFO [main] org.apache.catalina.startup.HostConfig.deployDirectory Deploying web application directory [D:\evan\yen\hardening_tomcat9\apache-tomcat-9.0.118\webapps\host-manager]
05-Jun-2026 14:49:26.248 INFO [main] org.apache.jasper.servlet.TldScanner.scanJars At least one JAR was scanned for TLDs yet contained no TLDs. Enable debug logging for this logger for a complete list of JARs that were scanned but no TLDs were found in them. Skipping unneeded JARs during scanning can improve startup time and JSP compilation time.
05-Jun-2026 14:49:26.448 WARNING [main] org.apache.catalina.util.SessionIdGeneratorBase.createSecureRandom Creation of SecureRandom instance for session ID generation using [SHA1PRNG] took [180] milliseconds.
05-Jun-2026 14:49:26.474 INFO [main] org.apache.catalina.startup.HostConfig.deployDirectory Deployment of web application directory [D:\evan\yen\hardening_tomcat9\apache-tomcat-9.0.118\webapps\host-manager] has finished in [425] ms
05-Jun-2026 14:49:26.474 INFO [main] org.apache.catalina.startup.HostConfig.deployDirectory Deploying web application directory [D:\evan\yen\hardening_tomcat9\apache-tomcat-9.0.118\webapps\manager]
05-Jun-2026 14:49:26.508 INFO [main] org.apache.jasper.servlet.TldScanner.scanJars At least one JAR was scanned for TLDs yet contained no TLDs. Enable debug logging for this logger for a complete list of JARs that were scanned but no TLDs were found in them. Skipping unneeded JARs during scanning can improve startup time and JSP compilation time.
05-Jun-2026 14:49:26.508 INFO [main] org.apache.catalina.startup.HostConfig.deployDirectory Deployment of web application directory [D:\evan\yen\hardening_tomcat9\apache-tomcat-9.0.118\webapps\manager] has finished in [34] ms
05-Jun-2026 14:49:26.508 INFO [main] org.apache.catalina.startup.HostConfig.deployDirectory Deploying web application directory [D:\evan\yen\hardening_tomcat9\apache-tomcat-9.0.118\webapps\ROOT]
05-Jun-2026 14:49:26.548 INFO [main] org.apache.jasper.servlet.TldScanner.scanJars At least one JAR was scanned for TLDs yet contained no TLDs. Enable debug logging for this logger for a complete list of JARs that were scanned but no TLDs were found in them. Skipping unneeded JARs during scanning can improve startup time and JSP compilation time.
05-Jun-2026 14:49:26.555 INFO [main] org.apache.catalina.startup.HostConfig.deployDirectory Deployment of web application directory [D:\evan\yen\hardening_tomcat9\apache-tomcat-9.0.118\webapps\ROOT] has finished in [47] ms
05-Jun-2026 14:49:26.559 INFO [main] org.apache.coyote.AbstractProtocol.start Starting ProtocolHandler ["http-nio-8080"]
05-Jun-2026 14:49:26.576 INFO [main] org.apache.catalina.startup.Catalina.start Server startup in [571] milliseconds
05-Jun-2026 14:49:57.178 INFO [Thread-2] org.apache.coyote.AbstractProtocol.pause Pausing ProtocolHandler ["http-nio-8080"]
05-Jun-2026 14:49:57.499 INFO [Thread-2] org.apache.catalina.core.StandardService.stopInternal Stopping service [Catalina]
05-Jun-2026 14:49:57.519 INFO [Thread-2] org.apache.coyote.AbstractProtocol.stop Stopping ProtocolHandler ["http-nio-8080"]
05-Jun-2026 14:49:57.536 INFO [Thread-2] org.apache.coyote.AbstractProtocol.destroy Destroying ProtocolHandler ["http-nio-8080"]
05-Jun-2026 14:50:04.671 INFO [main] org.apache.catalina.startup.VersionLoggerListener.log Server version name:   Apache Tomcat/9.0.118
05-Jun-2026 14:50:04.675 INFO [main] org.apache.catalina.startup.VersionLoggerListener.log Server built:          May 1 2026 19:30:30 UTC
05-Jun-2026 14:50:04.676 INFO [main] org.apache.catalina.startup.VersionLoggerListener.log Server version number: 9.0.118.0
05-Jun-2026 14:50:04.676 INFO [main] org.apache.catalina.startup.VersionLoggerListener.log OS Name:               Windows 10
05-Jun-2026 14:50:04.676 INFO [main] org.apache.catalina.startup.VersionLoggerListener.log OS Version:            10.0
05-Jun-2026 14:50:04.677 INFO [main] org.apache.catalina.startup.VersionLoggerListener.log Architecture:          amd64
05-Jun-2026 14:50:04.677 INFO [main] org.apache.catalina.startup.VersionLoggerListener.log Java Home:             C:\Program Files\Java\jdk1.8.0_202\jre
05-Jun-2026 14:50:04.677 INFO [main] org.apache.catalina.startup.VersionLoggerListener.log JVM Version:           1.8.0_202-b08
05-Jun-2026 14:50:04.677 INFO [main] org.apache.catalina.startup.VersionLoggerListener.log JVM Vendor:            Oracle Corporation
05-Jun-2026 14:50:04.677 INFO [main] org.apache.catalina.startup.VersionLoggerListener.log CATALINA_BASE:         D:\evan\yen\hardening_tomcat9\apache-tomcat-9.0.118
05-Jun-2026 14:50:04.677 INFO [main] org.apache.catalina.startup.VersionLoggerListener.log CATALINA_HOME:         D:\evan\yen\hardening_tomcat9\apache-tomcat-9.0.118
05-Jun-2026 14:50:04.678 INFO [main] org.apache.catalina.startup.VersionLoggerListener.log Command line argument: -Djava.util.logging.config.file=D:\evan\yen\hardening_tomcat9\apache-tomcat-9.0.118\conf\logging.properties
05-Jun-2026 14:50:04.678 INFO [main] org.apache.catalina.startup.VersionLoggerListener.log Command line argument: -Djava.util.logging.manager=org.apache.juli.ClassLoaderLogManager
05-Jun-2026 14:50:04.678 INFO [main] org.apache.catalina.startup.VersionLoggerListener.log Command line argument: -Djdk.tls.ephemeralDHKeySize=2048
05-Jun-2026 14:50:04.678 INFO [main] org.apache.catalina.startup.VersionLoggerListener.log Command line argument: -Djava.protocol.handler.pkgs=org.apache.catalina.webresources
05-Jun-2026 14:50:04.678 INFO [main] org.apache.catalina.startup.VersionLoggerListener.log Command line argument: -Dsun.io.useCanonCaches=false
05-Jun-2026 14:50:04.678 INFO [main] org.apache.catalina.startup.VersionLoggerListener.log Command line argument: -Dignore.endorsed.dirs=
05-Jun-2026 14:50:04.678 INFO [main] org.apache.catalina.startup.VersionLoggerListener.log Command line argument: -Dcatalina.base=D:\evan\yen\hardening_tomcat9\apache-tomcat-9.0.118
05-Jun-2026 14:50:04.678 INFO [main] org.apache.catalina.startup.VersionLoggerListener.log Command line argument: -Dcatalina.home=D:\evan\yen\hardening_tomcat9\apache-tomcat-9.0.118
05-Jun-2026 14:50:04.678 INFO [main] org.apache.catalina.startup.VersionLoggerListener.log Command line argument: -Djava.io.tmpdir=D:\evan\yen\hardening_tomcat9\apache-tomcat-9.0.118\temp
05-Jun-2026 14:50:04.682 INFO [main] org.apache.catalina.core.AprLifecycleListener.lifecycleEvent Loaded Apache Tomcat Native library [1.3.7] using APR version [1.7.6].
05-Jun-2026 14:50:04.683 INFO [main] org.apache.catalina.core.AprLifecycleListener.lifecycleEvent APR capabilities: IPv6 [true], sendfile [true], accept filters [false], random [true], UDS [true].
05-Jun-2026 14:50:04.683 INFO [main] org.apache.catalina.core.AprLifecycleListener.lifecycleEvent APR/OpenSSL configuration: useAprConnector [false], useOpenSSL [true]
05-Jun-2026 14:50:04.690 INFO [main] org.apache.catalina.core.AprLifecycleListener.initializeSSL OpenSSL successfully initialized [OpenSSL 3.0.19 27 Jan 2026]
05-Jun-2026 14:50:04.968 INFO [main] org.apache.coyote.AbstractProtocol.init Initializing ProtocolHandler ["http-nio-8080"]
05-Jun-2026 14:50:04.988 INFO [main] org.apache.coyote.AbstractProtocol.init Initializing ProtocolHandler ["ajp-nio-127.0.0.1-8009"]
05-Jun-2026 14:50:04.988 INFO [main] org.apache.catalina.startup.Catalina.load Server initialization in [488] milliseconds
05-Jun-2026 14:50:05.022 INFO [main] org.apache.catalina.core.StandardService.startInternal Starting service [Catalina]
05-Jun-2026 14:50:05.022 INFO [main] org.apache.catalina.core.StandardEngine.startInternal Starting Servlet engine: [Apache Tomcat/9.0.118]
05-Jun-2026 14:50:05.038 INFO [main] org.apache.catalina.startup.HostConfig.deployDirectory Deploying web application directory [D:\evan\yen\hardening_tomcat9\apache-tomcat-9.0.118\webapps\host-manager]
05-Jun-2026 14:50:05.228 INFO [main] org.apache.jasper.servlet.TldScanner.scanJars At least one JAR was scanned for TLDs yet contained no TLDs. Enable debug logging for this logger for a complete list of JARs that were scanned but no TLDs were found in them. Skipping unneeded JARs during scanning can improve startup time and JSP compilation time.
05-Jun-2026 14:50:05.427 WARNING [main] org.apache.catalina.util.SessionIdGeneratorBase.createSecureRandom Creation of SecureRandom instance for session ID generation using [SHA1PRNG] took [167] milliseconds.
05-Jun-2026 14:50:05.450 INFO [main] org.apache.catalina.startup.HostConfig.deployDirectory Deployment of web application directory [D:\evan\yen\hardening_tomcat9\apache-tomcat-9.0.118\webapps\host-manager] has finished in [412] ms
05-Jun-2026 14:50:05.450 INFO [main] org.apache.catalina.startup.HostConfig.deployDirectory Deploying web application directory [D:\evan\yen\hardening_tomcat9\apache-tomcat-9.0.118\webapps\manager]
05-Jun-2026 14:50:05.486 INFO [main] org.apache.jasper.servlet.TldScanner.scanJars At least one JAR was scanned for TLDs yet contained no TLDs. Enable debug logging for this logger for a complete list of JARs that were scanned but no TLDs were found in them. Skipping unneeded JARs during scanning can improve startup time and JSP compilation time.
05-Jun-2026 14:50:05.494 INFO [main] org.apache.catalina.startup.HostConfig.deployDirectory Deployment of web application directory [D:\evan\yen\hardening_tomcat9\apache-tomcat-9.0.118\webapps\manager] has finished in [44] ms
05-Jun-2026 14:50:05.495 INFO [main] org.apache.catalina.startup.HostConfig.deployDirectory Deploying web application directory [D:\evan\yen\hardening_tomcat9\apache-tomcat-9.0.118\webapps\ROOT]
05-Jun-2026 14:50:05.528 INFO [main] org.apache.jasper.servlet.TldScanner.scanJars At least one JAR was scanned for TLDs yet contained no TLDs. Enable debug logging for this logger for a complete list of JARs that were scanned but no TLDs were found in them. Skipping unneeded JARs during scanning can improve startup time and JSP compilation time.
05-Jun-2026 14:50:05.531 INFO [main] org.apache.catalina.startup.HostConfig.deployDirectory Deployment of web application directory [D:\evan\yen\hardening_tomcat9\apache-tomcat-9.0.118\webapps\ROOT] has finished in [36] ms
05-Jun-2026 14:50:05.531 INFO [main] org.apache.coyote.AbstractProtocol.start Starting ProtocolHandler ["http-nio-8080"]
05-Jun-2026 14:50:05.548 INFO [main] org.apache.coyote.AbstractProtocol.start Starting ProtocolHandler ["ajp-nio-127.0.0.1-8009"]
05-Jun-2026 14:50:05.548 INFO [main] org.apache.catalina.startup.Catalina.start Server startup in [560] milliseconds
05-Jun-2026 14:55:13.178 INFO [Thread-2] org.apache.coyote.AbstractProtocol.pause Pausing ProtocolHandler ["http-nio-8080"]
05-Jun-2026 14:55:13.512 INFO [Thread-2] org.apache.coyote.AbstractProtocol.pause Pausing ProtocolHandler ["ajp-nio-127.0.0.1-8009"]
05-Jun-2026 14:55:13.514 INFO [Thread-2] org.apache.catalina.core.StandardService.stopInternal Stopping service [Catalina]
05-Jun-2026 14:55:13.531 INFO [Thread-2] org.apache.coyote.AbstractProtocol.stop Stopping ProtocolHandler ["http-nio-8080"]
05-Jun-2026 14:55:13.538 INFO [Thread-2] org.apache.coyote.AbstractProtocol.stop Stopping ProtocolHandler ["ajp-nio-127.0.0.1-8009"]
05-Jun-2026 14:55:13.554 INFO [Thread-2] org.apache.coyote.AbstractProtocol.destroy Destroying ProtocolHandler ["http-nio-8080"]
05-Jun-2026 14:55:13.554 INFO [Thread-2] org.apache.coyote.AbstractProtocol.destroy Destroying ProtocolHandler ["ajp-nio-127.0.0.1-8009"]
05-Jun-2026 14:55:41.939 INFO [main] org.apache.catalina.startup.VersionLoggerListener.log Server version name:   Apache Tomcat/9.0.118
05-Jun-2026 14:55:41.947 INFO [main] org.apache.catalina.startup.VersionLoggerListener.log Server built:          May 1 2026 19:30:30 UTC
05-Jun-2026 14:55:41.948 INFO [main] org.apache.catalina.startup.VersionLoggerListener.log Server version number: 9.0.118.0
05-Jun-2026 14:55:41.948 INFO [main] org.apache.catalina.startup.VersionLoggerListener.log OS Name:               Windows 10
05-Jun-2026 14:55:41.948 INFO [main] org.apache.catalina.startup.VersionLoggerListener.log OS Version:            10.0
05-Jun-2026 14:55:41.948 INFO [main] org.apache.catalina.startup.VersionLoggerListener.log Architecture:          amd64
05-Jun-2026 14:55:41.948 INFO [main] org.apache.catalina.startup.VersionLoggerListener.log Java Home:             C:\Program Files\Java\jdk1.8.0_202\jre
05-Jun-2026 14:55:41.948 INFO [main] org.apache.catalina.startup.VersionLoggerListener.log JVM Version:           1.8.0_202-b08
05-Jun-2026 14:55:41.948 INFO [main] org.apache.catalina.startup.VersionLoggerListener.log JVM Vendor:            Oracle Corporation
05-Jun-2026 14:55:41.948 INFO [main] org.apache.catalina.startup.VersionLoggerListener.log CATALINA_BASE:         D:\evan\yen\hardening_tomcat9\apache-tomcat-9.0.118
05-Jun-2026 14:55:41.948 INFO [main] org.apache.catalina.startup.VersionLoggerListener.log CATALINA_HOME:         D:\evan\yen\hardening_tomcat9\apache-tomcat-9.0.118
05-Jun-2026 14:55:41.948 INFO [main] org.apache.catalina.startup.VersionLoggerListener.log Command line argument: -Djava.util.logging.config.file=D:\evan\yen\hardening_tomcat9\apache-tomcat-9.0.118\conf\logging.properties
05-Jun-2026 14:55:41.948 INFO [main] org.apache.catalina.startup.VersionLoggerListener.log Command line argument: -Djava.util.logging.manager=org.apache.juli.ClassLoaderLogManager
05-Jun-2026 14:55:41.948 INFO [main] org.apache.catalina.startup.VersionLoggerListener.log Command line argument: -Djdk.tls.ephemeralDHKeySize=2048
05-Jun-2026 14:55:41.948 INFO [main] org.apache.catalina.startup.VersionLoggerListener.log Command line argument: -Djava.protocol.handler.pkgs=org.apache.catalina.webresources
05-Jun-2026 14:55:41.948 INFO [main] org.apache.catalina.startup.VersionLoggerListener.log Command line argument: -Dsun.io.useCanonCaches=false
05-Jun-2026 14:55:41.948 INFO [main] org.apache.catalina.startup.VersionLoggerListener.log Command line argument: -Dignore.endorsed.dirs=
05-Jun-2026 14:55:41.948 INFO [main] org.apache.catalina.startup.VersionLoggerListener.log Command line argument: -Dcatalina.base=D:\evan\yen\hardening_tomcat9\apache-tomcat-9.0.118
05-Jun-2026 14:55:41.948 INFO [main] org.apache.catalina.startup.VersionLoggerListener.log Command line argument: -Dcatalina.home=D:\evan\yen\hardening_tomcat9\apache-tomcat-9.0.118
05-Jun-2026 14:55:41.948 INFO [main] org.apache.catalina.startup.VersionLoggerListener.log Command line argument: -Djava.io.tmpdir=D:\evan\yen\hardening_tomcat9\apache-tomcat-9.0.118\temp
05-Jun-2026 14:55:41.948 INFO [main] org.apache.catalina.core.AprLifecycleListener.lifecycleEvent Loaded Apache Tomcat Native library [1.3.7] using APR version [1.7.6].
05-Jun-2026 14:55:41.948 INFO [main] org.apache.catalina.core.AprLifecycleListener.lifecycleEvent APR capabilities: IPv6 [true], sendfile [true], accept filters [false], random [true], UDS [true].
05-Jun-2026 14:55:41.948 INFO [main] org.apache.catalina.core.AprLifecycleListener.lifecycleEvent APR/OpenSSL configuration: useAprConnector [false], useOpenSSL [true]
05-Jun-2026 14:55:41.964 INFO [main] org.apache.catalina.core.AprLifecycleListener.initializeSSL OpenSSL successfully initialized [OpenSSL 3.0.19 27 Jan 2026]
05-Jun-2026 14:55:42.257 INFO [main] org.apache.coyote.AbstractProtocol.init Initializing ProtocolHandler ["http-nio-8080"]
05-Jun-2026 14:55:42.280 INFO [main] org.apache.catalina.startup.Catalina.load Server initialization in [515] milliseconds
05-Jun-2026 14:55:42.323 INFO [main] org.apache.catalina.core.StandardService.startInternal Starting service [Catalina]
05-Jun-2026 14:55:42.323 INFO [main] org.apache.catalina.core.StandardEngine.startInternal Starting Servlet engine: [Apache Tomcat/9.0.118]
05-Jun-2026 14:55:42.337 INFO [main] org.apache.catalina.startup.HostConfig.deployDirectory Deploying web application directory [D:\evan\yen\hardening_tomcat9\apache-tomcat-9.0.118\webapps\host-manager]
05-Jun-2026 14:55:42.551 INFO [main] org.apache.jasper.servlet.TldScanner.scanJars At least one JAR was scanned for TLDs yet contained no TLDs. Enable debug logging for this logger for a complete list of JARs that were scanned but no TLDs were found in them. Skipping unneeded JARs during scanning can improve startup time and JSP compilation time.
05-Jun-2026 14:55:42.770 WARNING [main] org.apache.catalina.util.SessionIdGeneratorBase.createSecureRandom Creation of SecureRandom instance for session ID generation using [SHA1PRNG] took [190] milliseconds.
05-Jun-2026 14:55:42.798 INFO [main] org.apache.catalina.startup.HostConfig.deployDirectory Deployment of web application directory [D:\evan\yen\hardening_tomcat9\apache-tomcat-9.0.118\webapps\host-manager] has finished in [461] ms
05-Jun-2026 14:55:42.799 INFO [main] org.apache.catalina.startup.HostConfig.deployDirectory Deploying web application directory [D:\evan\yen\hardening_tomcat9\apache-tomcat-9.0.118\webapps\manager]
05-Jun-2026 14:55:42.844 INFO [main] org.apache.jasper.servlet.TldScanner.scanJars At least one JAR was scanned for TLDs yet contained no TLDs. Enable debug logging for this logger for a complete list of JARs that were scanned but no TLDs were found in them. Skipping unneeded JARs during scanning can improve startup time and JSP compilation time.
05-Jun-2026 14:55:42.851 INFO [main] org.apache.catalina.startup.HostConfig.deployDirectory Deployment of web application directory [D:\evan\yen\hardening_tomcat9\apache-tomcat-9.0.118\webapps\manager] has finished in [52] ms
05-Jun-2026 14:55:42.852 INFO [main] org.apache.catalina.startup.HostConfig.deployDirectory Deploying web application directory [D:\evan\yen\hardening_tomcat9\apache-tomcat-9.0.118\webapps\ROOT]
05-Jun-2026 14:55:42.888 INFO [main] org.apache.jasper.servlet.TldScanner.scanJars At least one JAR was scanned for TLDs yet contained no TLDs. Enable debug logging for this logger for a complete list of JARs that were scanned but no TLDs were found in them. Skipping unneeded JARs during scanning can improve startup time and JSP compilation time.
05-Jun-2026 14:55:42.893 INFO [main] org.apache.catalina.startup.HostConfig.deployDirectory Deployment of web application directory [D:\evan\yen\hardening_tomcat9\apache-tomcat-9.0.118\webapps\ROOT] has finished in [42] ms
05-Jun-2026 14:55:42.899 INFO [main] org.apache.coyote.AbstractProtocol.start Starting ProtocolHandler ["http-nio-8080"]
05-Jun-2026 14:55:42.913 INFO [main] org.apache.catalina.startup.Catalina.start Server startup in [632] milliseconds
05-Jun-2026 14:55:59.453 INFO [Thread-2] org.apache.coyote.AbstractProtocol.pause Pausing ProtocolHandler ["http-nio-8080"]
05-Jun-2026 14:55:59.791 INFO [Thread-2] org.apache.catalina.core.StandardService.stopInternal Stopping service [Catalina]
05-Jun-2026 14:55:59.809 INFO [Thread-2] org.apache.coyote.AbstractProtocol.stop Stopping ProtocolHandler ["http-nio-8080"]
05-Jun-2026 14:55:59.820 INFO [Thread-2] org.apache.coyote.AbstractProtocol.destroy Destroying ProtocolHandler ["http-nio-8080"]
05-Jun-2026 14:56:20.833 INFO [main] org.apache.catalina.startup.VersionLoggerListener.log Server version name:   Apache Tomcat/9.0.118
05-Jun-2026 14:56:20.837 INFO [main] org.apache.catalina.startup.VersionLoggerListener.log Server built:          May 1 2026 19:30:30 UTC
05-Jun-2026 14:56:20.838 INFO [main] org.apache.catalina.startup.VersionLoggerListener.log Server version number: 9.0.118.0
05-Jun-2026 14:56:20.838 INFO [main] org.apache.catalina.startup.VersionLoggerListener.log OS Name:               Windows 10
05-Jun-2026 14:56:20.838 INFO [main] org.apache.catalina.startup.VersionLoggerListener.log OS Version:            10.0
05-Jun-2026 14:56:20.838 INFO [main] org.apache.catalina.startup.VersionLoggerListener.log Architecture:          amd64
05-Jun-2026 14:56:20.838 INFO [main] org.apache.catalina.startup.VersionLoggerListener.log Java Home:             C:\Program Files\Java\jdk1.8.0_202\jre
05-Jun-2026 14:56:20.838 INFO [main] org.apache.catalina.startup.VersionLoggerListener.log JVM Version:           1.8.0_202-b08
05-Jun-2026 14:56:20.838 INFO [main] org.apache.catalina.startup.VersionLoggerListener.log JVM Vendor:            Oracle Corporation
05-Jun-2026 14:56:20.838 INFO [main] org.apache.catalina.startup.VersionLoggerListener.log CATALINA_BASE:         D:\evan\yen\hardening_tomcat9\apache-tomcat-9.0.118
05-Jun-2026 14:56:20.838 INFO [main] org.apache.catalina.startup.VersionLoggerListener.log CATALINA_HOME:         D:\evan\yen\hardening_tomcat9\apache-tomcat-9.0.118
05-Jun-2026 14:56:20.838 INFO [main] org.apache.catalina.startup.VersionLoggerListener.log Command line argument: -Djava.util.logging.config.file=D:\evan\yen\hardening_tomcat9\apache-tomcat-9.0.118\conf\logging.properties
05-Jun-2026 14:56:20.838 INFO [main] org.apache.catalina.startup.VersionLoggerListener.log Command line argument: -Djava.util.logging.manager=org.apache.juli.ClassLoaderLogManager
05-Jun-2026 14:56:20.838 INFO [main] org.apache.catalina.startup.VersionLoggerListener.log Command line argument: -Djdk.tls.ephemeralDHKeySize=2048
05-Jun-2026 14:56:20.838 INFO [main] org.apache.catalina.startup.VersionLoggerListener.log Command line argument: -Djava.protocol.handler.pkgs=org.apache.catalina.webresources
05-Jun-2026 14:56:20.838 INFO [main] org.apache.catalina.startup.VersionLoggerListener.log Command line argument: -Dsun.io.useCanonCaches=false
05-Jun-2026 14:56:20.838 INFO [main] org.apache.catalina.startup.VersionLoggerListener.log Command line argument: -Dignore.endorsed.dirs=
05-Jun-2026 14:56:20.838 INFO [main] org.apache.catalina.startup.VersionLoggerListener.log Command line argument: -Dcatalina.base=D:\evan\yen\hardening_tomcat9\apache-tomcat-9.0.118
05-Jun-2026 14:56:20.838 INFO [main] org.apache.catalina.startup.VersionLoggerListener.log Command line argument: -Dcatalina.home=D:\evan\yen\hardening_tomcat9\apache-tomcat-9.0.118
05-Jun-2026 14:56:20.838 INFO [main] org.apache.catalina.startup.VersionLoggerListener.log Command line argument: -Djava.io.tmpdir=D:\evan\yen\hardening_tomcat9\apache-tomcat-9.0.118\temp
05-Jun-2026 14:56:20.838 INFO [main] org.apache.catalina.core.AprLifecycleListener.lifecycleEvent Loaded Apache Tomcat Native library [1.3.7] using APR version [1.7.6].
05-Jun-2026 14:56:20.838 INFO [main] org.apache.catalina.core.AprLifecycleListener.lifecycleEvent APR capabilities: IPv6 [true], sendfile [true], accept filters [false], random [true], UDS [true].
05-Jun-2026 14:56:20.838 INFO [main] org.apache.catalina.core.AprLifecycleListener.lifecycleEvent APR/OpenSSL configuration: useAprConnector [false], useOpenSSL [true]
05-Jun-2026 14:56:20.850 INFO [main] org.apache.catalina.core.AprLifecycleListener.initializeSSL OpenSSL successfully initialized [OpenSSL 3.0.19 27 Jan 2026]
05-Jun-2026 14:56:21.150 INFO [main] org.apache.coyote.AbstractProtocol.init Initializing ProtocolHandler ["http-nio-8080"]
05-Jun-2026 14:56:21.170 INFO [main] org.apache.coyote.AbstractProtocol.init Initializing ProtocolHandler ["ajp-nio-127.0.0.1-8009"]
05-Jun-2026 14:56:21.170 INFO [main] org.apache.catalina.startup.Catalina.load Server initialization in [523] milliseconds
05-Jun-2026 14:56:21.208 INFO [main] org.apache.catalina.core.StandardService.startInternal Starting service [Catalina]
05-Jun-2026 14:56:21.208 INFO [main] org.apache.catalina.core.StandardEngine.startInternal Starting Servlet engine: [Apache Tomcat/9.0.118]
05-Jun-2026 14:56:21.221 INFO [main] org.apache.catalina.startup.HostConfig.deployDirectory Deploying web application directory [D:\evan\yen\hardening_tomcat9\apache-tomcat-9.0.118\webapps\host-manager]
05-Jun-2026 14:56:21.430 INFO [main] org.apache.jasper.servlet.TldScanner.scanJars At least one JAR was scanned for TLDs yet contained no TLDs. Enable debug logging for this logger for a complete list of JARs that were scanned but no TLDs were found in them. Skipping unneeded JARs during scanning can improve startup time and JSP compilation time.
05-Jun-2026 14:56:21.633 WARNING [main] org.apache.catalina.util.SessionIdGeneratorBase.createSecureRandom Creation of SecureRandom instance for session ID generation using [SHA1PRNG] took [175] milliseconds.
05-Jun-2026 14:56:21.660 INFO [main] org.apache.catalina.startup.HostConfig.deployDirectory Deployment of web application directory [D:\evan\yen\hardening_tomcat9\apache-tomcat-9.0.118\webapps\host-manager] has finished in [437] ms
05-Jun-2026 14:56:21.660 INFO [main] org.apache.catalina.startup.HostConfig.deployDirectory Deploying web application directory [D:\evan\yen\hardening_tomcat9\apache-tomcat-9.0.118\webapps\manager]
05-Jun-2026 14:56:21.701 INFO [main] org.apache.jasper.servlet.TldScanner.scanJars At least one JAR was scanned for TLDs yet contained no TLDs. Enable debug logging for this logger for a complete list of JARs that were scanned but no TLDs were found in them. Skipping unneeded JARs during scanning can improve startup time and JSP compilation time.
05-Jun-2026 14:56:21.707 INFO [main] org.apache.catalina.startup.HostConfig.deployDirectory Deployment of web application directory [D:\evan\yen\hardening_tomcat9\apache-tomcat-9.0.118\webapps\manager] has finished in [47] ms
05-Jun-2026 14:56:21.708 INFO [main] org.apache.catalina.startup.HostConfig.deployDirectory Deploying web application directory [D:\evan\yen\hardening_tomcat9\apache-tomcat-9.0.118\webapps\ROOT]
05-Jun-2026 14:56:21.749 INFO [main] org.apache.jasper.servlet.TldScanner.scanJars At least one JAR was scanned for TLDs yet contained no TLDs. Enable debug logging for this logger for a complete list of JARs that were scanned but no TLDs were found in them. Skipping unneeded JARs during scanning can improve startup time and JSP compilation time.
05-Jun-2026 14:56:21.749 INFO [main] org.apache.catalina.startup.HostConfig.deployDirectory Deployment of web application directory [D:\evan\yen\hardening_tomcat9\apache-tomcat-9.0.118\webapps\ROOT] has finished in [42] ms
05-Jun-2026 14:56:21.758 INFO [main] org.apache.coyote.AbstractProtocol.start Starting ProtocolHandler ["http-nio-8080"]
05-Jun-2026 14:56:21.769 INFO [main] org.apache.coyote.AbstractProtocol.start Starting ProtocolHandler ["ajp-nio-127.0.0.1-8009"]
05-Jun-2026 14:56:21.778 INFO [main] org.apache.catalina.startup.Catalina.start Server startup in [601] milliseconds
05-Jun-2026 15:10:07.466 INFO [Thread-2] org.apache.coyote.AbstractProtocol.pause Pausing ProtocolHandler ["http-nio-8080"]
05-Jun-2026 15:10:07.828 INFO [Thread-2] org.apache.coyote.AbstractProtocol.pause Pausing ProtocolHandler ["ajp-nio-127.0.0.1-8009"]
05-Jun-2026 15:10:07.830 INFO [Thread-2] org.apache.catalina.core.StandardService.stopInternal Stopping service [Catalina]
05-Jun-2026 15:10:07.850 INFO [Thread-2] org.apache.coyote.AbstractProtocol.stop Stopping ProtocolHandler ["http-nio-8080"]
05-Jun-2026 15:10:07.862 INFO [Thread-2] org.apache.coyote.AbstractProtocol.stop Stopping ProtocolHandler ["ajp-nio-127.0.0.1-8009"]
05-Jun-2026 15:10:07.878 INFO [Thread-2] org.apache.coyote.AbstractProtocol.destroy Destroying ProtocolHandler ["http-nio-8080"]
05-Jun-2026 15:10:07.878 INFO [Thread-2] org.apache.coyote.AbstractProtocol.destroy Destroying ProtocolHandler ["ajp-nio-127.0.0.1-8009"]
05-Jun-2026 15:10:25.908 INFO [main] org.apache.catalina.startup.VersionLoggerListener.log Server version name:   Apache Tomcat/9.0.118
05-Jun-2026 15:10:25.912 INFO [main] org.apache.catalina.startup.VersionLoggerListener.log Server built:          May 1 2026 19:30:30 UTC
05-Jun-2026 15:10:25.914 INFO [main] org.apache.catalina.startup.VersionLoggerListener.log Server version number: 9.0.118.0
05-Jun-2026 15:10:25.914 INFO [main] org.apache.catalina.startup.VersionLoggerListener.log OS Name:               Windows 10
05-Jun-2026 15:10:25.914 INFO [main] org.apache.catalina.startup.VersionLoggerListener.log OS Version:            10.0
05-Jun-2026 15:10:25.914 INFO [main] org.apache.catalina.startup.VersionLoggerListener.log Architecture:          amd64
05-Jun-2026 15:10:25.914 INFO [main] org.apache.catalina.startup.VersionLoggerListener.log Java Home:             C:\Program Files\Java\jdk1.8.0_202\jre
05-Jun-2026 15:10:25.914 INFO [main] org.apache.catalina.startup.VersionLoggerListener.log JVM Version:           1.8.0_202-b08
05-Jun-2026 15:10:25.914 INFO [main] org.apache.catalina.startup.VersionLoggerListener.log JVM Vendor:            Oracle Corporation
05-Jun-2026 15:10:25.914 INFO [main] org.apache.catalina.startup.VersionLoggerListener.log CATALINA_BASE:         D:\evan\yen\hardening_tomcat9\apache-tomcat-9.0.118
05-Jun-2026 15:10:25.914 INFO [main] org.apache.catalina.startup.VersionLoggerListener.log CATALINA_HOME:         D:\evan\yen\hardening_tomcat9\apache-tomcat-9.0.118
05-Jun-2026 15:10:25.914 INFO [main] org.apache.catalina.startup.VersionLoggerListener.log Command line argument: -Djava.util.logging.config.file=D:\evan\yen\hardening_tomcat9\apache-tomcat-9.0.118\conf\logging.properties
05-Jun-2026 15:10:25.914 INFO [main] org.apache.catalina.startup.VersionLoggerListener.log Command line argument: -Djava.util.logging.manager=org.apache.juli.ClassLoaderLogManager
05-Jun-2026 15:10:25.917 INFO [main] org.apache.catalina.startup.VersionLoggerListener.log Command line argument: -Djdk.tls.ephemeralDHKeySize=2048
05-Jun-2026 15:10:25.917 INFO [main] org.apache.catalina.startup.VersionLoggerListener.log Command line argument: -Djava.protocol.handler.pkgs=org.apache.catalina.webresources
05-Jun-2026 15:10:25.917 INFO [main] org.apache.catalina.startup.VersionLoggerListener.log Command line argument: -Dsun.io.useCanonCaches=false
05-Jun-2026 15:10:25.917 INFO [main] org.apache.catalina.startup.VersionLoggerListener.log Command line argument: -Dignore.endorsed.dirs=
05-Jun-2026 15:10:25.917 INFO [main] org.apache.catalina.startup.VersionLoggerListener.log Command line argument: -Dcatalina.base=D:\evan\yen\hardening_tomcat9\apache-tomcat-9.0.118
05-Jun-2026 15:10:25.917 INFO [main] org.apache.catalina.startup.VersionLoggerListener.log Command line argument: -Dcatalina.home=D:\evan\yen\hardening_tomcat9\apache-tomcat-9.0.118
05-Jun-2026 15:10:25.917 INFO [main] org.apache.catalina.startup.VersionLoggerListener.log Command line argument: -Djava.io.tmpdir=D:\evan\yen\hardening_tomcat9\apache-tomcat-9.0.118\temp
05-Jun-2026 15:10:25.922 INFO [main] org.apache.catalina.core.AprLifecycleListener.lifecycleEvent Loaded Apache Tomcat Native library [1.3.7] using APR version [1.7.6].
05-Jun-2026 15:10:25.922 INFO [main] org.apache.catalina.core.AprLifecycleListener.lifecycleEvent APR capabilities: IPv6 [true], sendfile [true], accept filters [false], random [true], UDS [true].
05-Jun-2026 15:10:25.922 INFO [main] org.apache.catalina.core.AprLifecycleListener.lifecycleEvent APR/OpenSSL configuration: useAprConnector [false], useOpenSSL [true]
05-Jun-2026 15:10:25.930 INFO [main] org.apache.catalina.core.AprLifecycleListener.initializeSSL OpenSSL successfully initialized [OpenSSL 3.0.19 27 Jan 2026]
05-Jun-2026 15:10:26.237 INFO [main] org.apache.coyote.AbstractProtocol.init Initializing ProtocolHandler ["http-nio-8080"]
05-Jun-2026 15:10:26.264 INFO [main] org.apache.coyote.AbstractProtocol.init Initializing ProtocolHandler ["ajp-nio-127.0.0.1-8009"]
05-Jun-2026 15:10:26.264 INFO [main] org.apache.catalina.startup.Catalina.load Server initialization in [544] milliseconds
05-Jun-2026 15:10:26.302 INFO [main] org.apache.catalina.core.StandardService.startInternal Starting service [Catalina]
05-Jun-2026 15:10:26.302 INFO [main] org.apache.catalina.core.StandardEngine.startInternal Starting Servlet engine: [Apache Tomcat/9.0.118]
05-Jun-2026 15:10:26.316 INFO [main] org.apache.catalina.startup.HostConfig.deployDirectory Deploying web application directory [D:\evan\yen\hardening_tomcat9\apache-tomcat-9.0.118\webapps\host-manager]
05-Jun-2026 15:10:26.534 INFO [main] org.apache.jasper.servlet.TldScanner.scanJars At least one JAR was scanned for TLDs yet contained no TLDs. Enable debug logging for this logger for a complete list of JARs that were scanned but no TLDs were found in them. Skipping unneeded JARs during scanning can improve startup time and JSP compilation time.
05-Jun-2026 15:10:26.743 WARNING [main] org.apache.catalina.util.SessionIdGeneratorBase.createSecureRandom Creation of SecureRandom instance for session ID generation using [SHA1PRNG] took [177] milliseconds.
05-Jun-2026 15:10:26.762 SEVERE [main] org.apache.jasper.EmbeddedServletOptions.<init> The scratchDir you specified: [D:\evan\yen\hardening_tomcat9\apache-tomcat-9.0.118\work\Catalina\localhost\host-manager] is unusable.
05-Jun-2026 15:10:26.772 INFO [main] org.apache.catalina.startup.HostConfig.deployDirectory Deployment of web application directory [D:\evan\yen\hardening_tomcat9\apache-tomcat-9.0.118\webapps\host-manager] has finished in [456] ms
05-Jun-2026 15:10:26.772 INFO [main] org.apache.catalina.startup.HostConfig.deployDirectory Deploying web application directory [D:\evan\yen\hardening_tomcat9\apache-tomcat-9.0.118\webapps\manager]
05-Jun-2026 15:10:26.812 INFO [main] org.apache.jasper.servlet.TldScanner.scanJars At least one JAR was scanned for TLDs yet contained no TLDs. Enable debug logging for this logger for a complete list of JARs that were scanned but no TLDs were found in them. Skipping unneeded JARs during scanning can improve startup time and JSP compilation time.
05-Jun-2026 15:10:26.818 INFO [main] org.apache.catalina.startup.HostConfig.deployDirectory Deployment of web application directory [D:\evan\yen\hardening_tomcat9\apache-tomcat-9.0.118\webapps\manager] has finished in [46] ms
05-Jun-2026 15:10:26.820 INFO [main] org.apache.catalina.startup.HostConfig.deployDirectory Deploying web application directory [D:\evan\yen\hardening_tomcat9\apache-tomcat-9.0.118\webapps\ROOT]
05-Jun-2026 15:10:26.858 INFO [main] org.apache.jasper.servlet.TldScanner.scanJars At least one JAR was scanned for TLDs yet contained no TLDs. Enable debug logging for this logger for a complete list of JARs that were scanned but no TLDs were found in them. Skipping unneeded JARs during scanning can improve startup time and JSP compilation time.
05-Jun-2026 15:10:26.864 INFO [main] org.apache.catalina.startup.HostConfig.deployDirectory Deployment of web application directory [D:\evan\yen\hardening_tomcat9\apache-tomcat-9.0.118\webapps\ROOT] has finished in [44] ms
05-Jun-2026 15:10:26.867 INFO [main] org.apache.coyote.AbstractProtocol.start Starting ProtocolHandler ["http-nio-8080"]
05-Jun-2026 15:10:26.880 INFO [main] org.apache.coyote.AbstractProtocol.start Starting ProtocolHandler ["ajp-nio-127.0.0.1-8009"]
05-Jun-2026 15:10:26.887 INFO [main] org.apache.catalina.startup.Catalina.start Server startup in [620] milliseconds
05-Jun-2026 15:20:50.597 INFO [Thread-2] org.apache.coyote.AbstractProtocol.pause Pausing ProtocolHandler ["http-nio-8080"]
05-Jun-2026 15:20:50.918 INFO [Thread-2] org.apache.coyote.AbstractProtocol.pause Pausing ProtocolHandler ["ajp-nio-127.0.0.1-8009"]
05-Jun-2026 15:20:50.922 INFO [Thread-2] org.apache.catalina.core.StandardService.stopInternal Stopping service [Catalina]
05-Jun-2026 15:20:50.938 INFO [Thread-2] org.apache.coyote.AbstractProtocol.stop Stopping ProtocolHandler ["http-nio-8080"]
05-Jun-2026 15:20:50.944 INFO [Thread-2] org.apache.coyote.AbstractProtocol.stop Stopping ProtocolHandler ["ajp-nio-127.0.0.1-8009"]
05-Jun-2026 15:20:50.958 INFO [Thread-2] org.apache.coyote.AbstractProtocol.destroy Destroying ProtocolHandler ["http-nio-8080"]
05-Jun-2026 15:20:50.959 INFO [Thread-2] org.apache.coyote.AbstractProtocol.destroy Destroying ProtocolHandler ["ajp-nio-127.0.0.1-8009"]
05-Jun-2026 15:21:29.235 INFO [main] org.apache.catalina.startup.VersionLoggerListener.log Server version name:   Apache Tomcat/9.0.118
05-Jun-2026 15:21:29.240 INFO [main] org.apache.catalina.startup.VersionLoggerListener.log Server built:          May 1 2026 19:30:30 UTC
05-Jun-2026 15:21:29.241 INFO [main] org.apache.catalina.startup.VersionLoggerListener.log Server version number: 9.0.118.0
05-Jun-2026 15:21:29.241 INFO [main] org.apache.catalina.startup.VersionLoggerListener.log OS Name:               Windows 10
05-Jun-2026 15:21:29.241 INFO [main] org.apache.catalina.startup.VersionLoggerListener.log OS Version:            10.0
05-Jun-2026 15:21:29.241 INFO [main] org.apache.catalina.startup.VersionLoggerListener.log Architecture:          amd64
05-Jun-2026 15:21:29.242 INFO [main] org.apache.catalina.startup.VersionLoggerListener.log Java Home:             C:\Program Files\Java\jdk1.8.0_202\jre
05-Jun-2026 15:21:29.242 INFO [main] org.apache.catalina.startup.VersionLoggerListener.log JVM Version:           1.8.0_202-b08
05-Jun-2026 15:21:29.242 INFO [main] org.apache.catalina.startup.VersionLoggerListener.log JVM Vendor:            Oracle Corporation
05-Jun-2026 15:21:29.242 INFO [main] org.apache.catalina.startup.VersionLoggerListener.log CATALINA_BASE:         D:\evan\yen\hardening_tomcat9\apache-tomcat-9.0.118
05-Jun-2026 15:21:29.242 INFO [main] org.apache.catalina.startup.VersionLoggerListener.log CATALINA_HOME:         D:\evan\yen\hardening_tomcat9\apache-tomcat-9.0.118
05-Jun-2026 15:21:29.243 INFO [main] org.apache.catalina.startup.VersionLoggerListener.log Command line argument: -Djava.util.logging.config.file=D:\evan\yen\hardening_tomcat9\apache-tomcat-9.0.118\conf\logging.properties
05-Jun-2026 15:21:29.243 INFO [main] org.apache.catalina.startup.VersionLoggerListener.log Command line argument: -Djava.util.logging.manager=org.apache.juli.ClassLoaderLogManager
05-Jun-2026 15:21:29.243 INFO [main] org.apache.catalina.startup.VersionLoggerListener.log Command line argument: -Djdk.tls.ephemeralDHKeySize=2048
05-Jun-2026 15:21:29.243 INFO [main] org.apache.catalina.startup.VersionLoggerListener.log Command line argument: -Djava.protocol.handler.pkgs=org.apache.catalina.webresources
05-Jun-2026 15:21:29.243 INFO [main] org.apache.catalina.startup.VersionLoggerListener.log Command line argument: -Dsun.io.useCanonCaches=false
05-Jun-2026 15:21:29.244 INFO [main] org.apache.catalina.startup.VersionLoggerListener.log Command line argument: -Dignore.endorsed.dirs=
05-Jun-2026 15:21:29.244 INFO [main] org.apache.catalina.startup.VersionLoggerListener.log Command line argument: -Dcatalina.base=D:\evan\yen\hardening_tomcat9\apache-tomcat-9.0.118
05-Jun-2026 15:21:29.244 INFO [main] org.apache.catalina.startup.VersionLoggerListener.log Command line argument: -Dcatalina.home=D:\evan\yen\hardening_tomcat9\apache-tomcat-9.0.118
05-Jun-2026 15:21:29.244 INFO [main] org.apache.catalina.startup.VersionLoggerListener.log Command line argument: -Djava.io.tmpdir=D:\evan\yen\hardening_tomcat9\apache-tomcat-9.0.118\temp
05-Jun-2026 15:21:29.250 INFO [main] org.apache.catalina.core.AprLifecycleListener.lifecycleEvent Loaded Apache Tomcat Native library [1.3.7] using APR version [1.7.6].
05-Jun-2026 15:21:29.251 INFO [main] org.apache.catalina.core.AprLifecycleListener.lifecycleEvent APR capabilities: IPv6 [true], sendfile [true], accept filters [false], random [true], UDS [true].
05-Jun-2026 15:21:29.251 INFO [main] org.apache.catalina.core.AprLifecycleListener.lifecycleEvent APR/OpenSSL configuration: useAprConnector [false], useOpenSSL [true]
05-Jun-2026 15:21:29.258 INFO [main] org.apache.catalina.core.AprLifecycleListener.initializeSSL OpenSSL successfully initialized [OpenSSL 3.0.19 27 Jan 2026]
05-Jun-2026 15:21:29.564 INFO [main] org.apache.coyote.AbstractProtocol.init Initializing ProtocolHandler ["http-nio-8080"]
05-Jun-2026 15:21:29.589 INFO [main] org.apache.coyote.AbstractProtocol.init Initializing ProtocolHandler ["ajp-nio-127.0.0.1-8009"]
05-Jun-2026 15:21:29.589 INFO [main] org.apache.catalina.startup.Catalina.load Server initialization in [529] milliseconds
05-Jun-2026 15:21:29.619 INFO [main] org.apache.catalina.core.StandardService.startInternal Starting service [Catalina]
05-Jun-2026 15:21:29.619 INFO [main] org.apache.catalina.core.StandardEngine.startInternal Starting Servlet engine: [Apache Tomcat/9.0.118]
05-Jun-2026 15:21:29.633 INFO [main] org.apache.catalina.startup.HostConfig.deployDirectory Deploying web application directory [D:\evan\yen\hardening_tomcat9\apache-tomcat-9.0.118\webapps\host-manager]
05-Jun-2026 15:21:29.865 INFO [main] org.apache.jasper.servlet.TldScanner.scanJars At least one JAR was scanned for TLDs yet contained no TLDs. Enable debug logging for this logger for a complete list of JARs that were scanned but no TLDs were found in them. Skipping unneeded JARs during scanning can improve startup time and JSP compilation time.
05-Jun-2026 15:21:30.077 WARNING [main] org.apache.catalina.util.SessionIdGeneratorBase.createSecureRandom Creation of SecureRandom instance for session ID generation using [SHA1PRNG] took [182] milliseconds.
05-Jun-2026 15:21:30.103 INFO [main] org.apache.catalina.startup.HostConfig.deployDirectory Deployment of web application directory [D:\evan\yen\hardening_tomcat9\apache-tomcat-9.0.118\webapps\host-manager] has finished in [470] ms
05-Jun-2026 15:21:30.104 INFO [main] org.apache.catalina.startup.HostConfig.deployDirectory Deploying web application directory [D:\evan\yen\hardening_tomcat9\apache-tomcat-9.0.118\webapps\manager]
05-Jun-2026 15:21:30.141 INFO [main] org.apache.jasper.servlet.TldScanner.scanJars At least one JAR was scanned for TLDs yet contained no TLDs. Enable debug logging for this logger for a complete list of JARs that were scanned but no TLDs were found in them. Skipping unneeded JARs during scanning can improve startup time and JSP compilation time.
05-Jun-2026 15:21:30.149 INFO [main] org.apache.catalina.startup.HostConfig.deployDirectory Deployment of web application directory [D:\evan\yen\hardening_tomcat9\apache-tomcat-9.0.118\webapps\manager] has finished in [45] ms
05-Jun-2026 15:21:30.149 INFO [main] org.apache.catalina.startup.HostConfig.deployDirectory Deploying web application directory [D:\evan\yen\hardening_tomcat9\apache-tomcat-9.0.118\webapps\ROOT]
05-Jun-2026 15:21:30.188 INFO [main] org.apache.jasper.servlet.TldScanner.scanJars At least one JAR was scanned for TLDs yet contained no TLDs. Enable debug logging for this logger for a complete list of JARs that were scanned but no TLDs were found in them. Skipping unneeded JARs during scanning can improve startup time and JSP compilation time.
05-Jun-2026 15:21:30.193 INFO [main] org.apache.catalina.startup.HostConfig.deployDirectory Deployment of web application directory [D:\evan\yen\hardening_tomcat9\apache-tomcat-9.0.118\webapps\ROOT] has finished in [44] ms
05-Jun-2026 15:21:30.198 INFO [main] org.apache.coyote.AbstractProtocol.start Starting ProtocolHandler ["http-nio-8080"]
05-Jun-2026 15:21:30.215 INFO [main] org.apache.coyote.AbstractProtocol.start Starting ProtocolHandler ["ajp-nio-127.0.0.1-8009"]
05-Jun-2026 15:21:30.219 INFO [main] org.apache.catalina.startup.Catalina.start Server startup in [627] milliseconds
05-Jun-2026 15:46:01.328 INFO [Thread-2] org.apache.coyote.AbstractProtocol.pause Pausing ProtocolHandler ["http-nio-8080"]
05-Jun-2026 15:46:01.667 INFO [Thread-2] org.apache.coyote.AbstractProtocol.pause Pausing ProtocolHandler ["ajp-nio-127.0.0.1-8009"]
05-Jun-2026 15:46:01.669 INFO [Thread-2] org.apache.catalina.core.StandardService.stopInternal Stopping service [Catalina]
05-Jun-2026 15:46:01.688 INFO [Thread-2] org.apache.coyote.AbstractProtocol.stop Stopping ProtocolHandler ["http-nio-8080"]
05-Jun-2026 15:46:01.707 INFO [Thread-2] org.apache.coyote.AbstractProtocol.stop Stopping ProtocolHandler ["ajp-nio-127.0.0.1-8009"]
05-Jun-2026 15:46:01.724 INFO [Thread-2] org.apache.coyote.AbstractProtocol.destroy Destroying ProtocolHandler ["http-nio-8080"]
05-Jun-2026 15:46:01.724 INFO [Thread-2] org.apache.coyote.AbstractProtocol.destroy Destroying ProtocolHandler ["ajp-nio-127.0.0.1-8009"]
05-Jun-2026 15:46:09.415 INFO [main] org.apache.catalina.startup.VersionLoggerListener.log Server version name:   Apache Tomcat/9.0.118
05-Jun-2026 15:46:09.419 INFO [main] org.apache.catalina.startup.VersionLoggerListener.log Server built:          May 1 2026 19:30:30 UTC
05-Jun-2026 15:46:09.419 INFO [main] org.apache.catalina.startup.VersionLoggerListener.log Server version number: 9.0.118.0
05-Jun-2026 15:46:09.419 INFO [main] org.apache.catalina.startup.VersionLoggerListener.log OS Name:               Windows 10
05-Jun-2026 15:46:09.419 INFO [main] org.apache.catalina.startup.VersionLoggerListener.log OS Version:            10.0
05-Jun-2026 15:46:09.419 INFO [main] org.apache.catalina.startup.VersionLoggerListener.log Architecture:          amd64
05-Jun-2026 15:46:09.419 INFO [main] org.apache.catalina.startup.VersionLoggerListener.log Java Home:             C:\Program Files\Java\jdk1.8.0_202\jre
05-Jun-2026 15:46:09.419 INFO [main] org.apache.catalina.startup.VersionLoggerListener.log JVM Version:           1.8.0_202-b08
05-Jun-2026 15:46:09.419 INFO [main] org.apache.catalina.startup.VersionLoggerListener.log JVM Vendor:            Oracle Corporation
05-Jun-2026 15:46:09.419 INFO [main] org.apache.catalina.startup.VersionLoggerListener.log CATALINA_BASE:         D:\evan\yen\hardening_tomcat9\apache-tomcat-9.0.118
05-Jun-2026 15:46:09.419 INFO [main] org.apache.catalina.startup.VersionLoggerListener.log CATALINA_HOME:         D:\evan\yen\hardening_tomcat9\apache-tomcat-9.0.118
05-Jun-2026 15:46:09.419 INFO [main] org.apache.catalina.startup.VersionLoggerListener.log Command line argument: -Djava.util.logging.config.file=D:\evan\yen\hardening_tomcat9\apache-tomcat-9.0.118\conf\logging.properties
05-Jun-2026 15:46:09.419 INFO [main] org.apache.catalina.startup.VersionLoggerListener.log Command line argument: -Djava.util.logging.manager=org.apache.juli.ClassLoaderLogManager
05-Jun-2026 15:46:09.419 INFO [main] org.apache.catalina.startup.VersionLoggerListener.log Command line argument: -Djdk.tls.ephemeralDHKeySize=2048
05-Jun-2026 15:46:09.419 INFO [main] org.apache.catalina.startup.VersionLoggerListener.log Command line argument: -Djava.protocol.handler.pkgs=org.apache.catalina.webresources
05-Jun-2026 15:46:09.419 INFO [main] org.apache.catalina.startup.VersionLoggerListener.log Command line argument: -Dsun.io.useCanonCaches=false
05-Jun-2026 15:46:09.419 INFO [main] org.apache.catalina.startup.VersionLoggerListener.log Command line argument: -Dignore.endorsed.dirs=
05-Jun-2026 15:46:09.419 INFO [main] org.apache.catalina.startup.VersionLoggerListener.log Command line argument: -Dcatalina.base=D:\evan\yen\hardening_tomcat9\apache-tomcat-9.0.118
05-Jun-2026 15:46:09.419 INFO [main] org.apache.catalina.startup.VersionLoggerListener.log Command line argument: -Dcatalina.home=D:\evan\yen\hardening_tomcat9\apache-tomcat-9.0.118
05-Jun-2026 15:46:09.419 INFO [main] org.apache.catalina.startup.VersionLoggerListener.log Command line argument: -Djava.io.tmpdir=D:\evan\yen\hardening_tomcat9\apache-tomcat-9.0.118\temp
05-Jun-2026 15:46:09.428 INFO [main] org.apache.catalina.core.AprLifecycleListener.lifecycleEvent Loaded Apache Tomcat Native library [1.3.7] using APR version [1.7.6].
05-Jun-2026 15:46:09.428 INFO [main] org.apache.catalina.core.AprLifecycleListener.lifecycleEvent APR capabilities: IPv6 [true], sendfile [true], accept filters [false], random [true], UDS [true].
05-Jun-2026 15:46:09.428 INFO [main] org.apache.catalina.core.AprLifecycleListener.lifecycleEvent APR/OpenSSL configuration: useAprConnector [false], useOpenSSL [true]
05-Jun-2026 15:46:09.439 INFO [main] org.apache.catalina.core.AprLifecycleListener.initializeSSL OpenSSL successfully initialized [OpenSSL 3.0.19 27 Jan 2026]
05-Jun-2026 15:46:09.750 INFO [main] org.apache.coyote.AbstractProtocol.init Initializing ProtocolHandler ["http-nio-8080"]
05-Jun-2026 15:46:09.786 INFO [main] org.apache.coyote.AbstractProtocol.init Initializing ProtocolHandler ["ajp-nio-127.0.0.1-8009"]
05-Jun-2026 15:46:09.789 INFO [main] org.apache.catalina.startup.Catalina.load Server initialization in [573] milliseconds
05-Jun-2026 15:46:09.828 INFO [main] org.apache.catalina.core.StandardService.startInternal Starting service [Catalina]
05-Jun-2026 15:46:09.828 INFO [main] org.apache.catalina.core.StandardEngine.startInternal Starting Servlet engine: [Apache Tomcat/9.0.118]
05-Jun-2026 15:46:09.838 INFO [main] org.apache.catalina.startup.HostConfig.deployDirectory Deploying web application directory [D:\evan\yen\hardening_tomcat9\apache-tomcat-9.0.118\webapps\host-manager]
05-Jun-2026 15:46:10.078 INFO [main] org.apache.jasper.servlet.TldScanner.scanJars At least one JAR was scanned for TLDs yet contained no TLDs. Enable debug logging for this logger for a complete list of JARs that were scanned but no TLDs were found in them. Skipping unneeded JARs during scanning can improve startup time and JSP compilation time.
05-Jun-2026 15:46:10.319 WARNING [main] org.apache.catalina.util.SessionIdGeneratorBase.createSecureRandom Creation of SecureRandom instance for session ID generation using [SHA1PRNG] took [209] milliseconds.
05-Jun-2026 15:46:10.348 INFO [main] org.apache.catalina.startup.HostConfig.deployDirectory Deployment of web application directory [D:\evan\yen\hardening_tomcat9\apache-tomcat-9.0.118\webapps\host-manager] has finished in [509] ms
05-Jun-2026 15:46:10.348 INFO [main] org.apache.catalina.startup.HostConfig.deployDirectory Deploying web application directory [D:\evan\yen\hardening_tomcat9\apache-tomcat-9.0.118\webapps\manager]
05-Jun-2026 15:46:10.392 INFO [main] org.apache.jasper.servlet.TldScanner.scanJars At least one JAR was scanned for TLDs yet contained no TLDs. Enable debug logging for this logger for a complete list of JARs that were scanned but no TLDs were found in them. Skipping unneeded JARs during scanning can improve startup time and JSP compilation time.
05-Jun-2026 15:46:10.400 INFO [main] org.apache.catalina.startup.HostConfig.deployDirectory Deployment of web application directory [D:\evan\yen\hardening_tomcat9\apache-tomcat-9.0.118\webapps\manager] has finished in [50] ms
05-Jun-2026 15:46:10.400 INFO [main] org.apache.catalina.startup.HostConfig.deployDirectory Deploying web application directory [D:\evan\yen\hardening_tomcat9\apache-tomcat-9.0.118\webapps\ROOT]
05-Jun-2026 15:46:10.439 INFO [main] org.apache.jasper.servlet.TldScanner.scanJars At least one JAR was scanned for TLDs yet contained no TLDs. Enable debug logging for this logger for a complete list of JARs that were scanned but no TLDs were found in them. Skipping unneeded JARs during scanning can improve startup time and JSP compilation time.
05-Jun-2026 15:46:10.444 INFO [main] org.apache.catalina.startup.HostConfig.deployDirectory Deployment of web application directory [D:\evan\yen\hardening_tomcat9\apache-tomcat-9.0.118\webapps\ROOT] has finished in [44] ms
05-Jun-2026 15:46:10.448 INFO [main] org.apache.coyote.AbstractProtocol.start Starting ProtocolHandler ["http-nio-8080"]
05-Jun-2026 15:46:10.468 INFO [main] org.apache.coyote.AbstractProtocol.start Starting ProtocolHandler ["ajp-nio-127.0.0.1-8009"]
05-Jun-2026 15:46:10.470 INFO [main] org.apache.catalina.startup.Catalina.start Server startup in [682] milliseconds
05-Jun-2026 16:05:13.298 INFO [Thread-2] org.apache.coyote.AbstractProtocol.pause Pausing ProtocolHandler ["http-nio-8080"]
05-Jun-2026 16:05:13.644 INFO [Thread-2] org.apache.coyote.AbstractProtocol.pause Pausing ProtocolHandler ["ajp-nio-127.0.0.1-8009"]
05-Jun-2026 16:05:13.648 INFO [Thread-2] org.apache.catalina.core.StandardService.stopInternal Stopping service [Catalina]
05-Jun-2026 16:05:13.667 INFO [Thread-2] org.apache.coyote.AbstractProtocol.stop Stopping ProtocolHandler ["http-nio-8080"]
05-Jun-2026 16:05:13.680 INFO [Thread-2] org.apache.coyote.AbstractProtocol.stop Stopping ProtocolHandler ["ajp-nio-127.0.0.1-8009"]
05-Jun-2026 16:05:13.698 INFO [Thread-2] org.apache.coyote.AbstractProtocol.destroy Destroying ProtocolHandler ["http-nio-8080"]
05-Jun-2026 16:05:13.698 INFO [Thread-2] org.apache.coyote.AbstractProtocol.destroy Destroying ProtocolHandler ["ajp-nio-127.0.0.1-8009"]
05-Jun-2026 16:05:41.472 INFO [main] org.apache.catalina.startup.VersionLoggerListener.log Server version name:   Apache Tomcat/9.0.118
05-Jun-2026 16:05:41.478 INFO [main] org.apache.catalina.startup.VersionLoggerListener.log Server built:          May 1 2026 19:30:30 UTC
05-Jun-2026 16:05:41.478 INFO [main] org.apache.catalina.startup.VersionLoggerListener.log Server version number: 9.0.118.0
05-Jun-2026 16:05:41.478 INFO [main] org.apache.catalina.startup.VersionLoggerListener.log OS Name:               Windows 10
05-Jun-2026 16:05:41.478 INFO [main] org.apache.catalina.startup.VersionLoggerListener.log OS Version:            10.0
05-Jun-2026 16:05:41.478 INFO [main] org.apache.catalina.startup.VersionLoggerListener.log Architecture:          amd64
05-Jun-2026 16:05:41.478 INFO [main] org.apache.catalina.startup.VersionLoggerListener.log Java Home:             C:\Program Files\Java\jdk1.8.0_202\jre
05-Jun-2026 16:05:41.478 INFO [main] org.apache.catalina.startup.VersionLoggerListener.log JVM Version:           1.8.0_202-b08
05-Jun-2026 16:05:41.478 INFO [main] org.apache.catalina.startup.VersionLoggerListener.log JVM Vendor:            Oracle Corporation
05-Jun-2026 16:05:41.478 INFO [main] org.apache.catalina.startup.VersionLoggerListener.log CATALINA_BASE:         D:\evan\yen\hardening_tomcat9\apache-tomcat-9.0.118
05-Jun-2026 16:05:41.478 INFO [main] org.apache.catalina.startup.VersionLoggerListener.log CATALINA_HOME:         D:\evan\yen\hardening_tomcat9\apache-tomcat-9.0.118
05-Jun-2026 16:05:41.478 INFO [main] org.apache.catalina.startup.VersionLoggerListener.log Command line argument: -Djava.util.logging.config.file=D:\evan\yen\hardening_tomcat9\apache-tomcat-9.0.118\conf\logging.properties
05-Jun-2026 16:05:41.478 INFO [main] org.apache.catalina.startup.VersionLoggerListener.log Command line argument: -Djava.util.logging.manager=org.apache.juli.ClassLoaderLogManager
05-Jun-2026 16:05:41.478 INFO [main] org.apache.catalina.startup.VersionLoggerListener.log Command line argument: -Djdk.tls.ephemeralDHKeySize=2048
05-Jun-2026 16:05:41.478 INFO [main] org.apache.catalina.startup.VersionLoggerListener.log Command line argument: -Djava.protocol.handler.pkgs=org.apache.catalina.webresources
05-Jun-2026 16:05:41.478 INFO [main] org.apache.catalina.startup.VersionLoggerListener.log Command line argument: -Dsun.io.useCanonCaches=false
05-Jun-2026 16:05:41.478 INFO [main] org.apache.catalina.startup.VersionLoggerListener.log Command line argument: -Dignore.endorsed.dirs=
05-Jun-2026 16:05:41.478 INFO [main] org.apache.catalina.startup.VersionLoggerListener.log Command line argument: -Dcatalina.base=D:\evan\yen\hardening_tomcat9\apache-tomcat-9.0.118
05-Jun-2026 16:05:41.478 INFO [main] org.apache.catalina.startup.VersionLoggerListener.log Command line argument: -Dcatalina.home=D:\evan\yen\hardening_tomcat9\apache-tomcat-9.0.118
05-Jun-2026 16:05:41.478 INFO [main] org.apache.catalina.startup.VersionLoggerListener.log Command line argument: -Djava.io.tmpdir=D:\evan\yen\hardening_tomcat9\apache-tomcat-9.0.118\temp
05-Jun-2026 16:05:41.478 INFO [main] org.apache.catalina.core.AprLifecycleListener.lifecycleEvent Loaded Apache Tomcat Native library [1.3.7] using APR version [1.7.6].
05-Jun-2026 16:05:41.478 INFO [main] org.apache.catalina.core.AprLifecycleListener.lifecycleEvent APR capabilities: IPv6 [true], sendfile [true], accept filters [false], random [true], UDS [true].
05-Jun-2026 16:05:41.487 INFO [main] org.apache.catalina.core.AprLifecycleListener.lifecycleEvent APR/OpenSSL configuration: useAprConnector [false], useOpenSSL [true]
05-Jun-2026 16:05:41.498 INFO [main] org.apache.catalina.core.AprLifecycleListener.initializeSSL OpenSSL successfully initialized [OpenSSL 3.0.19 27 Jan 2026]
05-Jun-2026 16:05:41.818 INFO [main] org.apache.coyote.AbstractProtocol.init Initializing ProtocolHandler ["http-nio-8080"]
05-Jun-2026 16:05:41.854 INFO [main] org.apache.coyote.AbstractProtocol.init Initializing ProtocolHandler ["ajp-nio-127.0.0.1-8009"]
05-Jun-2026 16:05:41.856 INFO [main] org.apache.catalina.startup.Catalina.load Server initialization in [571] milliseconds
05-Jun-2026 16:05:41.893 INFO [main] org.apache.catalina.core.StandardService.startInternal Starting service [Catalina]
05-Jun-2026 16:05:41.893 INFO [main] org.apache.catalina.core.StandardEngine.startInternal Starting Servlet engine: [Apache Tomcat/9.0.118]
05-Jun-2026 16:05:41.910 INFO [main] org.apache.catalina.startup.HostConfig.deployDirectory Deploying web application directory [D:\evan\yen\hardening_tomcat9\apache-tomcat-9.0.118\webapps\host-manager]
05-Jun-2026 16:05:42.142 INFO [main] org.apache.jasper.servlet.TldScanner.scanJars At least one JAR was scanned for TLDs yet contained no TLDs. Enable debug logging for this logger for a complete list of JARs that were scanned but no TLDs were found in them. Skipping unneeded JARs during scanning can improve startup time and JSP compilation time.
05-Jun-2026 16:05:42.350 WARNING [main] org.apache.catalina.util.SessionIdGeneratorBase.createSecureRandom Creation of SecureRandom instance for session ID generation using [SHA1PRNG] took [179] milliseconds.
05-Jun-2026 16:05:42.380 INFO [main] org.apache.catalina.startup.HostConfig.deployDirectory Deployment of web application directory [D:\evan\yen\hardening_tomcat9\apache-tomcat-9.0.118\webapps\host-manager] has finished in [470] ms
05-Jun-2026 16:05:42.380 INFO [main] org.apache.catalina.startup.HostConfig.deployDirectory Deploying web application directory [D:\evan\yen\hardening_tomcat9\apache-tomcat-9.0.118\webapps\manager]
05-Jun-2026 16:05:42.418 INFO [main] org.apache.jasper.servlet.TldScanner.scanJars At least one JAR was scanned for TLDs yet contained no TLDs. Enable debug logging for this logger for a complete list of JARs that were scanned but no TLDs were found in them. Skipping unneeded JARs during scanning can improve startup time and JSP compilation time.
05-Jun-2026 16:05:42.428 INFO [main] org.apache.catalina.startup.HostConfig.deployDirectory Deployment of web application directory [D:\evan\yen\hardening_tomcat9\apache-tomcat-9.0.118\webapps\manager] has finished in [48] ms
05-Jun-2026 16:05:42.429 INFO [main] org.apache.catalina.startup.HostConfig.deployDirectory Deploying web application directory [D:\evan\yen\hardening_tomcat9\apache-tomcat-9.0.118\webapps\ROOT]
05-Jun-2026 16:05:42.468 INFO [main] org.apache.jasper.servlet.TldScanner.scanJars At least one JAR was scanned for TLDs yet contained no TLDs. Enable debug logging for this logger for a complete list of JARs that were scanned but no TLDs were found in them. Skipping unneeded JARs during scanning can improve startup time and JSP compilation time.
05-Jun-2026 16:05:42.473 INFO [main] org.apache.catalina.startup.HostConfig.deployDirectory Deployment of web application directory [D:\evan\yen\hardening_tomcat9\apache-tomcat-9.0.118\webapps\ROOT] has finished in [44] ms
05-Jun-2026 16:05:42.478 INFO [main] org.apache.coyote.AbstractProtocol.start Starting ProtocolHandler ["http-nio-8080"]
05-Jun-2026 16:05:42.497 INFO [main] org.apache.coyote.AbstractProtocol.start Starting ProtocolHandler ["ajp-nio-127.0.0.1-8009"]
05-Jun-2026 16:05:42.500 INFO [main] org.apache.catalina.startup.Catalina.start Server startup in [643] milliseconds
05-Jun-2026 16:06:18.538 INFO [Thread-2] org.apache.coyote.AbstractProtocol.pause Pausing ProtocolHandler ["http-nio-8080"]
05-Jun-2026 16:06:18.847 INFO [Thread-2] org.apache.coyote.AbstractProtocol.pause Pausing ProtocolHandler ["ajp-nio-127.0.0.1-8009"]
05-Jun-2026 16:06:18.848 INFO [Thread-2] org.apache.catalina.core.StandardService.stopInternal Stopping service [Catalina]
05-Jun-2026 16:06:18.859 INFO [Thread-2] org.apache.coyote.AbstractProtocol.stop Stopping ProtocolHandler ["http-nio-8080"]
05-Jun-2026 16:06:18.878 INFO [Thread-2] org.apache.coyote.AbstractProtocol.stop Stopping ProtocolHandler ["ajp-nio-127.0.0.1-8009"]
05-Jun-2026 16:06:18.891 INFO [Thread-2] org.apache.coyote.AbstractProtocol.destroy Destroying ProtocolHandler ["http-nio-8080"]
05-Jun-2026 16:06:18.891 INFO [Thread-2] org.apache.coyote.AbstractProtocol.destroy Destroying ProtocolHandler ["ajp-nio-127.0.0.1-8009"]
05-Jun-2026 16:06:55.398 INFO [main] org.apache.catalina.startup.VersionLoggerListener.log Server version name:   Apache Tomcat/9.0.118
05-Jun-2026 16:06:55.398 INFO [main] org.apache.catalina.startup.VersionLoggerListener.log Server built:          May 1 2026 19:30:30 UTC
05-Jun-2026 16:06:55.398 INFO [main] org.apache.catalina.startup.VersionLoggerListener.log Server version number: 9.0.118.0
05-Jun-2026 16:06:55.398 INFO [main] org.apache.catalina.startup.VersionLoggerListener.log OS Name:               Windows 10
05-Jun-2026 16:06:55.405 INFO [main] org.apache.catalina.startup.VersionLoggerListener.log OS Version:            10.0
05-Jun-2026 16:06:55.405 INFO [main] org.apache.catalina.startup.VersionLoggerListener.log Architecture:          amd64
05-Jun-2026 16:06:55.405 INFO [main] org.apache.catalina.startup.VersionLoggerListener.log Java Home:             C:\Program Files\Java\jdk1.8.0_202\jre
05-Jun-2026 16:06:55.405 INFO [main] org.apache.catalina.startup.VersionLoggerListener.log JVM Version:           1.8.0_202-b08
05-Jun-2026 16:06:55.405 INFO [main] org.apache.catalina.startup.VersionLoggerListener.log JVM Vendor:            Oracle Corporation
05-Jun-2026 16:06:55.405 INFO [main] org.apache.catalina.startup.VersionLoggerListener.log CATALINA_BASE:         D:\evan\yen\hardening_tomcat9\apache-tomcat-9.0.118
05-Jun-2026 16:06:55.405 INFO [main] org.apache.catalina.startup.VersionLoggerListener.log CATALINA_HOME:         D:\evan\yen\hardening_tomcat9\apache-tomcat-9.0.118
05-Jun-2026 16:06:55.405 INFO [main] org.apache.catalina.startup.VersionLoggerListener.log Command line argument: -Djava.util.logging.config.file=D:\evan\yen\hardening_tomcat9\apache-tomcat-9.0.118\conf\logging.properties
05-Jun-2026 16:06:55.405 INFO [main] org.apache.catalina.startup.VersionLoggerListener.log Command line argument: -Djava.util.logging.manager=org.apache.juli.ClassLoaderLogManager
05-Jun-2026 16:06:55.405 INFO [main] org.apache.catalina.startup.VersionLoggerListener.log Command line argument: -Djdk.tls.ephemeralDHKeySize=2048
05-Jun-2026 16:06:55.405 INFO [main] org.apache.catalina.startup.VersionLoggerListener.log Command line argument: -Djava.protocol.handler.pkgs=org.apache.catalina.webresources
05-Jun-2026 16:06:55.405 INFO [main] org.apache.catalina.startup.VersionLoggerListener.log Command line argument: -Dsun.io.useCanonCaches=false
05-Jun-2026 16:06:55.407 INFO [main] org.apache.catalina.startup.VersionLoggerListener.log Command line argument: -Dignore.endorsed.dirs=
05-Jun-2026 16:06:55.407 INFO [main] org.apache.catalina.startup.VersionLoggerListener.log Command line argument: -Dcatalina.base=D:\evan\yen\hardening_tomcat9\apache-tomcat-9.0.118
05-Jun-2026 16:06:55.407 INFO [main] org.apache.catalina.startup.VersionLoggerListener.log Command line argument: -Dcatalina.home=D:\evan\yen\hardening_tomcat9\apache-tomcat-9.0.118
05-Jun-2026 16:06:55.407 INFO [main] org.apache.catalina.startup.VersionLoggerListener.log Command line argument: -Djava.io.tmpdir=D:\evan\yen\hardening_tomcat9\apache-tomcat-9.0.118\temp
05-Jun-2026 16:06:55.409 INFO [main] org.apache.catalina.core.AprLifecycleListener.lifecycleEvent Loaded Apache Tomcat Native library [1.3.7] using APR version [1.7.6].
05-Jun-2026 16:06:55.409 INFO [main] org.apache.catalina.core.AprLifecycleListener.lifecycleEvent APR capabilities: IPv6 [true], sendfile [true], accept filters [false], random [true], UDS [true].
05-Jun-2026 16:06:55.409 INFO [main] org.apache.catalina.core.AprLifecycleListener.lifecycleEvent APR/OpenSSL configuration: useAprConnector [false], useOpenSSL [true]
05-Jun-2026 16:06:55.418 INFO [main] org.apache.catalina.core.AprLifecycleListener.initializeSSL OpenSSL successfully initialized [OpenSSL 3.0.19 27 Jan 2026]
05-Jun-2026 16:06:55.698 INFO [main] org.apache.coyote.AbstractProtocol.init Initializing ProtocolHandler ["http-nio-8080"]
05-Jun-2026 16:06:55.727 INFO [main] org.apache.coyote.AbstractProtocol.init Initializing ProtocolHandler ["ajp-nio-127.0.0.1-8009"]
05-Jun-2026 16:06:55.729 INFO [main] org.apache.catalina.startup.Catalina.load Server initialization in [500] milliseconds
05-Jun-2026 16:06:55.758 INFO [main] org.apache.catalina.core.StandardService.startInternal Starting service [Catalina]
05-Jun-2026 16:06:55.759 INFO [main] org.apache.catalina.core.StandardEngine.startInternal Starting Servlet engine: [Apache Tomcat/9.0.118]
05-Jun-2026 16:06:55.770 INFO [main] org.apache.catalina.startup.HostConfig.deployDirectory Deploying web application directory [D:\evan\yen\hardening_tomcat9\apache-tomcat-9.0.118\webapps\ROOT]
05-Jun-2026 16:06:55.947 INFO [main] org.apache.jasper.servlet.TldScanner.scanJars At least one JAR was scanned for TLDs yet contained no TLDs. Enable debug logging for this logger for a complete list of JARs that were scanned but no TLDs were found in them. Skipping unneeded JARs during scanning can improve startup time and JSP compilation time.
05-Jun-2026 16:06:56.145 WARNING [main] org.apache.catalina.util.SessionIdGeneratorBase.createSecureRandom Creation of SecureRandom instance for session ID generation using [SHA1PRNG] took [176] milliseconds.
05-Jun-2026 16:06:56.160 INFO [main] org.apache.catalina.startup.HostConfig.deployDirectory Deployment of web application directory [D:\evan\yen\hardening_tomcat9\apache-tomcat-9.0.118\webapps\ROOT] has finished in [390] ms
05-Jun-2026 16:06:56.170 INFO [main] org.apache.coyote.AbstractProtocol.start Starting ProtocolHandler ["http-nio-8080"]
05-Jun-2026 16:06:56.198 INFO [main] org.apache.coyote.AbstractProtocol.start Starting ProtocolHandler ["ajp-nio-127.0.0.1-8009"]
05-Jun-2026 16:06:56.202 INFO [main] org.apache.catalina.startup.Catalina.start Server startup in [473] milliseconds
05-Jun-2026 16:07:13.828 INFO [Thread-2] org.apache.coyote.AbstractProtocol.pause Pausing ProtocolHandler ["http-nio-8080"]
05-Jun-2026 16:07:14.148 INFO [Thread-2] org.apache.coyote.AbstractProtocol.pause Pausing ProtocolHandler ["ajp-nio-127.0.0.1-8009"]
05-Jun-2026 16:07:14.151 INFO [Thread-2] org.apache.catalina.core.StandardService.stopInternal Stopping service [Catalina]
05-Jun-2026 16:07:14.162 INFO [Thread-2] org.apache.coyote.AbstractProtocol.stop Stopping ProtocolHandler ["http-nio-8080"]
05-Jun-2026 16:07:14.178 INFO [Thread-2] org.apache.coyote.AbstractProtocol.stop Stopping ProtocolHandler ["ajp-nio-127.0.0.1-8009"]
05-Jun-2026 16:07:14.193 INFO [Thread-2] org.apache.coyote.AbstractProtocol.destroy Destroying ProtocolHandler ["http-nio-8080"]
05-Jun-2026 16:07:14.197 INFO [Thread-2] org.apache.coyote.AbstractProtocol.destroy Destroying ProtocolHandler ["ajp-nio-127.0.0.1-8009"]
05-Jun-2026 16:07:22.619 INFO [main] org.apache.catalina.startup.VersionLoggerListener.log Server version name:   Apache Tomcat/9.0.118
05-Jun-2026 16:07:22.627 INFO [main] org.apache.catalina.startup.VersionLoggerListener.log Server built:          May 1 2026 19:30:30 UTC
05-Jun-2026 16:07:22.628 INFO [main] org.apache.catalina.startup.VersionLoggerListener.log Server version number: 9.0.118.0
05-Jun-2026 16:07:22.628 INFO [main] org.apache.catalina.startup.VersionLoggerListener.log OS Name:               Windows 10
05-Jun-2026 16:07:22.628 INFO [main] org.apache.catalina.startup.VersionLoggerListener.log OS Version:            10.0
05-Jun-2026 16:07:22.628 INFO [main] org.apache.catalina.startup.VersionLoggerListener.log Architecture:          amd64
05-Jun-2026 16:07:22.628 INFO [main] org.apache.catalina.startup.VersionLoggerListener.log Java Home:             C:\Program Files\Java\jdk1.8.0_202\jre
05-Jun-2026 16:07:22.628 INFO [main] org.apache.catalina.startup.VersionLoggerListener.log JVM Version:           1.8.0_202-b08
05-Jun-2026 16:07:22.628 INFO [main] org.apache.catalina.startup.VersionLoggerListener.log JVM Vendor:            Oracle Corporation
05-Jun-2026 16:07:22.628 INFO [main] org.apache.catalina.startup.VersionLoggerListener.log CATALINA_BASE:         D:\evan\yen\hardening_tomcat9\apache-tomcat-9.0.118
05-Jun-2026 16:07:22.628 INFO [main] org.apache.catalina.startup.VersionLoggerListener.log CATALINA_HOME:         D:\evan\yen\hardening_tomcat9\apache-tomcat-9.0.118
05-Jun-2026 16:07:22.628 INFO [main] org.apache.catalina.startup.VersionLoggerListener.log Command line argument: -Djava.util.logging.config.file=D:\evan\yen\hardening_tomcat9\apache-tomcat-9.0.118\conf\logging.properties
05-Jun-2026 16:07:22.628 INFO [main] org.apache.catalina.startup.VersionLoggerListener.log Command line argument: -Djava.util.logging.manager=org.apache.juli.ClassLoaderLogManager
05-Jun-2026 16:07:22.628 INFO [main] org.apache.catalina.startup.VersionLoggerListener.log Command line argument: -Djdk.tls.ephemeralDHKeySize=2048
05-Jun-2026 16:07:22.628 INFO [main] org.apache.catalina.startup.VersionLoggerListener.log Command line argument: -Djava.protocol.handler.pkgs=org.apache.catalina.webresources
05-Jun-2026 16:07:22.628 INFO [main] org.apache.catalina.startup.VersionLoggerListener.log Command line argument: -Dsun.io.useCanonCaches=false
05-Jun-2026 16:07:22.628 INFO [main] org.apache.catalina.startup.VersionLoggerListener.log Command line argument: -Dignore.endorsed.dirs=
05-Jun-2026 16:07:22.628 INFO [main] org.apache.catalina.startup.VersionLoggerListener.log Command line argument: -Dcatalina.base=D:\evan\yen\hardening_tomcat9\apache-tomcat-9.0.118
05-Jun-2026 16:07:22.628 INFO [main] org.apache.catalina.startup.VersionLoggerListener.log Command line argument: -Dcatalina.home=D:\evan\yen\hardening_tomcat9\apache-tomcat-9.0.118
05-Jun-2026 16:07:22.628 INFO [main] org.apache.catalina.startup.VersionLoggerListener.log Command line argument: -Djava.io.tmpdir=D:\evan\yen\hardening_tomcat9\apache-tomcat-9.0.118\temp
05-Jun-2026 16:07:22.628 INFO [main] org.apache.catalina.core.AprLifecycleListener.lifecycleEvent Loaded Apache Tomcat Native library [1.3.7] using APR version [1.7.6].
05-Jun-2026 16:07:22.635 INFO [main] org.apache.catalina.core.AprLifecycleListener.lifecycleEvent APR capabilities: IPv6 [true], sendfile [true], accept filters [false], random [true], UDS [true].
05-Jun-2026 16:07:22.635 INFO [main] org.apache.catalina.core.AprLifecycleListener.lifecycleEvent APR/OpenSSL configuration: useAprConnector [false], useOpenSSL [true]
05-Jun-2026 16:07:22.639 INFO [main] org.apache.catalina.core.AprLifecycleListener.initializeSSL OpenSSL successfully initialized [OpenSSL 3.0.19 27 Jan 2026]
05-Jun-2026 16:07:22.909 INFO [main] org.apache.coyote.AbstractProtocol.init Initializing ProtocolHandler ["http-nio-8080"]
05-Jun-2026 16:07:22.929 INFO [main] org.apache.coyote.AbstractProtocol.init Initializing ProtocolHandler ["ajp-nio-127.0.0.1-8009"]
05-Jun-2026 16:07:22.929 INFO [main] org.apache.catalina.startup.Catalina.load Server initialization in [482] milliseconds
05-Jun-2026 16:07:22.965 INFO [main] org.apache.catalina.core.StandardService.startInternal Starting service [Catalina]
05-Jun-2026 16:07:22.965 INFO [main] org.apache.catalina.core.StandardEngine.startInternal Starting Servlet engine: [Apache Tomcat/9.0.118]
05-Jun-2026 16:07:22.978 INFO [main] org.apache.catalina.startup.HostConfig.deployDirectory Deploying web application directory [D:\evan\yen\hardening_tomcat9\apache-tomcat-9.0.118\webapps\host-manager]
05-Jun-2026 16:07:23.178 INFO [main] org.apache.jasper.servlet.TldScanner.scanJars At least one JAR was scanned for TLDs yet contained no TLDs. Enable debug logging for this logger for a complete list of JARs that were scanned but no TLDs were found in them. Skipping unneeded JARs during scanning can improve startup time and JSP compilation time.
05-Jun-2026 16:07:23.379 WARNING [main] org.apache.catalina.util.SessionIdGeneratorBase.createSecureRandom Creation of SecureRandom instance for session ID generation using [SHA1PRNG] took [177] milliseconds.
05-Jun-2026 16:07:23.400 INFO [main] org.apache.catalina.startup.HostConfig.deployDirectory Deployment of web application directory [D:\evan\yen\hardening_tomcat9\apache-tomcat-9.0.118\webapps\host-manager] has finished in [422] ms
05-Jun-2026 16:07:23.406 INFO [main] org.apache.catalina.startup.HostConfig.deployDirectory Deploying web application directory [D:\evan\yen\hardening_tomcat9\apache-tomcat-9.0.118\webapps\manager]
05-Jun-2026 16:07:23.438 INFO [main] org.apache.jasper.servlet.TldScanner.scanJars At least one JAR was scanned for TLDs yet contained no TLDs. Enable debug logging for this logger for a complete list of JARs that were scanned but no TLDs were found in them. Skipping unneeded JARs during scanning can improve startup time and JSP compilation time.
05-Jun-2026 16:07:23.448 INFO [main] org.apache.catalina.startup.HostConfig.deployDirectory Deployment of web application directory [D:\evan\yen\hardening_tomcat9\apache-tomcat-9.0.118\webapps\manager] has finished in [48] ms
05-Jun-2026 16:07:23.449 INFO [main] org.apache.catalina.startup.HostConfig.deployDirectory Deploying web application directory [D:\evan\yen\hardening_tomcat9\apache-tomcat-9.0.118\webapps\ROOT]
05-Jun-2026 16:07:23.478 INFO [main] org.apache.jasper.servlet.TldScanner.scanJars At least one JAR was scanned for TLDs yet contained no TLDs. Enable debug logging for this logger for a complete list of JARs that were scanned but no TLDs were found in them. Skipping unneeded JARs during scanning can improve startup time and JSP compilation time.
05-Jun-2026 16:07:23.489 INFO [main] org.apache.catalina.startup.HostConfig.deployDirectory Deployment of web application directory [D:\evan\yen\hardening_tomcat9\apache-tomcat-9.0.118\webapps\ROOT] has finished in [40] ms
05-Jun-2026 16:07:23.492 INFO [main] org.apache.coyote.AbstractProtocol.start Starting ProtocolHandler ["http-nio-8080"]
05-Jun-2026 16:07:23.508 INFO [main] org.apache.coyote.AbstractProtocol.start Starting ProtocolHandler ["ajp-nio-127.0.0.1-8009"]
05-Jun-2026 16:07:23.509 INFO [main] org.apache.catalina.startup.Catalina.start Server startup in [577] milliseconds
05-Jun-2026 16:07:28.638 SEVERE [ajp-nio-127.0.0.1-8009-exec-1] org.apache.jasper.compiler.JDTCompiler$1CompilationUnit.getContents Error loading source file [D:\evan\yen\hardening_tomcat9\apache-tomcat-9.0.118\work\Catalina\localhost\ROOT\org\apache\jsp\index_jsp.java]
	java.io.FileNotFoundException: D:\evan\yen\hardening_tomcat9\apache-tomcat-9.0.118\work\Catalina\localhost\ROOT\org\apache\jsp\index_jsp.java (The system cannot find the path specified)
		at java.io.FileInputStream.open0(Native Method)
		at java.io.FileInputStream.open(FileInputStream.java:195)
		at java.io.FileInputStream.<init>(FileInputStream.java:138)
		at java.io.FileInputStream.<init>(FileInputStream.java:93)
		at org.apache.jasper.compiler.JDTCompiler$1CompilationUnit.getContents(JDTCompiler.java:104)
		at org.eclipse.jdt.internal.compiler.parser.Parser.parse(Parser.java:13161)
		at org.eclipse.jdt.internal.compiler.parser.Parser.parse(Parser.java:13133)
		at org.eclipse.jdt.internal.compiler.parser.Parser.dietParse(Parser.java:11521)
		at org.eclipse.jdt.internal.compiler.Compiler.internalBeginToCompile(Compiler.java:850)
		at org.eclipse.jdt.internal.compiler.Compiler.beginToCompile(Compiler.java:394)
		at org.eclipse.jdt.internal.compiler.Compiler.compile(Compiler.java:444)
		at org.eclipse.jdt.internal.compiler.Compiler.compile(Compiler.java:426)
		at org.apache.jasper.compiler.JDTCompiler.generateClass(JDTCompiler.java:582)
		at org.apache.jasper.compiler.Compiler.compile(Compiler.java:366)
		at org.apache.jasper.compiler.Compiler.compile(Compiler.java:338)
		at org.apache.jasper.compiler.Compiler.compile(Compiler.java:324)
		at org.apache.jasper.JspCompilationContext.compile(JspCompilationContext.java:585)
		at org.apache.jasper.servlet.JspServletWrapper.service(JspServletWrapper.java:371)
		at org.apache.jasper.servlet.JspServlet.serviceJspFile(JspServlet.java:349)
		at org.apache.jasper.servlet.JspServlet.service(JspServlet.java:300)
		at javax.servlet.http.HttpServlet.service(HttpServlet.java:623)
		at org.apache.catalina.core.ApplicationFilterChain.internalDoFilter(ApplicationFilterChain.java:197)
		at org.apache.catalina.core.ApplicationFilterChain.doFilter(ApplicationFilterChain.java:142)
		at org.apache.tomcat.websocket.server.WsFilter.doFilter(WsFilter.java:51)
		at org.apache.catalina.core.ApplicationFilterChain.internalDoFilter(ApplicationFilterChain.java:166)
		at org.apache.catalina.core.ApplicationFilterChain.doFilter(ApplicationFilterChain.java:142)
		at org.apache.catalina.core.StandardWrapperValve.invoke(StandardWrapperValve.java:166)
		at org.apache.catalina.core.StandardContextValve.invoke(StandardContextValve.java:88)
		at org.apache.catalina.authenticator.AuthenticatorBase.invoke(AuthenticatorBase.java:491)
		at org.apache.catalina.core.StandardHostValve.invoke(StandardHostValve.java:127)
		at org.apache.catalina.valves.ErrorReportValve.invoke(ErrorReportValve.java:83)
		at org.apache.catalina.valves.AbstractAccessLogValve.invoke(AbstractAccessLogValve.java:764)
		at org.apache.catalina.core.StandardEngineValve.invoke(StandardEngineValve.java:72)
		at org.apache.catalina.connector.CoyoteAdapter.service(CoyoteAdapter.java:344)
		at org.apache.coyote.ajp.AjpProcessor.service(AjpProcessor.java:430)
		at org.apache.coyote.AbstractProcessorLight.process(AbstractProcessorLight.java:63)
		at org.apache.coyote.AbstractProtocol$ConnectionHandler.process(AbstractProtocol.java:1309)
		at org.apache.tomcat.util.net.NioEndpoint$SocketProcessor.doRun(NioEndpoint.java:1854)
		at org.apache.tomcat.util.net.SocketProcessorBase.run(SocketProcessorBase.java:52)
		at org.apache.tomcat.util.threads.ThreadPoolExecutor.runWorker(ThreadPoolExecutor.java:973)
		at org.apache.tomcat.util.threads.ThreadPoolExecutor$Worker.run(ThreadPoolExecutor.java:491)
		at org.apache.tomcat.util.threads.TaskThread$WrappingRunnable.run(TaskThread.java:63)
		at java.lang.Thread.run(Thread.java:748)
05-Jun-2026 16:07:28.655 SEVERE [ajp-nio-127.0.0.1-8009-exec-1] org.apache.jasper.compiler.JDTCompiler$1CompilationUnit.getContents Error loading source file [D:\evan\yen\hardening_tomcat9\apache-tomcat-9.0.118\work\Catalina\localhost\ROOT\org\apache\jsp\index_jsp.java]
	java.io.FileNotFoundException: D:\evan\yen\hardening_tomcat9\apache-tomcat-9.0.118\work\Catalina\localhost\ROOT\org\apache\jsp\index_jsp.java (The system cannot find the path specified)
		at java.io.FileInputStream.open0(Native Method)
		at java.io.FileInputStream.open(FileInputStream.java:195)
		at java.io.FileInputStream.<init>(FileInputStream.java:138)
		at java.io.FileInputStream.<init>(FileInputStream.java:93)
		at org.apache.jasper.compiler.JDTCompiler$1CompilationUnit.getContents(JDTCompiler.java:104)
		at org.eclipse.jdt.internal.compiler.parser.Parser.getMethodBodies(Parser.java:11933)
		at org.eclipse.jdt.internal.compiler.Compiler.process(Compiler.java:888)
		at org.eclipse.jdt.internal.compiler.Compiler.processCompiledUnits(Compiler.java:575)
		at org.eclipse.jdt.internal.compiler.Compiler.compile(Compiler.java:475)
		at org.eclipse.jdt.internal.compiler.Compiler.compile(Compiler.java:426)
		at org.apache.jasper.compiler.JDTCompiler.generateClass(JDTCompiler.java:582)
		at org.apache.jasper.compiler.Compiler.compile(Compiler.java:366)
		at org.apache.jasper.compiler.Compiler.compile(Compiler.java:338)
		at org.apache.jasper.compiler.Compiler.compile(Compiler.java:324)
		at org.apache.jasper.JspCompilationContext.compile(JspCompilationContext.java:585)
		at org.apache.jasper.servlet.JspServletWrapper.service(JspServletWrapper.java:371)
		at org.apache.jasper.servlet.JspServlet.serviceJspFile(JspServlet.java:349)
		at org.apache.jasper.servlet.JspServlet.service(JspServlet.java:300)
		at javax.servlet.http.HttpServlet.service(HttpServlet.java:623)
		at org.apache.catalina.core.ApplicationFilterChain.internalDoFilter(ApplicationFilterChain.java:197)
		at org.apache.catalina.core.ApplicationFilterChain.doFilter(ApplicationFilterChain.java:142)
		at org.apache.tomcat.websocket.server.WsFilter.doFilter(WsFilter.java:51)
		at org.apache.catalina.core.ApplicationFilterChain.internalDoFilter(ApplicationFilterChain.java:166)
		at org.apache.catalina.core.ApplicationFilterChain.doFilter(ApplicationFilterChain.java:142)
		at org.apache.catalina.core.StandardWrapperValve.invoke(StandardWrapperValve.java:166)
		at org.apache.catalina.core.StandardContextValve.invoke(StandardContextValve.java:88)
		at org.apache.catalina.authenticator.AuthenticatorBase.invoke(AuthenticatorBase.java:491)
		at org.apache.catalina.core.StandardHostValve.invoke(StandardHostValve.java:127)
		at org.apache.catalina.valves.ErrorReportValve.invoke(ErrorReportValve.java:83)
		at org.apache.catalina.valves.AbstractAccessLogValve.invoke(AbstractAccessLogValve.java:764)
		at org.apache.catalina.core.StandardEngineValve.invoke(StandardEngineValve.java:72)
		at org.apache.catalina.connector.CoyoteAdapter.service(CoyoteAdapter.java:344)
		at org.apache.coyote.ajp.AjpProcessor.service(AjpProcessor.java:430)
		at org.apache.coyote.AbstractProcessorLight.process(AbstractProcessorLight.java:63)
		at org.apache.coyote.AbstractProtocol$ConnectionHandler.process(AbstractProtocol.java:1309)
		at org.apache.tomcat.util.net.NioEndpoint$SocketProcessor.doRun(NioEndpoint.java:1854)
		at org.apache.tomcat.util.net.SocketProcessorBase.run(SocketProcessorBase.java:52)
		at org.apache.tomcat.util.threads.ThreadPoolExecutor.runWorker(ThreadPoolExecutor.java:973)
		at org.apache.tomcat.util.threads.ThreadPoolExecutor$Worker.run(ThreadPoolExecutor.java:491)
		at org.apache.tomcat.util.threads.TaskThread$WrappingRunnable.run(TaskThread.java:63)
		at java.lang.Thread.run(Thread.java:748)
05-Jun-2026 16:07:28.656 SEVERE [ajp-nio-127.0.0.1-8009-exec-1] org.apache.jasper.compiler.JDTCompiler$1CompilationUnit.getContents Error loading source file [D:\evan\yen\hardening_tomcat9\apache-tomcat-9.0.118\work\Catalina\localhost\ROOT\org\apache\jsp\index_jsp.java]
	java.io.FileNotFoundException: D:\evan\yen\hardening_tomcat9\apache-tomcat-9.0.118\work\Catalina\localhost\ROOT\org\apache\jsp\index_jsp.java (The system cannot find the path specified)
		at java.io.FileInputStream.open0(Native Method)
		at java.io.FileInputStream.open(FileInputStream.java:195)
		at java.io.FileInputStream.<init>(FileInputStream.java:138)
		at java.io.FileInputStream.<init>(FileInputStream.java:93)
		at org.apache.jasper.compiler.JDTCompiler$1CompilationUnit.getContents(JDTCompiler.java:104)
		at org.eclipse.jdt.internal.compiler.parser.Scanner.setSource(Scanner.java:4558)
		at org.eclipse.jdt.internal.compiler.parser.Parser.getMethodBodies(Parser.java:11934)
		at org.eclipse.jdt.internal.compiler.Compiler.process(Compiler.java:888)
		at org.eclipse.jdt.internal.compiler.Compiler.processCompiledUnits(Compiler.java:575)
		at org.eclipse.jdt.internal.compiler.Compiler.compile(Compiler.java:475)
		at org.eclipse.jdt.internal.compiler.Compiler.compile(Compiler.java:426)
		at org.apache.jasper.compiler.JDTCompiler.generateClass(JDTCompiler.java:582)
		at org.apache.jasper.compiler.Compiler.compile(Compiler.java:366)
		at org.apache.jasper.compiler.Compiler.compile(Compiler.java:338)
		at org.apache.jasper.compiler.Compiler.compile(Compiler.java:324)
		at org.apache.jasper.JspCompilationContext.compile(JspCompilationContext.java:585)
		at org.apache.jasper.servlet.JspServletWrapper.service(JspServletWrapper.java:371)
		at org.apache.jasper.servlet.JspServlet.serviceJspFile(JspServlet.java:349)
		at org.apache.jasper.servlet.JspServlet.service(JspServlet.java:300)
		at javax.servlet.http.HttpServlet.service(HttpServlet.java:623)
		at org.apache.catalina.core.ApplicationFilterChain.internalDoFilter(ApplicationFilterChain.java:197)
		at org.apache.catalina.core.ApplicationFilterChain.doFilter(ApplicationFilterChain.java:142)
		at org.apache.tomcat.websocket.server.WsFilter.doFilter(WsFilter.java:51)
		at org.apache.catalina.core.ApplicationFilterChain.internalDoFilter(ApplicationFilterChain.java:166)
		at org.apache.catalina.core.ApplicationFilterChain.doFilter(ApplicationFilterChain.java:142)
		at org.apache.catalina.core.StandardWrapperValve.invoke(StandardWrapperValve.java:166)
		at org.apache.catalina.core.StandardContextValve.invoke(StandardContextValve.java:88)
		at org.apache.catalina.authenticator.AuthenticatorBase.invoke(AuthenticatorBase.java:491)
		at org.apache.catalina.core.StandardHostValve.invoke(StandardHostValve.java:127)
		at org.apache.catalina.valves.ErrorReportValve.invoke(ErrorReportValve.java:83)
		at org.apache.catalina.valves.AbstractAccessLogValve.invoke(AbstractAccessLogValve.java:764)
		at org.apache.catalina.core.StandardEngineValve.invoke(StandardEngineValve.java:72)
		at org.apache.catalina.connector.CoyoteAdapter.service(CoyoteAdapter.java:344)
		at org.apache.coyote.ajp.AjpProcessor.service(AjpProcessor.java:430)
		at org.apache.coyote.AbstractProcessorLight.process(AbstractProcessorLight.java:63)
		at org.apache.coyote.AbstractProtocol$ConnectionHandler.process(AbstractProtocol.java:1309)
		at org.apache.tomcat.util.net.NioEndpoint$SocketProcessor.doRun(NioEndpoint.java:1854)
		at org.apache.tomcat.util.net.SocketProcessorBase.run(SocketProcessorBase.java:52)
		at org.apache.tomcat.util.threads.ThreadPoolExecutor.runWorker(ThreadPoolExecutor.java:973)
		at org.apache.tomcat.util.threads.ThreadPoolExecutor$Worker.run(ThreadPoolExecutor.java:491)
		at org.apache.tomcat.util.threads.TaskThread$WrappingRunnable.run(TaskThread.java:63)
		at java.lang.Thread.run(Thread.java:748)
05-Jun-2026 16:07:44.829 INFO [Thread-2] org.apache.coyote.AbstractProtocol.pause Pausing ProtocolHandler ["http-nio-8080"]
05-Jun-2026 16:07:45.139 INFO [Thread-2] org.apache.coyote.AbstractProtocol.pause Pausing ProtocolHandler ["ajp-nio-127.0.0.1-8009"]
05-Jun-2026 16:07:45.144 INFO [Thread-2] org.apache.catalina.core.StandardService.stopInternal Stopping service [Catalina]
05-Jun-2026 16:07:45.159 INFO [Thread-2] org.apache.coyote.AbstractProtocol.stop Stopping ProtocolHandler ["http-nio-8080"]
05-Jun-2026 16:07:45.168 INFO [Thread-2] org.apache.coyote.AbstractProtocol.stop Stopping ProtocolHandler ["ajp-nio-127.0.0.1-8009"]
05-Jun-2026 16:07:45.203 INFO [Thread-2] org.apache.coyote.AbstractProtocol.destroy Destroying ProtocolHandler ["http-nio-8080"]
05-Jun-2026 16:07:45.203 INFO [Thread-2] org.apache.coyote.AbstractProtocol.destroy Destroying ProtocolHandler ["ajp-nio-127.0.0.1-8009"]
05-Jun-2026 16:08:11.218 INFO [main] org.apache.catalina.startup.VersionLoggerListener.log Server version name:   Apache Tomcat/9.0.118
05-Jun-2026 16:08:11.223 INFO [main] org.apache.catalina.startup.VersionLoggerListener.log Server built:          May 1 2026 19:30:30 UTC
05-Jun-2026 16:08:11.223 INFO [main] org.apache.catalina.startup.VersionLoggerListener.log Server version number: 9.0.118.0
05-Jun-2026 16:08:11.223 INFO [main] org.apache.catalina.startup.VersionLoggerListener.log OS Name:               Windows 10
05-Jun-2026 16:08:11.223 INFO [main] org.apache.catalina.startup.VersionLoggerListener.log OS Version:            10.0
05-Jun-2026 16:08:11.223 INFO [main] org.apache.catalina.startup.VersionLoggerListener.log Architecture:          amd64
05-Jun-2026 16:08:11.223 INFO [main] org.apache.catalina.startup.VersionLoggerListener.log Java Home:             C:\Program Files\Java\jdk1.8.0_202\jre
05-Jun-2026 16:08:11.223 INFO [main] org.apache.catalina.startup.VersionLoggerListener.log JVM Version:           1.8.0_202-b08
05-Jun-2026 16:08:11.223 INFO [main] org.apache.catalina.startup.VersionLoggerListener.log JVM Vendor:            Oracle Corporation
05-Jun-2026 16:08:11.223 INFO [main] org.apache.catalina.startup.VersionLoggerListener.log CATALINA_BASE:         D:\evan\yen\hardening_tomcat9\apache-tomcat-9.0.118
05-Jun-2026 16:08:11.223 INFO [main] org.apache.catalina.startup.VersionLoggerListener.log CATALINA_HOME:         D:\evan\yen\hardening_tomcat9\apache-tomcat-9.0.118
05-Jun-2026 16:08:11.223 INFO [main] org.apache.catalina.startup.VersionLoggerListener.log Command line argument: -Djava.util.logging.config.file=D:\evan\yen\hardening_tomcat9\apache-tomcat-9.0.118\conf\logging.properties
05-Jun-2026 16:08:11.223 INFO [main] org.apache.catalina.startup.VersionLoggerListener.log Command line argument: -Djava.util.logging.manager=org.apache.juli.ClassLoaderLogManager
05-Jun-2026 16:08:11.223 INFO [main] org.apache.catalina.startup.VersionLoggerListener.log Command line argument: -Djdk.tls.ephemeralDHKeySize=2048
05-Jun-2026 16:08:11.223 INFO [main] org.apache.catalina.startup.VersionLoggerListener.log Command line argument: -Djava.protocol.handler.pkgs=org.apache.catalina.webresources
05-Jun-2026 16:08:11.227 INFO [main] org.apache.catalina.startup.VersionLoggerListener.log Command line argument: -Dsun.io.useCanonCaches=false
05-Jun-2026 16:08:11.227 INFO [main] org.apache.catalina.startup.VersionLoggerListener.log Command line argument: -Dignore.endorsed.dirs=
05-Jun-2026 16:08:11.227 INFO [main] org.apache.catalina.startup.VersionLoggerListener.log Command line argument: -Dcatalina.base=D:\evan\yen\hardening_tomcat9\apache-tomcat-9.0.118
05-Jun-2026 16:08:11.227 INFO [main] org.apache.catalina.startup.VersionLoggerListener.log Command line argument: -Dcatalina.home=D:\evan\yen\hardening_tomcat9\apache-tomcat-9.0.118
05-Jun-2026 16:08:11.228 INFO [main] org.apache.catalina.startup.VersionLoggerListener.log Command line argument: -Djava.io.tmpdir=D:\evan\yen\hardening_tomcat9\apache-tomcat-9.0.118\temp
05-Jun-2026 16:08:11.229 INFO [main] org.apache.catalina.core.AprLifecycleListener.lifecycleEvent Loaded Apache Tomcat Native library [1.3.7] using APR version [1.7.6].
05-Jun-2026 16:08:11.229 INFO [main] org.apache.catalina.core.AprLifecycleListener.lifecycleEvent APR capabilities: IPv6 [true], sendfile [true], accept filters [false], random [true], UDS [true].
05-Jun-2026 16:08:11.229 INFO [main] org.apache.catalina.core.AprLifecycleListener.lifecycleEvent APR/OpenSSL configuration: useAprConnector [false], useOpenSSL [true]
05-Jun-2026 16:08:11.239 INFO [main] org.apache.catalina.core.AprLifecycleListener.initializeSSL OpenSSL successfully initialized [OpenSSL 3.0.19 27 Jan 2026]
05-Jun-2026 16:08:11.518 INFO [main] org.apache.coyote.AbstractProtocol.init Initializing ProtocolHandler ["http-nio-8080"]
05-Jun-2026 16:08:11.541 INFO [main] org.apache.coyote.AbstractProtocol.init Initializing ProtocolHandler ["ajp-nio-127.0.0.1-8009"]
05-Jun-2026 16:08:11.547 INFO [main] org.apache.catalina.startup.Catalina.load Server initialization in [498] milliseconds
05-Jun-2026 16:08:11.571 INFO [main] org.apache.catalina.core.StandardService.startInternal Starting service [Catalina]
05-Jun-2026 16:08:11.571 INFO [main] org.apache.catalina.core.StandardEngine.startInternal Starting Servlet engine: [Apache Tomcat/9.0.118]
05-Jun-2026 16:08:11.588 INFO [main] org.apache.catalina.startup.HostConfig.deployDirectory Deploying web application directory [D:\evan\yen\hardening_tomcat9\apache-tomcat-9.0.118\webapps\host-manager]
05-Jun-2026 16:08:11.790 INFO [main] org.apache.jasper.servlet.TldScanner.scanJars At least one JAR was scanned for TLDs yet contained no TLDs. Enable debug logging for this logger for a complete list of JARs that were scanned but no TLDs were found in them. Skipping unneeded JARs during scanning can improve startup time and JSP compilation time.
05-Jun-2026 16:08:11.988 WARNING [main] org.apache.catalina.util.SessionIdGeneratorBase.createSecureRandom Creation of SecureRandom instance for session ID generation using [SHA1PRNG] took [166] milliseconds.
05-Jun-2026 16:08:12.008 INFO [main] org.apache.catalina.startup.HostConfig.deployDirectory Deployment of web application directory [D:\evan\yen\hardening_tomcat9\apache-tomcat-9.0.118\webapps\host-manager] has finished in [420] ms
05-Jun-2026 16:08:12.008 INFO [main] org.apache.catalina.startup.HostConfig.deployDirectory Deploying web application directory [D:\evan\yen\hardening_tomcat9\apache-tomcat-9.0.118\webapps\manager]
05-Jun-2026 16:08:12.049 INFO [main] org.apache.jasper.servlet.TldScanner.scanJars At least one JAR was scanned for TLDs yet contained no TLDs. Enable debug logging for this logger for a complete list of JARs that were scanned but no TLDs were found in them. Skipping unneeded JARs during scanning can improve startup time and JSP compilation time.
05-Jun-2026 16:08:12.058 INFO [main] org.apache.catalina.startup.HostConfig.deployDirectory Deployment of web application directory [D:\evan\yen\hardening_tomcat9\apache-tomcat-9.0.118\webapps\manager] has finished in [49] ms
05-Jun-2026 16:08:12.058 INFO [main] org.apache.catalina.startup.HostConfig.deployDirectory Deploying web application directory [D:\evan\yen\hardening_tomcat9\apache-tomcat-9.0.118\webapps\ROOT]
05-Jun-2026 16:08:12.089 INFO [main] org.apache.jasper.servlet.TldScanner.scanJars At least one JAR was scanned for TLDs yet contained no TLDs. Enable debug logging for this logger for a complete list of JARs that were scanned but no TLDs were found in them. Skipping unneeded JARs during scanning can improve startup time and JSP compilation time.
05-Jun-2026 16:08:12.098 INFO [main] org.apache.catalina.startup.HostConfig.deployDirectory Deployment of web application directory [D:\evan\yen\hardening_tomcat9\apache-tomcat-9.0.118\webapps\ROOT] has finished in [40] ms
05-Jun-2026 16:08:12.098 INFO [main] org.apache.coyote.AbstractProtocol.start Starting ProtocolHandler ["http-nio-8080"]
05-Jun-2026 16:08:12.113 INFO [main] org.apache.coyote.AbstractProtocol.start Starting ProtocolHandler ["ajp-nio-127.0.0.1-8009"]
05-Jun-2026 16:08:12.118 INFO [main] org.apache.catalina.startup.Catalina.start Server startup in [572] milliseconds
05-Jun-2026 16:08:17.196 SEVERE [ajp-nio-127.0.0.1-8009-exec-1] org.apache.jasper.compiler.JDTCompiler$1CompilationUnit.getContents Error loading source file [D:\evan\yen\hardening_tomcat9\apache-tomcat-9.0.118\work\Catalina\localhost\ROOT\org\apache\jsp\index_jsp.java]
	java.io.FileNotFoundException: D:\evan\yen\hardening_tomcat9\apache-tomcat-9.0.118\work\Catalina\localhost\ROOT\org\apache\jsp\index_jsp.java (The system cannot find the path specified)
		at java.io.FileInputStream.open0(Native Method)
		at java.io.FileInputStream.open(FileInputStream.java:195)
		at java.io.FileInputStream.<init>(FileInputStream.java:138)
		at java.io.FileInputStream.<init>(FileInputStream.java:93)
		at org.apache.jasper.compiler.JDTCompiler$1CompilationUnit.getContents(JDTCompiler.java:104)
		at org.eclipse.jdt.internal.compiler.parser.Parser.parse(Parser.java:13161)
		at org.eclipse.jdt.internal.compiler.parser.Parser.parse(Parser.java:13133)
		at org.eclipse.jdt.internal.compiler.parser.Parser.dietParse(Parser.java:11521)
		at org.eclipse.jdt.internal.compiler.Compiler.internalBeginToCompile(Compiler.java:850)
		at org.eclipse.jdt.internal.compiler.Compiler.beginToCompile(Compiler.java:394)
		at org.eclipse.jdt.internal.compiler.Compiler.compile(Compiler.java:444)
		at org.eclipse.jdt.internal.compiler.Compiler.compile(Compiler.java:426)
		at org.apache.jasper.compiler.JDTCompiler.generateClass(JDTCompiler.java:582)
		at org.apache.jasper.compiler.Compiler.compile(Compiler.java:366)
		at org.apache.jasper.compiler.Compiler.compile(Compiler.java:338)
		at org.apache.jasper.compiler.Compiler.compile(Compiler.java:324)
		at org.apache.jasper.JspCompilationContext.compile(JspCompilationContext.java:585)
		at org.apache.jasper.servlet.JspServletWrapper.service(JspServletWrapper.java:371)
		at org.apache.jasper.servlet.JspServlet.serviceJspFile(JspServlet.java:349)
		at org.apache.jasper.servlet.JspServlet.service(JspServlet.java:300)
		at javax.servlet.http.HttpServlet.service(HttpServlet.java:623)
		at org.apache.catalina.core.ApplicationFilterChain.internalDoFilter(ApplicationFilterChain.java:197)
		at org.apache.catalina.core.ApplicationFilterChain.doFilter(ApplicationFilterChain.java:142)
		at org.apache.tomcat.websocket.server.WsFilter.doFilter(WsFilter.java:51)
		at org.apache.catalina.core.ApplicationFilterChain.internalDoFilter(ApplicationFilterChain.java:166)
		at org.apache.catalina.core.ApplicationFilterChain.doFilter(ApplicationFilterChain.java:142)
		at org.apache.catalina.core.StandardWrapperValve.invoke(StandardWrapperValve.java:166)
		at org.apache.catalina.core.StandardContextValve.invoke(StandardContextValve.java:88)
		at org.apache.catalina.authenticator.AuthenticatorBase.invoke(AuthenticatorBase.java:491)
		at org.apache.catalina.core.StandardHostValve.invoke(StandardHostValve.java:127)
		at org.apache.catalina.valves.ErrorReportValve.invoke(ErrorReportValve.java:83)
		at org.apache.catalina.valves.AbstractAccessLogValve.invoke(AbstractAccessLogValve.java:764)
		at org.apache.catalina.core.StandardEngineValve.invoke(StandardEngineValve.java:72)
		at org.apache.catalina.connector.CoyoteAdapter.service(CoyoteAdapter.java:344)
		at org.apache.coyote.ajp.AjpProcessor.service(AjpProcessor.java:430)
		at org.apache.coyote.AbstractProcessorLight.process(AbstractProcessorLight.java:63)
		at org.apache.coyote.AbstractProtocol$ConnectionHandler.process(AbstractProtocol.java:1309)
		at org.apache.tomcat.util.net.NioEndpoint$SocketProcessor.doRun(NioEndpoint.java:1854)
		at org.apache.tomcat.util.net.SocketProcessorBase.run(SocketProcessorBase.java:52)
		at org.apache.tomcat.util.threads.ThreadPoolExecutor.runWorker(ThreadPoolExecutor.java:973)
		at org.apache.tomcat.util.threads.ThreadPoolExecutor$Worker.run(ThreadPoolExecutor.java:491)
		at org.apache.tomcat.util.threads.TaskThread$WrappingRunnable.run(TaskThread.java:63)
		at java.lang.Thread.run(Thread.java:748)
05-Jun-2026 16:08:17.213 SEVERE [ajp-nio-127.0.0.1-8009-exec-1] org.apache.jasper.compiler.JDTCompiler$1CompilationUnit.getContents Error loading source file [D:\evan\yen\hardening_tomcat9\apache-tomcat-9.0.118\work\Catalina\localhost\ROOT\org\apache\jsp\index_jsp.java]
	java.io.FileNotFoundException: D:\evan\yen\hardening_tomcat9\apache-tomcat-9.0.118\work\Catalina\localhost\ROOT\org\apache\jsp\index_jsp.java (The system cannot find the path specified)
		at java.io.FileInputStream.open0(Native Method)
		at java.io.FileInputStream.open(FileInputStream.java:195)
		at java.io.FileInputStream.<init>(FileInputStream.java:138)
		at java.io.FileInputStream.<init>(FileInputStream.java:93)
		at org.apache.jasper.compiler.JDTCompiler$1CompilationUnit.getContents(JDTCompiler.java:104)
		at org.eclipse.jdt.internal.compiler.parser.Parser.getMethodBodies(Parser.java:11933)
		at org.eclipse.jdt.internal.compiler.Compiler.process(Compiler.java:888)
		at org.eclipse.jdt.internal.compiler.Compiler.processCompiledUnits(Compiler.java:575)
		at org.eclipse.jdt.internal.compiler.Compiler.compile(Compiler.java:475)
		at org.eclipse.jdt.internal.compiler.Compiler.compile(Compiler.java:426)
		at org.apache.jasper.compiler.JDTCompiler.generateClass(JDTCompiler.java:582)
		at org.apache.jasper.compiler.Compiler.compile(Compiler.java:366)
		at org.apache.jasper.compiler.Compiler.compile(Compiler.java:338)
		at org.apache.jasper.compiler.Compiler.compile(Compiler.java:324)
		at org.apache.jasper.JspCompilationContext.compile(JspCompilationContext.java:585)
		at org.apache.jasper.servlet.JspServletWrapper.service(JspServletWrapper.java:371)
		at org.apache.jasper.servlet.JspServlet.serviceJspFile(JspServlet.java:349)
		at org.apache.jasper.servlet.JspServlet.service(JspServlet.java:300)
		at javax.servlet.http.HttpServlet.service(HttpServlet.java:623)
		at org.apache.catalina.core.ApplicationFilterChain.internalDoFilter(ApplicationFilterChain.java:197)
		at org.apache.catalina.core.ApplicationFilterChain.doFilter(ApplicationFilterChain.java:142)
		at org.apache.tomcat.websocket.server.WsFilter.doFilter(WsFilter.java:51)
		at org.apache.catalina.core.ApplicationFilterChain.internalDoFilter(ApplicationFilterChain.java:166)
		at org.apache.catalina.core.ApplicationFilterChain.doFilter(ApplicationFilterChain.java:142)
		at org.apache.catalina.core.StandardWrapperValve.invoke(StandardWrapperValve.java:166)
		at org.apache.catalina.core.StandardContextValve.invoke(StandardContextValve.java:88)
		at org.apache.catalina.authenticator.AuthenticatorBase.invoke(AuthenticatorBase.java:491)
		at org.apache.catalina.core.StandardHostValve.invoke(StandardHostValve.java:127)
		at org.apache.catalina.valves.ErrorReportValve.invoke(ErrorReportValve.java:83)
		at org.apache.catalina.valves.AbstractAccessLogValve.invoke(AbstractAccessLogValve.java:764)
		at org.apache.catalina.core.StandardEngineValve.invoke(StandardEngineValve.java:72)
		at org.apache.catalina.connector.CoyoteAdapter.service(CoyoteAdapter.java:344)
		at org.apache.coyote.ajp.AjpProcessor.service(AjpProcessor.java:430)
		at org.apache.coyote.AbstractProcessorLight.process(AbstractProcessorLight.java:63)
		at org.apache.coyote.AbstractProtocol$ConnectionHandler.process(AbstractProtocol.java:1309)
		at org.apache.tomcat.util.net.NioEndpoint$SocketProcessor.doRun(NioEndpoint.java:1854)
		at org.apache.tomcat.util.net.SocketProcessorBase.run(SocketProcessorBase.java:52)
		at org.apache.tomcat.util.threads.ThreadPoolExecutor.runWorker(ThreadPoolExecutor.java:973)
		at org.apache.tomcat.util.threads.ThreadPoolExecutor$Worker.run(ThreadPoolExecutor.java:491)
		at org.apache.tomcat.util.threads.TaskThread$WrappingRunnable.run(TaskThread.java:63)
		at java.lang.Thread.run(Thread.java:748)
05-Jun-2026 16:08:17.215 SEVERE [ajp-nio-127.0.0.1-8009-exec-1] org.apache.jasper.compiler.JDTCompiler$1CompilationUnit.getContents Error loading source file [D:\evan\yen\hardening_tomcat9\apache-tomcat-9.0.118\work\Catalina\localhost\ROOT\org\apache\jsp\index_jsp.java]
	java.io.FileNotFoundException: D:\evan\yen\hardening_tomcat9\apache-tomcat-9.0.118\work\Catalina\localhost\ROOT\org\apache\jsp\index_jsp.java (The system cannot find the path specified)
		at java.io.FileInputStream.open0(Native Method)
		at java.io.FileInputStream.open(FileInputStream.java:195)
		at java.io.FileInputStream.<init>(FileInputStream.java:138)
		at java.io.FileInputStream.<init>(FileInputStream.java:93)
		at org.apache.jasper.compiler.JDTCompiler$1CompilationUnit.getContents(JDTCompiler.java:104)
		at org.eclipse.jdt.internal.compiler.parser.Scanner.setSource(Scanner.java:4558)
		at org.eclipse.jdt.internal.compiler.parser.Parser.getMethodBodies(Parser.java:11934)
		at org.eclipse.jdt.internal.compiler.Compiler.process(Compiler.java:888)
		at org.eclipse.jdt.internal.compiler.Compiler.processCompiledUnits(Compiler.java:575)
		at org.eclipse.jdt.internal.compiler.Compiler.compile(Compiler.java:475)
		at org.eclipse.jdt.internal.compiler.Compiler.compile(Compiler.java:426)
		at org.apache.jasper.compiler.JDTCompiler.generateClass(JDTCompiler.java:582)
		at org.apache.jasper.compiler.Compiler.compile(Compiler.java:366)
		at org.apache.jasper.compiler.Compiler.compile(Compiler.java:338)
		at org.apache.jasper.compiler.Compiler.compile(Compiler.java:324)
		at org.apache.jasper.JspCompilationContext.compile(JspCompilationContext.java:585)
		at org.apache.jasper.servlet.JspServletWrapper.service(JspServletWrapper.java:371)
		at org.apache.jasper.servlet.JspServlet.serviceJspFile(JspServlet.java:349)
		at org.apache.jasper.servlet.JspServlet.service(JspServlet.java:300)
		at javax.servlet.http.HttpServlet.service(HttpServlet.java:623)
		at org.apache.catalina.core.ApplicationFilterChain.internalDoFilter(ApplicationFilterChain.java:197)
		at org.apache.catalina.core.ApplicationFilterChain.doFilter(ApplicationFilterChain.java:142)
		at org.apache.tomcat.websocket.server.WsFilter.doFilter(WsFilter.java:51)
		at org.apache.catalina.core.ApplicationFilterChain.internalDoFilter(ApplicationFilterChain.java:166)
		at org.apache.catalina.core.ApplicationFilterChain.doFilter(ApplicationFilterChain.java:142)
		at org.apache.catalina.core.StandardWrapperValve.invoke(StandardWrapperValve.java:166)
		at org.apache.catalina.core.StandardContextValve.invoke(StandardContextValve.java:88)
		at org.apache.catalina.authenticator.AuthenticatorBase.invoke(AuthenticatorBase.java:491)
		at org.apache.catalina.core.StandardHostValve.invoke(StandardHostValve.java:127)
		at org.apache.catalina.valves.ErrorReportValve.invoke(ErrorReportValve.java:83)
		at org.apache.catalina.valves.AbstractAccessLogValve.invoke(AbstractAccessLogValve.java:764)
		at org.apache.catalina.core.StandardEngineValve.invoke(StandardEngineValve.java:72)
		at org.apache.catalina.connector.CoyoteAdapter.service(CoyoteAdapter.java:344)
		at org.apache.coyote.ajp.AjpProcessor.service(AjpProcessor.java:430)
		at org.apache.coyote.AbstractProcessorLight.process(AbstractProcessorLight.java:63)
		at org.apache.coyote.AbstractProtocol$ConnectionHandler.process(AbstractProtocol.java:1309)
		at org.apache.tomcat.util.net.NioEndpoint$SocketProcessor.doRun(NioEndpoint.java:1854)
		at org.apache.tomcat.util.net.SocketProcessorBase.run(SocketProcessorBase.java:52)
		at org.apache.tomcat.util.threads.ThreadPoolExecutor.runWorker(ThreadPoolExecutor.java:973)
		at org.apache.tomcat.util.threads.ThreadPoolExecutor$Worker.run(ThreadPoolExecutor.java:491)
		at org.apache.tomcat.util.threads.TaskThread$WrappingRunnable.run(TaskThread.java:63)
		at java.lang.Thread.run(Thread.java:748)
05-Jun-2026 16:24:47.368 SEVERE [ajp-nio-127.0.0.1-8009-exec-7] org.apache.coyote.ajp.AjpMessage.processHeader Invalid message received with signature [18245]
05-Jun-2026 16:24:47.370 SEVERE [ajp-nio-127.0.0.1-8009-exec-6] org.apache.coyote.ajp.AjpMessage.processHeader Invalid message received with signature [5635]
05-Jun-2026 16:24:47.370 SEVERE [ajp-nio-127.0.0.1-8009-exec-8] org.apache.coyote.ajp.AjpMessage.processHeader Invalid message received with signature [32926]
05-Jun-2026 16:24:47.370 SEVERE [ajp-nio-127.0.0.1-8009-exec-9] org.apache.coyote.ajp.AjpMessage.processHeader Invalid message received with signature [18245]
05-Jun-2026 16:32:05.993 INFO [Thread-2] org.apache.coyote.AbstractProtocol.pause Pausing ProtocolHandler ["http-nio-8080"]
05-Jun-2026 16:32:06.305 INFO [Thread-2] org.apache.coyote.AbstractProtocol.pause Pausing ProtocolHandler ["ajp-nio-127.0.0.1-8009"]
05-Jun-2026 16:32:06.311 INFO [Thread-2] org.apache.catalina.core.StandardService.stopInternal Stopping service [Catalina]
05-Jun-2026 16:32:06.326 INFO [Thread-2] org.apache.coyote.AbstractProtocol.stop Stopping ProtocolHandler ["http-nio-8080"]
05-Jun-2026 16:32:06.334 INFO [Thread-2] org.apache.coyote.AbstractProtocol.stop Stopping ProtocolHandler ["ajp-nio-127.0.0.1-8009"]
05-Jun-2026 16:32:06.353 INFO [Thread-2] org.apache.coyote.AbstractProtocol.destroy Destroying ProtocolHandler ["http-nio-8080"]
05-Jun-2026 16:32:06.353 INFO [Thread-2] org.apache.coyote.AbstractProtocol.destroy Destroying ProtocolHandler ["ajp-nio-127.0.0.1-8009"]
